frame_idx,timestamp_sec,torchere,class_name,confidence,qualite,x1,y1,x2,y2,dark_ratio,flame_ratio,smoke_ratio,mean_intensity,classif_source
1,0.033,Torchere A,Light-Flare,0.8871,inactive,161,144,228,222,0.36,0.115,0.408,0.469,hsv
1,0.033,Torchere B,Light-Flare,0.7785,inactive,340,285,418,352,0.532,0.108,0.376,0.456,hsv
1,0.033,Torchere C,Dark-Flare,0.6739,inactive,543,272,624,340,0.509,0.13,0.209,0.447,hsv
2,0.067,Torchere A,Light-Flare,0.8881,inactive,161,154,227,222,0.271,0.13,0.341,0.526,hsv
2,0.067,Torchere B,Light-Flare,0.7604,inactive,339,286,418,352,0.515,0.116,0.375,0.466,hsv
2,0.067,Torchere C,Medium-Flare,0.4480,inactive,543,269,623,340,0.526,0.106,0.2,0.434,hsv
3,0.100,Torchere A,Light-Flare,0.8931,inactive,158,155,228,223,0.279,0.131,0.342,0.521,hsv
3,0.100,Torchere B,Light-Flare,0.8323,inactive,336,283,418,353,0.547,0.115,0.409,0.448,hsv
3,0.100,Torchere C,Light-Flare,0.7304,inactive,538,268,623,341,0.573,0.081,0.193,0.409,hsv
3,0.100,Torchere C,Medium-Flare,0.5238,inactive,538,268,623,341,0.573,0.081,0.193,0.409,hsv
4,0.133,Torchere A,Light-Flare,0.8985,inactive,154,151,228,223,0.341,0.144,0.393,0.495,hsv
4,0.133,Torchere B,Light-Flare,0.8732,inactive,333,282,418,352,0.548,0.133,0.392,0.445,hsv
4,0.133,Torchere C,Light-Flare,0.7420,inactive,537,272,624,341,0.558,0.076,0.207,0.416,hsv
4,0.133,Torchere C,Medium-Flare,0.4100,inactive,538,272,623,341,0.55,0.078,0.204,0.421,hsv
5,0.167,Torchere A,Light-Flare,0.8995,bonne,150,147,228,223,0.393,0.143,0.419,0.468,hsv
5,0.167,Torchere B,Light-Flare,0.8692,moyenne,333,280,417,352,0.539,0.137,0.399,0.442,hsv
5,0.167,Torchere C,Light-Flare,0.8258,moyenne,551,279,624,340,0.48,0.096,0.227,0.493,hsv
6,0.200,Torchere A,Light-Flare,0.8895,bonne,148,148,228,223,0.371,0.151,0.391,0.461,hsv
6,0.200,Torchere B,Light-Flare,0.8159,moyenne,333,280,416,353,0.542,0.137,0.366,0.438,hsv
6,0.200,Torchere C,Light-Flare,0.8129,moyenne,546,278,623,340,0.492,0.079,0.171,0.477,hsv
7,0.234,Torchere A,Light-Flare,0.8902,bonne,146,149,228,223,0.377,0.137,0.385,0.45,hsv
7,0.234,Torchere B,Light-Flare,0.8028,moyenne,330,278,416,352,0.565,0.121,0.398,0.422,hsv
7,0.234,Torchere C,Light-Flare,0.7980,moyenne,552,278,623,339,0.451,0.105,0.178,0.511,hsv
8,0.267,Torchere A,Light-Flare,0.8834,moyenne,142,147,228,223,0.405,0.131,0.41,0.429,hsv
8,0.267,Torchere B,Light-Flare,0.7043,mauvaise,331,279,416,352,0.563,0.134,0.377,0.421,hsv
8,0.267,Torchere B,Medium-Flare,0.4001,mauvaise,333,280,416,352,0.552,0.137,0.376,0.429,hsv
8,0.267,Torchere C,Light-Flare,0.8402,moyenne,557,277,623,341,0.425,0.143,0.18,0.532,hsv
9,0.300,Torchere A,Light-Flare,0.8858,moyenne,142,145,229,223,0.476,0.117,0.455,0.414,hsv
9,0.300,Torchere B,Medium-Flare,0.7790,mauvaise,332,278,417,351,0.6,0.118,0.413,0.415,hsv
9,0.300,Torchere C,Light-Flare,0.7205,moyenne,555,276,624,341,0.452,0.154,0.197,0.522,hsv
10,0.334,Torchere A,Light-Flare,0.8858,bonne,151,153,229,222,0.369,0.144,0.4,0.473,hsv
10,0.334,Torchere B,Medium-Flare,0.7380,mauvaise,340,284,417,352,0.533,0.15,0.404,0.458,hsv
10,0.334,Torchere C,Light-Flare,0.8447,moyenne,553,273,623,340,0.459,0.169,0.183,0.514,hsv
11,0.367,Torchere A,Light-Flare,0.8862,bonne,150,153,228,222,0.354,0.128,0.393,0.471,hsv
11,0.367,Torchere B,Medium-Flare,0.6564,mauvaise,338,283,417,352,0.516,0.163,0.334,0.453,hsv
11,0.367,Torchere C,Light-Flare,0.8624,moyenne,551,272,623,341,0.472,0.166,0.158,0.501,hsv
12,0.400,Torchere A,Light-Flare,0.8926,bonne,149,156,228,222,0.377,0.118,0.391,0.48,hsv
12,0.400,Torchere B,Medium-Flare,0.5852,mauvaise,335,278,416,352,0.56,0.157,0.396,0.426,hsv
12,0.400,Torchere C,Light-Flare,0.8312,moyenne,548,271,623,341,0.498,0.164,0.184,0.49,hsv
13,0.434,Torchere A,Light-Flare,0.8782,bonne,144,155,226,222,0.396,0.12,0.395,0.469,hsv
13,0.434,Torchere B,Light-Flare,0.6091,mauvaise,336,283,415,353,0.51,0.184,0.305,0.439,hsv
13,0.434,Torchere B,Medium-Flare,0.5811,mauvaise,336,282,415,352,0.51,0.184,0.305,0.44,hsv
13,0.434,Torchere C,Light-Flare,0.8780,moyenne,546,271,623,341,0.487,0.162,0.181,0.486,hsv
14,0.467,Torchere A,Light-Flare,0.8756,moyenne,142,153,227,223,0.422,0.125,0.415,0.454,hsv
14,0.467,Torchere B,Medium-Flare,0.7503,mauvaise,336,281,416,353,0.551,0.166,0.331,0.418,hsv
14,0.467,Torchere C,Light-Flare,0.8586,moyenne,546,271,622,342,0.484,0.154,0.238,0.488,hsv
15,0.501,Torchere A,Light-Flare,0.8650,moyenne,140,150,227,223,0.433,0.137,0.421,0.441,hsv
15,0.501,Torchere B,Light-Flare,0.7828,moyenne,335,281,416,355,0.566,0.139,0.32,0.398,hsv
15,0.501,Torchere C,Light-Flare,0.8613,moyenne,545,271,622,341,0.468,0.147,0.192,0.492,hsv
16,0.534,Torchere A,Light-Flare,0.8719,moyenne,143,148,227,222,0.424,0.125,0.425,0.449,hsv
16,0.534,Torchere B,Light-Flare,0.7809,moyenne,335,283,415,354,0.575,0.121,0.373,0.399,hsv
16,0.534,Torchere C,Light-Flare,0.8563,moyenne,544,271,622,341,0.493,0.143,0.193,0.491,hsv
17,0.567,Torchere A,Light-Flare,0.8541,bonne,166,147,227,223,0.307,0.126,0.343,0.528,hsv
17,0.567,Torchere B,Light-Flare,0.8542,moyenne,337,285,415,354,0.542,0.132,0.332,0.413,hsv
17,0.567,Torchere C,Light-Flare,0.7206,moyenne,541,269,623,341,0.504,0.166,0.154,0.475,hsv
18,0.601,Torchere A,Light-Flare,0.8697,bonne,160,145,227,223,0.367,0.123,0.396,0.499,hsv
18,0.601,Torchere B,Light-Flare,0.8205,moyenne,359,285,415,354,0.443,0.15,0.294,0.498,hsv
18,0.601,Torchere C,Medium-Flare,0.6700,mauvaise,540,264,623,340,0.532,0.193,0.163,0.459,hsv
19,0.634,Torchere A,Light-Flare,0.8839,bonne,159,142,227,223,0.392,0.118,0.418,0.486,hsv
19,0.634,Torchere B,Light-Flare,0.8488,moyenne,356,284,416,353,0.479,0.149,0.302,0.493,hsv
19,0.634,Torchere C,Medium-Flare,0.4954,mauvaise,535,263,624,339,0.547,0.205,0.13,0.437,hsv
20,0.667,Torchere A,Light-Flare,0.8943,moyenne,156,142,227,223,0.401,0.102,0.403,0.475,hsv
20,0.667,Torchere B,Light-Flare,0.8656,moyenne,353,283,417,352,0.492,0.153,0.315,0.488,hsv
20,0.667,Torchere C,Medium-Flare,0.6065,mauvaise,537,261,623,339,0.554,0.186,0.17,0.428,hsv
20,0.667,Torchere C,Light-Flare,0.5829,mauvaise,539,262,623,340,0.542,0.19,0.173,0.434,hsv
21,0.701,Torchere A,Light-Flare,0.8845,bonne,155,144,227,222,0.362,0.107,0.385,0.485,hsv
21,0.701,Torchere B,Light-Flare,0.8778,moyenne,350,282,418,353,0.511,0.163,0.324,0.476,hsv
21,0.701,Torchere C,Light-Flare,0.7602,mauvaise,539,261,623,340,0.545,0.17,0.126,0.415,hsv
21,0.701,Torchere C,Medium-Flare,0.5058,mauvaise,537,260,623,340,0.56,0.164,0.125,0.407,hsv
22,0.734,Torchere A,Light-Flare,0.8908,bonne,159,144,226,223,0.333,0.123,0.345,0.508,hsv
22,0.734,Torchere B,Light-Flare,0.8141,moyenne,348,282,419,352,0.498,0.164,0.316,0.479,hsv
22,0.734,Torchere C,Light-Flare,0.4598,moyenne,546,257,623,341,0.551,0.135,0.136,0.405,hsv
23,0.767,Torchere A,Light-Flare,0.8956,bonne,161,142,226,223,0.316,0.139,0.339,0.51,hsv
23,0.767,Torchere B,Light-Flare,0.8738,moyenne,344,282,419,353,0.49,0.168,0.269,0.464,hsv
24,0.801,Torchere A,Light-Flare,0.8864,bonne,162,141,227,223,0.361,0.151,0.38,0.504,hsv
24,0.801,Torchere B,Light-Flare,0.8076,moyenne,342,280,418,352,0.507,0.163,0.326,0.458,hsv
25,0.834,Torchere A,Light-Flare,0.9006,bonne,164,139,226,224,0.353,0.167,0.372,0.503,hsv
25,0.834,Torchere B,Light-Flare,0.7696,moyenne,337,276,418,353,0.552,0.177,0.293,0.428,hsv
25,0.834,Torchere C,Light-Flare,0.7435,moyenne,539,254,624,340,0.652,0.07,0.185,0.364,hsv
26,0.868,Torchere A,Light-Flare,0.9051,moyenne,160,139,227,223,0.408,0.154,0.429,0.477,hsv
26,0.868,Torchere B,Light-Flare,0.7553,moyenne,332,272,419,353,0.606,0.158,0.313,0.396,hsv
26,0.868,Torchere C,Light-Flare,0.7232,moyenne,556,282,623,340,0.443,0.081,0.193,0.505,hsv
27,0.901,Torchere A,Light-Flare,0.9026,bonne,161,137,226,221,0.38,0.167,0.406,0.475,hsv
27,0.901,Torchere B,Light-Flare,0.8055,moyenne,332,270,418,352,0.609,0.153,0.283,0.382,hsv
27,0.901,Torchere C,Medium-Flare,0.6451,mauvaise,535,247,627,340,0.684,0.049,0.154,0.348,hsv
28,0.934,Torchere A,Light-Flare,0.8977,moyenne,159,135,227,221,0.432,0.123,0.441,0.444,hsv
28,0.934,Torchere C,Light-Flare,0.4163,moyenne,544,270,625,340,0.588,0.06,0.237,0.428,hsv
29,0.968,Torchere A,Light-Flare,0.8869,moyenne,158,139,227,222,0.413,0.11,0.424,0.441,hsv
29,0.968,Torchere B,Medium-Flare,0.5511,mauvaise,336,268,417,351,0.622,0.073,0.283,0.355,hsv
29,0.968,Torchere C,Light-Flare,0.7377,moyenne,533,253,625,341,0.678,0.048,0.173,0.366,hsv
30,1.001,Torchere A,Light-Flare,0.8916,moyenne,158,142,227,223,0.423,0.106,0.434,0.44,hsv
30,1.001,Torchere B,Light-Flare,0.7842,moyenne,362,288,415,353,0.453,0.111,0.253,0.48,hsv
30,1.001,Torchere C,Light-Flare,0.7607,moyenne,545,265,624,341,0.58,0.068,0.227,0.43,hsv
31,1.034,Torchere A,Light-Flare,0.8960,bonne,162,142,226,223,0.372,0.099,0.402,0.454,hsv
31,1.034,Torchere B,Light-Flare,0.8225,moyenne,358,292,415,354,0.497,0.107,0.299,0.471,hsv
31,1.034,Torchere C,Light-Flare,0.8542,moyenne,552,272,623,341,0.482,0.112,0.219,0.491,hsv
32,1.068,Torchere A,Light-Flare,0.8930,moyenne,160,144,226,223,0.433,0.081,0.459,0.446,hsv
32,1.068,Torchere B,Light-Flare,0.8385,moyenne,358,294,416,353,0.473,0.131,0.285,0.488,hsv
32,1.068,Torchere C,Light-Flare,0.8755,moyenne,554,270,623,341,0.482,0.13,0.22,0.496,hsv
33,1.101,Torchere A,Light-Flare,0.8958,bonne,161,156,226,223,0.332,0.107,0.363,0.506,hsv
33,1.101,Torchere B,Light-Flare,0.8521,moyenne,355,293,415,354,0.481,0.128,0.256,0.478,hsv
33,1.101,Torchere C,Light-Flare,0.8863,moyenne,552,270,622,340,0.454,0.157,0.186,0.501,hsv
34,1.134,Torchere A,Light-Flare,0.8993,bonne,159,154,226,223,0.358,0.13,0.376,0.497,hsv
34,1.134,Torchere B,Light-Flare,0.8686,moyenne,354,292,415,354,0.482,0.134,0.248,0.483,hsv
34,1.134,Torchere C,Light-Flare,0.8671,moyenne,551,268,623,341,0.499,0.165,0.23,0.48,hsv
35,1.168,Torchere A,Light-Flare,0.8962,bonne,156,155,226,223,0.362,0.133,0.389,0.492,hsv
35,1.168,Torchere B,Light-Flare,0.8647,moyenne,353,290,414,353,0.466,0.148,0.213,0.489,hsv
35,1.168,Torchere C,Light-Flare,0.7994,moyenne,550,267,623,341,0.489,0.17,0.172,0.468,hsv
36,1.201,Torchere A,Light-Flare,0.8947,bonne,155,154,226,222,0.4,0.119,0.41,0.487,hsv
36,1.201,Torchere B,Light-Flare,0.8637,moyenne,350,289,415,353,0.493,0.148,0.274,0.468,hsv
36,1.201,Torchere C,Light-Flare,0.7733,moyenne,547,266,622,341,0.528,0.169,0.212,0.451,hsv
37,1.235,Torchere A,Light-Flare,0.9031,bonne,155,155,225,222,0.359,0.135,0.385,0.501,hsv
37,1.235,Torchere B,Light-Flare,0.8724,moyenne,348,286,415,353,0.512,0.123,0.241,0.446,hsv
37,1.235,Torchere C,Medium-Flare,0.6205,mauvaise,543,266,623,340,0.525,0.18,0.155,0.437,hsv
38,1.268,Torchere A,Light-Flare,0.8947,bonne,161,154,225,222,0.303,0.135,0.33,0.525,hsv
38,1.268,Torchere B,Light-Flare,0.8800,moyenne,347,285,415,352,0.54,0.115,0.282,0.446,hsv
38,1.268,Torchere C,Light-Flare,0.8290,moyenne,540,264,623,340,0.573,0.167,0.151,0.411,hsv
39,1.301,Torchere A,Light-Flare,0.8929,bonne,159,153,226,222,0.318,0.131,0.351,0.511,hsv
39,1.301,Torchere B,Light-Flare,0.8445,moyenne,344,283,414,353,0.543,0.119,0.277,0.441,hsv
39,1.301,Torchere C,Light-Flare,0.7648,mauvaise,538,264,622,341,0.562,0.134,0.123,0.389,hsv
39,1.301,Torchere C,Medium-Flare,0.6232,mauvaise,538,264,623,341,0.564,0.133,0.124,0.387,hsv
40,1.335,Torchere A,Light-Flare,0.8977,bonne,157,153,226,222,0.33,0.132,0.357,0.508,hsv
40,1.335,Torchere B,Light-Flare,0.8821,moyenne,343,281,414,352,0.545,0.126,0.327,0.445,hsv
40,1.335,Torchere C,Light-Flare,0.7324,mauvaise,541,262,622,340,0.583,0.093,0.148,0.382,hsv
40,1.335,Torchere C,Medium-Flare,0.6877,mauvaise,540,261,622,339,0.589,0.092,0.144,0.38,hsv
41,1.368,Torchere A,Light-Flare,0.8962,bonne,154,151,226,223,0.365,0.12,0.377,0.487,hsv
41,1.368,Torchere B,Light-Flare,0.8608,moyenne,341,279,414,354,0.549,0.137,0.274,0.431,hsv
41,1.368,Torchere C,Light-Flare,0.9002,moyenne,551,263,621,341,0.544,0.091,0.148,0.404,hsv
42,1.401,Torchere A,Light-Flare,0.8920,bonne,158,152,227,223,0.337,0.138,0.36,0.509,hsv
42,1.401,Torchere B,Light-Flare,0.8089,moyenne,340,280,416,352,0.558,0.137,0.305,0.438,hsv
42,1.401,Torchere C,Light-Flare,0.8173,moyenne,548,264,622,340,0.589,0.045,0.201,0.387,hsv
43,1.435,Torchere A,Light-Flare,0.8831,bonne,156,150,228,223,0.367,0.141,0.392,0.489,hsv
43,1.435,Torchere B,Light-Flare,0.7427,moyenne,339,275,416,352,0.563,0.149,0.282,0.426,hsv
43,1.435,Torchere C,Light-Flare,0.6044,moyenne,546,264,622,341,0.609,0.031,0.179,0.376,hsv
44,1.468,Torchere A,Light-Flare,0.8764,bonne,154,151,227,224,0.367,0.146,0.398,0.485,hsv
44,1.468,Torchere B,Light-Flare,0.8508,moyenne,336,273,415,352,0.572,0.14,0.273,0.417,hsv
44,1.468,Torchere C,Light-Flare,0.8164,moyenne,549,268,622,341,0.603,0.037,0.216,0.398,hsv
45,1.502,Torchere A,Light-Flare,0.8851,bonne,153,150,229,223,0.355,0.12,0.385,0.47,hsv
45,1.502,Torchere B,Light-Flare,0.8236,moyenne,333,272,415,352,0.577,0.133,0.239,0.403,hsv
45,1.502,Torchere C,Light-Flare,0.8292,moyenne,553,284,622,341,0.483,0.044,0.2,0.483,hsv
46,1.535,Torchere A,Light-Flare,0.8788,bonne,153,150,228,223,0.372,0.122,0.395,0.472,hsv
46,1.535,Torchere B,Light-Flare,0.8112,moyenne,333,277,416,352,0.573,0.128,0.29,0.41,hsv
46,1.535,Torchere C,Light-Flare,0.8632,moyenne,562,285,622,341,0.42,0.067,0.264,0.544,hsv
47,1.568,Torchere A,Light-Flare,0.8918,bonne,152,149,228,223,0.368,0.125,0.391,0.466,hsv
47,1.568,Torchere B,Light-Flare,0.7794,moyenne,333,277,416,352,0.554,0.124,0.283,0.409,hsv
47,1.568,Torchere C,Light-Flare,0.8702,bonne,560,284,622,339,0.386,0.084,0.189,0.557,hsv
48,1.602,Torchere A,Light-Flare,0.8932,moyenne,151,149,227,223,0.404,0.129,0.423,0.465,hsv
48,1.602,Torchere B,Light-Flare,0.7551,moyenne,334,277,416,352,0.571,0.113,0.281,0.408,hsv
48,1.602,Torchere C,Light-Flare,0.8480,moyenne,559,283,623,339,0.42,0.102,0.207,0.553,hsv
49,1.635,Torchere A,Light-Flare,0.8942,bonne,150,149,227,224,0.395,0.127,0.408,0.457,hsv
49,1.635,Torchere B,Light-Flare,0.8433,moyenne,336,275,416,353,0.576,0.117,0.242,0.408,hsv
49,1.635,Torchere C,Light-Flare,0.8891,moyenne,558,283,623,342,0.423,0.106,0.149,0.544,hsv
50,1.668,Torchere A,Light-Flare,0.8994,moyenne,152,148,226,225,0.424,0.126,0.436,0.458,hsv
50,1.668,Torchere B,Light-Flare,0.7431,moyenne,337,274,416,353,0.578,0.129,0.243,0.409,hsv
50,1.668,Torchere C,Light-Flare,0.8836,moyenne,556,283,623,342,0.423,0.143,0.172,0.546,hsv
51,1.702,Torchere A,Light-Flare,0.8987,moyenne,149,150,228,223,0.414,0.124,0.427,0.455,hsv
51,1.702,Torchere B,Light-Flare,0.7664,moyenne,336,271,417,353,0.59,0.121,0.192,0.397,hsv
51,1.702,Torchere C,Light-Flare,0.8956,moyenne,554,279,623,342,0.416,0.166,0.123,0.525,hsv
52,1.735,Torchere A,Light-Flare,0.8934,moyenne,147,149,228,222,0.445,0.134,0.452,0.445,hsv
52,1.735,Torchere B,Light-Flare,0.8058,moyenne,348,273,416,352,0.525,0.153,0.226,0.444,hsv
52,1.735,Torchere C,Light-Flare,0.8900,moyenne,551,279,624,341,0.457,0.188,0.181,0.514,hsv
53,1.768,Torchere A,Light-Flare,0.8802,moyenne,142,146,227,222,0.472,0.125,0.455,0.421,hsv
53,1.768,Torchere B,Light-Flare,0.6214,mauvaise,347,272,417,353,0.52,0.164,0.193,0.427,hsv
53,1.768,Torchere B,Medium-Flare,0.4310,mauvaise,347,271,417,353,0.525,0.162,0.191,0.424,hsv
53,1.768,Torchere C,Light-Flare,0.8887,moyenne,545,276,624,342,0.51,0.189,0.139,0.47,hsv
54,1.802,Torchere A,Light-Flare,0.8145,mauvaise,137,146,228,223,0.514,0.119,0.468,0.399,hsv
54,1.802,Torchere A,Medium-Flare,0.4474,mauvaise,136,146,227,223,0.517,0.119,0.465,0.398,hsv
54,1.802,Torchere B,Medium-Flare,0.7634,mauvaise,345,271,416,353,0.538,0.141,0.241,0.414,hsv
54,1.802,Torchere C,Light-Flare,0.8926,moyenne,543,272,624,341,0.532,0.181,0.113,0.449,hsv
55,1.835,Torchere A,Light-Flare,0.8205,mauvaise,136,148,227,224,0.513,0.103,0.463,0.393,hsv
55,1.835,Torchere A,Medium-Flare,0.5811,mauvaise,137,148,227,223,0.502,0.105,0.459,0.399,hsv
55,1.835,Torchere B,Light-Flare,0.6678,mauvaise,342,265,418,352,0.597,0.13,0.201,0.383,hsv
55,1.835,Torchere B,Medium-Flare,0.4405,mauvaise,341,266,419,353,0.607,0.126,0.211,0.378,hsv
55,1.835,Torchere C,Light-Flare,0.8935,moyenne,545,271,624,341,0.52,0.186,0.141,0.447,hsv
56,1.869,Torchere A,Light-Flare,0.8431,moyenne,144,146,227,223,0.496,0.1,0.465,0.409,hsv
56,1.869,Torchere B,Light-Flare,0.7674,moyenne,343,264,417,352,0.618,0.132,0.279,0.381,hsv
56,1.869,Torchere C,Light-Flare,0.7484,moyenne,545,269,624,341,0.536,0.166,0.128,0.434,hsv
57,1.902,Torchere A,Light-Flare,0.8374,moyenne,141,146,227,223,0.507,0.088,0.471,0.394,hsv
57,1.902,Torchere B,Light-Flare,0.5683,moyenne,342,261,416,353,0.629,0.125,0.199,0.37,hsv
57,1.902,Torchere C,Light-Flare,0.8337,moyenne,542,268,624,340,0.525,0.132,0.115,0.418,hsv
58,1.935,Torchere A,Light-Flare,0.8251,moyenne,146,147,227,223,0.521,0.103,0.491,0.405,hsv
58,1.935,Torchere B,Light-Flare,0.8548,moyenne,345,265,416,355,0.625,0.11,0.256,0.378,hsv
58,1.935,Torchere C,Light-Flare,0.8487,moyenne,541,269,624,341,0.561,0.108,0.179,0.407,hsv
59,1.969,Torchere A,Light-Flare,0.8498,moyenne,149,147,227,224,0.51,0.104,0.496,0.411,hsv
59,1.969,Torchere B,Light-Flare,0.7955,moyenne,350,277,415,353,0.54,0.117,0.273,0.434,hsv
59,1.969,Torchere C,Light-Flare,0.8460,moyenne,542,269,624,341,0.56,0.098,0.16,0.41,hsv
60,2.002,Torchere A,Light-Flare,0.8868,bonne,166,157,226,224,0.311,0.171,0.296,0.523,hsv
60,2.002,Torchere B,Light-Flare,0.8508,moyenne,354,283,415,353,0.473,0.119,0.257,0.476,hsv
60,2.002,Torchere C,Light-Flare,0.8429,moyenne,547,270,624,340,0.551,0.103,0.175,0.433,hsv
61,2.035,Torchere A,Light-Flare,0.8876,bonne,163,156,226,223,0.328,0.176,0.31,0.503,hsv
61,2.035,Torchere B,Light-Flare,0.8545,moyenne,353,285,417,353,0.476,0.116,0.218,0.476,hsv
61,2.035,Torchere C,Light-Flare,0.8332,moyenne,543,272,625,341,0.552,0.097,0.165,0.426,hsv
62,2.069,Torchere A,Light-Flare,0.8919,bonne,162,156,226,223,0.341,0.147,0.329,0.49,hsv
62,2.069,Torchere B,Light-Flare,0.8246,moyenne,353,285,416,353,0.469,0.117,0.249,0.487,hsv
62,2.069,Torchere C,Light-Flare,0.8133,moyenne,544,271,624,340,0.551,0.1,0.197,0.436,hsv
63,2.102,Torchere A,Light-Flare,0.8881,bonne,162,156,226,223,0.339,0.116,0.36,0.49,hsv
63,2.102,Torchere B,Light-Flare,0.6768,moyenne,350,283,415,353,0.492,0.123,0.257,0.479,hsv
63,2.102,Torchere C,Light-Flare,0.7818,moyenne,551,268,623,340,0.549,0.123,0.173,0.456,hsv
64,2.135,Torchere A,Light-Flare,0.8856,bonne,163,156,227,223,0.358,0.082,0.365,0.496,hsv
64,2.135,Torchere B,Light-Flare,0.8519,moyenne,351,281,416,352,0.486,0.121,0.244,0.482,hsv
64,2.135,Torchere C,Light-Flare,0.8515,moyenne,553,265,623,340,0.542,0.142,0.19,0.458,hsv
65,2.169,Torchere A,Light-Flare,0.8806,bonne,168,157,227,224,0.274,0.101,0.284,0.538,hsv
65,2.169,Torchere B,Light-Flare,0.8577,moyenne,349,279,417,353,0.501,0.114,0.227,0.462,hsv
65,2.169,Torchere C,Light-Flare,0.8466,moyenne,551,264,624,339,0.502,0.142,0.159,0.446,hsv
66,2.202,Torchere A,Light-Flare,0.8857,bonne,167,154,227,224,0.304,0.108,0.316,0.534,hsv
66,2.202,Torchere B,Light-Flare,0.8463,moyenne,347,275,418,353,0.541,0.095,0.265,0.438,hsv
66,2.202,Torchere C,Light-Flare,0.7677,moyenne,548,263,624,340,0.563,0.128,0.195,0.428,hsv
67,2.236,Torchere A,Light-Flare,0.8837,bonne,163,151,227,224,0.337,0.11,0.354,0.511,hsv
67,2.236,Torchere B,Light-Flare,0.8313,moyenne,347,273,417,353,0.54,0.101,0.26,0.441,hsv
67,2.236,Torchere C,Light-Flare,0.8291,moyenne,547,261,624,340,0.57,0.129,0.185,0.418,hsv
68,2.269,Torchere A,Light-Flare,0.8916,bonne,159,149,227,223,0.371,0.126,0.386,0.498,hsv
68,2.269,Torchere B,Light-Flare,0.8279,moyenne,347,271,419,353,0.573,0.112,0.34,0.431,hsv
68,2.269,Torchere C,Light-Flare,0.8419,moyenne,549,261,624,340,0.573,0.141,0.194,0.421,hsv
69,2.302,Torchere A,Light-Flare,0.8915,bonne,156,148,227,223,0.379,0.125,0.38,0.484,hsv
69,2.302,Torchere B,Light-Flare,0.8456,moyenne,350,273,419,353,0.53,0.135,0.298,0.456,hsv
69,2.302,Torchere C,Light-Flare,0.8958,moyenne,551,261,623,340,0.535,0.143,0.135,0.428,hsv
70,2.336,Torchere A,Light-Flare,0.8599,bonne,153,147,227,222,0.396,0.144,0.383,0.472,hsv
70,2.336,Torchere B,Light-Flare,0.7149,mauvaise,347,270,419,353,0.538,0.138,0.283,0.441,hsv
70,2.336,Torchere B,Dark-Flare,0.5856,mauvaise,348,271,418,353,0.523,0.144,0.274,0.452,hsv
70,2.336,Torchere C,Light-Flare,0.8904,moyenne,550,263,623,340,0.522,0.138,0.121,0.429,hsv
71,2.369,Torchere A,Medium-Flare,0.6421,mauvaise,148,147,227,223,0.449,0.15,0.421,0.441,hsv
71,2.369,Torchere A,Light-Flare,0.6078,mauvaise,148,147,227,222,0.443,0.151,0.418,0.444,hsv
71,2.369,Torchere B,Light-Flare,0.8681,moyenne,346,268,418,352,0.54,0.15,0.276,0.444,hsv
71,2.369,Torchere C,Light-Flare,0.8830,moyenne,548,260,623,340,0.541,0.122,0.146,0.409,hsv
72,2.402,Torchere A,Light-Flare,0.7871,moyenne,146,149,227,223,0.469,0.152,0.432,0.434,hsv
72,2.402,Torchere B,Light-Flare,0.8215,moyenne,344,266,418,352,0.555,0.181,0.306,0.438,hsv
72,2.402,Torchere C,Light-Flare,0.7869,moyenne,547,260,623,340,0.559,0.087,0.15,0.398,hsv
73,2.436,Torchere A,Medium-Flare,0.7999,mauvaise,144,148,227,223,0.462,0.143,0.425,0.427,hsv
73,2.436,Torchere B,Light-Flare,0.7320,moyenne,343,264,417,351,0.543,0.194,0.256,0.437,hsv
73,2.436,Torchere C,Light-Flare,0.8358,moyenne,547,256,624,340,0.598,0.061,0.122,0.382,hsv
74,2.469,Torchere A,Light-Flare,0.7649,mauvaise,145,149,227,224,0.465,0.122,0.432,0.43,hsv
74,2.469,Torchere A,Medium-Flare,0.5226,mauvaise,145,149,228,224,0.47,0.12,0.438,0.427,hsv
74,2.469,Torchere B,Light-Flare,0.8339,moyenne,336,264,418,352,0.581,0.156,0.298,0.404,hsv
74,2.469,Torchere C,Light-Flare,0.5893,moyenne,555,282,623,340,0.433,0.078,0.127,0.505,hsv
75,2.502,Torchere A,Light-Flare,0.8580,moyenne,147,149,225,224,0.429,0.112,0.401,0.444,hsv
75,2.502,Torchere C,Medium-Flare,0.6084,mauvaise,554,280,624,340,0.45,0.104,0.113,0.5,hsv
75,2.502,Torchere C,Light-Flare,0.5276,mauvaise,554,279,624,339,0.45,0.104,0.114,0.5,hsv
76,2.536,Torchere A,Light-Flare,0.8973,bonne,154,147,226,223,0.38,0.121,0.358,0.475,hsv
76,2.536,Torchere B,Medium-Flare,0.7469,mauvaise,334,259,418,352,0.62,0.147,0.298,0.377,hsv
76,2.536,Torchere C,Medium-Flare,0.8566,mauvaise,551,279,624,339,0.468,0.139,0.18,0.502,hsv
77,2.569,Torchere A,Light-Flare,0.9001,bonne,154,145,226,223,0.375,0.135,0.371,0.48,hsv
77,2.569,Torchere B,Medium-Flare,0.5052,mauvaise,332,260,417,352,0.605,0.14,0.275,0.367,hsv
77,2.569,Torchere C,Medium-Flare,0.6869,mauvaise,546,275,625,339,0.492,0.161,0.096,0.47,hsv
78,2.603,Torchere A,Light-Flare,0.9020,bonne,153,144,226,223,0.399,0.14,0.399,0.476,hsv
78,2.603,Torchere B,Medium-Flare,0.8673,mauvaise,335,262,416,352,0.62,0.138,0.308,0.368,hsv
78,2.603,Torchere C,Medium-Flare,0.4840,mauvaise,549,274,624,339,0.476,0.197,0.108,0.489,hsv
79,2.636,Torchere A,Light-Flare,0.9083,moyenne,151,143,227,223,0.415,0.143,0.41,0.461,hsv
79,2.636,Torchere B,Medium-Flare,0.8066,mauvaise,334,264,415,351,0.611,0.118,0.256,0.362,hsv
79,2.636,Torchere C,Light-Flare,0.5977,moyenne,546,272,625,339,0.467,0.204,0.069,0.471,hsv
80,2.669,Torchere A,Light-Flare,0.8975,moyenne,156,141,227,224,0.425,0.148,0.412,0.467,hsv
80,2.669,Torchere B,Light-Flare,0.7686,moyenne,336,270,415,352,0.635,0.119,0.319,0.366,hsv
81,2.703,Torchere A,Light-Flare,0.9197,moyenne,153,141,227,223,0.427,0.151,0.42,0.455,hsv
81,2.703,Torchere B,Light-Flare,0.6381,mauvaise,336,270,415,353,0.653,0.101,0.31,0.356,hsv
81,2.703,Torchere B,Medium-Flare,0.5291,mauvaise,336,270,415,352,0.649,0.102,0.306,0.358,hsv
81,2.703,Torchere C,Medium-Flare,0.8166,mauvaise,540,267,623,340,0.541,0.177,0.107,0.427,hsv
82,2.736,Torchere A,Light-Flare,0.8916,moyenne,153,141,227,224,0.439,0.147,0.435,0.435,hsv
82,2.736,Torchere B,Light-Flare,0.7908,moyenne,361,297,414,354,0.414,0.102,0.245,0.509,hsv
82,2.736,Torchere B,Light-Flare,0.6015,moyenne,335,268,415,353,0.662,0.068,0.279,0.344,hsv
82,2.736,Torchere C,Medium-Flare,0.8720,mauvaise,536,263,622,340,0.573,0.141,0.13,0.4,hsv
83,2.769,Torchere A,Light-Flare,0.8885,moyenne,160,139,225,224,0.424,0.126,0.429,0.445,hsv
83,2.769,Torchere B,Light-Flare,0.7840,moyenne,358,295,414,354,0.464,0.099,0.273,0.492,hsv
83,2.769,Torchere C,Medium-Flare,0.7087,mauvaise,536,260,622,340,0.598,0.108,0.142,0.386,hsv
84,2.803,Torchere A,Light-Flare,0.8879,bonne,160,146,225,225,0.365,0.08,0.367,0.453,hsv
84,2.803,Torchere B,Light-Flare,0.8127,moyenne,358,288,416,354,0.501,0.088,0.287,0.463,hsv
84,2.803,Torchere C,Medium-Flare,0.8754,mauvaise,536,259,622,340,0.592,0.1,0.139,0.378,hsv
85,2.836,Torchere A,Light-Flare,0.8936,bonne,164,149,225,224,0.339,0.088,0.346,0.485,hsv
85,2.836,Torchere B,Light-Flare,0.8423,moyenne,357,286,416,353,0.512,0.086,0.297,0.467,hsv
85,2.836,Torchere C,Light-Flare,0.6749,moyenne,534,261,624,341,0.637,0.084,0.161,0.369,hsv
86,2.870,Torchere A,Light-Flare,0.8988,bonne,162,153,225,223,0.313,0.101,0.293,0.512,hsv
86,2.870,Torchere B,Light-Flare,0.8486,moyenne,353,290,417,352,0.486,0.084,0.292,0.479,hsv
86,2.870,Torchere C,Light-Flare,0.8538,moyenne,530,258,623,340,0.646,0.074,0.141,0.359,hsv
87,2.903,Torchere A,Light-Flare,0.8997,bonne,160,154,226,223,0.323,0.118,0.305,0.52,hsv
87,2.903,Torchere B,Light-Flare,0.8509,moyenne,348,288,418,353,0.548,0.093,0.362,0.454,hsv
87,2.903,Torchere C,Light-Flare,0.5208,mauvaise,556,278,622,342,0.458,0.121,0.236,0.497,hsv
87,2.903,Torchere C,Medium-Flare,0.4934,mauvaise,544,270,623,341,0.553,0.101,0.194,0.428,hsv
88,2.936,Torchere A,Light-Flare,0.9035,bonne,157,151,226,224,0.349,0.119,0.341,0.504,hsv
88,2.936,Torchere B,Light-Flare,0.8658,moyenne,346,290,417,353,0.526,0.101,0.337,0.472,hsv
88,2.936,Torchere C,Light-Flare,0.4415,mauvaise,540,268,623,342,0.573,0.1,0.174,0.417,hsv
88,2.936,Torchere C,Medium-Flare,0.4217,mauvaise,543,269,623,342,0.554,0.105,0.179,0.429,hsv
89,2.970,Torchere A,Light-Flare,0.9073,bonne,158,149,226,222,0.338,0.132,0.337,0.522,hsv
89,2.970,Torchere B,Light-Flare,0.8839,moyenne,343,286,416,353,0.539,0.1,0.318,0.455,hsv
89,2.970,Torchere C,Light-Flare,0.5081,mauvaise,542,268,623,340,0.531,0.108,0.123,0.439,hsv
89,2.970,Torchere C,Medium-Flare,0.4009,mauvaise,542,268,623,339,0.526,0.109,0.124,0.442,hsv
90,3.003,Torchere A,Light-Flare,0.9022,bonne,155,147,226,222,0.378,0.148,0.377,0.508,hsv
90,3.003,Torchere B,Light-Flare,0.8461,moyenne,341,285,416,353,0.543,0.097,0.344,0.45,hsv
90,3.003,Torchere C,Light-Flare,0.6696,moyenne,544,268,624,339,0.536,0.114,0.188,0.457,hsv
91,3.036,Torchere A,Light-Flare,0.8818,moyenne,152,142,226,222,0.425,0.177,0.407,0.476,hsv
91,3.036,Torchere B,Light-Flare,0.8262,moyenne,341,282,418,353,0.558,0.096,0.358,0.436,hsv
91,3.036,Torchere C,Light-Flare,0.6537,mauvaise,542,267,624,340,0.548,0.124,0.166,0.455,hsv
91,3.036,Torchere C,Medium-Flare,0.5711,mauvaise,542,266,624,340,0.554,0.122,0.165,0.452,hsv
92,3.070,Torchere A,Light-Flare,0.8956,moyenne,149,138,227,223,0.459,0.159,0.433,0.436,hsv
92,3.070,Torchere B,Light-Flare,0.8380,moyenne,351,282,418,353,0.495,0.115,0.32,0.48,hsv
92,3.070,Torchere C,Medium-Flare,0.8471,mauvaise,541,264,624,340,0.549,0.126,0.158,0.451,hsv
93,3.103,Torchere A,Light-Flare,0.8917,moyenne,146,143,228,224,0.468,0.122,0.431,0.423,hsv
93,3.103,Torchere B,Light-Flare,0.8776,moyenne,351,280,417,353,0.489,0.139,0.298,0.485,hsv
93,3.103,Torchere C,Medium-Flare,0.7757,mauvaise,540,263,624,341,0.562,0.135,0.168,0.443,hsv
93,3.103,Torchere C,Light-Flare,0.4023,mauvaise,539,262,624,340,0.568,0.133,0.165,0.439,hsv
94,3.136,Torchere A,Light-Flare,0.8906,moyenne,146,144,228,223,0.46,0.106,0.444,0.424,hsv
94,3.136,Torchere B,Light-Flare,0.8853,moyenne,349,278,417,353,0.504,0.153,0.274,0.476,hsv
94,3.136,Torchere C,Medium-Flare,0.5561,mauvaise,541,262,624,340,0.531,0.145,0.139,0.449,hsv
94,3.136,Torchere C,Light-Flare,0.4621,mauvaise,539,261,624,340,0.547,0.139,0.14,0.44,hsv
95,3.170,Torchere A,Light-Flare,0.9049,moyenne,153,147,227,223,0.405,0.114,0.407,0.464,hsv
95,3.170,Torchere B,Light-Flare,0.8658,moyenne,346,276,417,353,0.521,0.14,0.308,0.456,hsv
95,3.170,Torchere C,Medium-Flare,0.6916,mauvaise,541,259,624,340,0.541,0.139,0.124,0.438,hsv
96,3.203,Torchere A,Light-Flare,0.9037,moyenne,151,148,226,222,0.414,0.13,0.391,0.467,hsv
96,3.203,Torchere B,Light-Flare,0.8438,moyenne,342,272,418,354,0.572,0.114,0.304,0.418,hsv
96,3.203,Torchere C,Light-Flare,0.8365,moyenne,538,255,624,341,0.558,0.142,0.083,0.415,hsv
97,3.237,Torchere A,Light-Flare,0.8954,moyenne,151,152,227,222,0.417,0.142,0.417,0.479,hsv
97,3.237,Torchere B,Light-Flare,0.8617,moyenne,347,273,417,352,0.538,0.112,0.337,0.444,hsv
97,3.237,Torchere C,Light-Flare,0.7191,moyenne,539,258,624,340,0.567,0.154,0.135,0.423,hsv
98,3.270,Torchere A,Light-Flare,0.8897,moyenne,150,150,227,224,0.448,0.137,0.435,0.46,hsv
98,3.270,Torchere B,Light-Flare,0.8586,moyenne,352,281,416,354,0.45,0.144,0.22,0.494,hsv
98,3.270,Torchere C,Light-Flare,0.8156,moyenne,543,257,624,341,0.526,0.161,0.097,0.422,hsv
99,3.303,Torchere A,Light-Flare,0.9045,bonne,155,150,227,224,0.399,0.161,0.405,0.479,hsv
99,3.303,Torchere B,Light-Flare,0.8439,moyenne,353,280,416,353,0.465,0.145,0.229,0.508,hsv
99,3.303,Torchere C,Light-Flare,0.7677,moyenne,541,259,624,341,0.575,0.154,0.134,0.412,hsv
100,3.337,Torchere A,Light-Flare,0.9060,moyenne,153,149,227,223,0.416,0.159,0.414,0.464,hsv
100,3.337,Torchere B,Light-Flare,0.8736,moyenne,352,279,416,353,0.439,0.182,0.194,0.512,hsv
100,3.337,Torchere C,Medium-Flare,0.7348,mauvaise,538,257,625,340,0.578,0.147,0.099,0.389,hsv
101,3.370,Torchere A,Light-Flare,0.9053,moyenne,154,147,227,224,0.422,0.131,0.423,0.448,hsv
101,3.370,Torchere B,Light-Flare,0.8726,moyenne,351,277,416,353,0.459,0.195,0.217,0.502,hsv
102,3.403,Torchere A,Light-Flare,0.8935,bonne,154,147,226,223,0.386,0.122,0.393,0.447,hsv
102,3.403,Torchere B,Light-Flare,0.8281,moyenne,348,274,416,353,0.491,0.208,0.218,0.48,hsv
102,3.403,Torchere C,Medium-Flare,0.6189,mauvaise,537,272,624,340,0.505,0.135,0.112,0.412,hsv
103,3.437,Torchere A,Light-Flare,0.8926,bonne,153,147,226,223,0.394,0.105,0.4,0.435,hsv
103,3.437,Torchere B,Light-Flare,0.8661,moyenne,345,270,415,353,0.519,0.21,0.235,0.458,hsv
103,3.437,Torchere C,Light-Flare,0.8832,moyenne,533,270,623,340,0.579,0.091,0.139,0.386,hsv
104,3.470,Torchere A,Light-Flare,0.8947,moyenne,150,151,226,223,0.408,0.086,0.409,0.431,hsv
104,3.470,Torchere B,Light-Flare,0.8632,moyenne,342,267,415,354,0.526,0.212,0.215,0.429,hsv
104,3.470,Torchere C,Light-Flare,0.8377,moyenne,530,270,622,341,0.602,0.09,0.125,0.377,hsv
105,3.504,Torchere A,Light-Flare,0.8907,bonne,164,159,226,223,0.298,0.111,0.301,0.528,hsv
105,3.504,Torchere B,Light-Flare,0.8656,moyenne,339,267,414,353,0.56,0.188,0.251,0.415,hsv
105,3.504,Torchere C,Light-Flare,0.5987,moyenne,529,269,622,341,0.631,0.096,0.15,0.37,hsv
106,3.537,Torchere A,Light-Flare,0.8868,bonne,168,158,225,224,0.253,0.114,0.254,0.559,hsv
106,3.537,Torchere B,Light-Flare,0.8377,moyenne,336,266,416,353,0.585,0.177,0.245,0.386,hsv
106,3.537,Torchere C,Light-Flare,0.8173,moyenne,530,268,622,341,0.637,0.091,0.137,0.369,hsv
107,3.570,Torchere A,Light-Flare,0.8875,bonne,167,156,226,224,0.289,0.13,0.285,0.548,hsv
107,3.570,Torchere B,Light-Flare,0.5897,moyenne,337,266,418,353,0.609,0.141,0.268,0.366,hsv
107,3.570,Torchere C,Light-Flare,0.7835,moyenne,545,265,624,341,0.622,0.095,0.166,0.39,hsv
108,3.604,Torchere A,Light-Flare,0.8951,bonne,164,153,226,224,0.301,0.155,0.293,0.529,hsv
108,3.604,Torchere C,Light-Flare,0.8228,moyenne,549,266,624,341,0.578,0.088,0.153,0.409,hsv
109,3.637,Torchere A,Light-Flare,0.9089,bonne,162,148,226,224,0.373,0.144,0.367,0.502,hsv
109,3.637,Torchere C,Light-Flare,0.8351,moyenne,554,270,624,341,0.532,0.115,0.163,0.446,hsv
110,3.670,Torchere A,Light-Flare,0.9021,bonne,159,150,227,224,0.369,0.15,0.362,0.495,hsv
110,3.670,Torchere B,Light-Flare,0.5424,moyenne,337,277,417,354,0.615,0.109,0.316,0.359,hsv
110,3.670,Torchere C,Light-Flare,0.7563,moyenne,556,280,624,341,0.446,0.153,0.188,0.504,hsv
111,3.704,Torchere A,Light-Flare,0.8989,bonne,158,152,227,224,0.361,0.135,0.337,0.498,hsv
111,3.704,Torchere B,Light-Flare,0.8440,moyenne,338,277,416,354,0.619,0.081,0.274,0.356,hsv
111,3.704,Torchere C,Light-Flare,0.8837,moyenne,555,280,624,340,0.427,0.183,0.143,0.511,hsv
112,3.737,Torchere A,Light-Flare,0.9007,bonne,158,153,228,224,0.353,0.149,0.353,0.5,hsv
112,3.737,Torchere B,Light-Flare,0.8156,moyenne,353,273,416,353,0.614,0.075,0.307,0.384,hsv
112,3.737,Torchere C,Light-Flare,0.7304,moyenne,551,279,623,340,0.453,0.169,0.159,0.497,hsv
113,3.770,Torchere A,Light-Flare,0.9007,bonne,157,153,227,223,0.341,0.168,0.338,0.505,hsv
113,3.770,Torchere B,Light-Flare,0.8032,moyenne,361,280,416,354,0.484,0.084,0.195,0.437,hsv
113,3.770,Torchere C,Light-Flare,0.7125,moyenne,549,277,623,340,0.461,0.149,0.11,0.477,hsv
114,3.804,Torchere A,Light-Flare,0.9012,bonne,156,152,227,224,0.37,0.168,0.351,0.489,hsv
114,3.804,Torchere B,Light-Flare,0.7428,moyenne,363,286,416,353,0.475,0.084,0.267,0.481,hsv
114,3.804,Torchere C,Light-Flare,0.8757,moyenne,545,277,623,340,0.491,0.126,0.139,0.458,hsv
115,3.837,Torchere A,Light-Flare,0.8930,bonne,154,151,227,223,0.385,0.165,0.366,0.475,hsv
115,3.837,Torchere B,Light-Flare,0.8204,moyenne,360,285,416,352,0.473,0.072,0.263,0.472,hsv
115,3.837,Torchere C,Dark-Flare,0.4549,mauvaise,540,273,623,339,0.53,0.124,0.129,0.43,hsv
115,3.837,Torchere C,Medium-Flare,0.4042,mauvaise,539,273,623,339,0.535,0.123,0.128,0.428,hsv
116,3.871,Torchere A,Light-Flare,0.8986,bonne,160,152,227,224,0.362,0.168,0.35,0.496,hsv
116,3.871,Torchere B,Light-Flare,0.8106,moyenne,360,288,416,352,0.468,0.074,0.285,0.49,hsv
116,3.871,Torchere C,Light-Flare,0.7823,moyenne,540,276,624,340,0.54,0.132,0.168,0.434,hsv
117,3.904,Torchere A,Light-Flare,0.8924,bonne,157,152,227,224,0.371,0.164,0.364,0.482,hsv
117,3.904,Torchere B,Light-Flare,0.8343,moyenne,362,291,416,353,0.414,0.102,0.187,0.524,hsv
117,3.904,Torchere C,Light-Flare,0.8434,moyenne,547,280,623,340,0.461,0.16,0.173,0.479,hsv
118,3.937,Torchere A,Light-Flare,0.8853,moyenne,154,152,227,224,0.404,0.149,0.396,0.465,hsv
118,3.937,Torchere B,Light-Flare,0.7123,moyenne,359,291,416,353,0.442,0.113,0.18,0.514,hsv
118,3.937,Torchere C,Light-Flare,0.8603,moyenne,547,281,623,340,0.443,0.158,0.141,0.483,hsv
119,3.971,Torchere A,Light-Flare,0.8915,bonne,156,152,227,224,0.388,0.143,0.387,0.47,hsv
119,3.971,Torchere B,Light-Flare,0.8373,moyenne,357,288,416,353,0.46,0.117,0.221,0.493,hsv
119,3.971,Torchere C,Light-Flare,0.8560,moyenne,544,282,624,341,0.487,0.146,0.151,0.469,hsv
120,4.004,Torchere A,Light-Flare,0.8792,bonne,163,154,226,224,0.325,0.133,0.333,0.511,hsv
120,4.004,Torchere B,Light-Flare,0.8620,moyenne,357,287,417,353,0.476,0.104,0.288,0.485,hsv
120,4.004,Torchere C,Light-Flare,0.8063,mauvaise,540,282,623,341,0.511,0.129,0.177,0.463,hsv
120,4.004,Torchere C,Medium-Flare,0.4309,mauvaise,540,283,623,340,0.495,0.133,0.18,0.472,hsv
121,4.037,Torchere A,Light-Flare,0.8939,bonne,165,154,226,223,0.296,0.155,0.315,0.531,hsv
121,4.037,Torchere B,Light-Flare,0.8565,moyenne,353,285,417,353,0.49,0.107,0.258,0.47,hsv
121,4.037,Torchere C,Light-Flare,0.6869,moyenne,538,281,623,341,0.507,0.117,0.162,0.455,hsv
122,4.071,Torchere A,Light-Flare,0.8995,bonne,162,153,226,223,0.325,0.165,0.339,0.52,hsv
122,4.071,Torchere B,Light-Flare,0.8736,moyenne,350,284,419,353,0.532,0.118,0.285,0.453,hsv
122,4.071,Torchere C,Light-Flare,0.7771,mauvaise,537,282,624,340,0.502,0.094,0.189,0.457,hsv
122,4.071,Torchere C,Medium-Flare,0.4882,mauvaise,538,282,624,340,0.496,0.095,0.19,0.46,hsv
123,4.104,Torchere A,Light-Flare,0.8971,bonne,157,152,225,223,0.334,0.161,0.332,0.503,hsv
123,4.104,Torchere B,Light-Flare,0.8732,moyenne,348,282,418,353,0.541,0.129,0.271,0.447,hsv
123,4.104,Torchere C,Light-Flare,0.6929,mauvaise,537,281,623,340,0.498,0.074,0.165,0.456,hsv
123,4.104,Torchere C,Medium-Flare,0.4632,mauvaise,538,281,623,339,0.485,0.076,0.165,0.464,hsv
124,4.137,Torchere A,Light-Flare,0.9022,bonne,156,149,227,223,0.393,0.146,0.406,0.475,hsv
124,4.137,Torchere B,Light-Flare,0.8630,moyenne,352,282,417,351,0.494,0.142,0.28,0.48,hsv
124,4.137,Torchere C,Light-Flare,0.7520,moyenne,543,283,623,340,0.462,0.074,0.182,0.489,hsv
125,4.171,Torchere A,Light-Flare,0.9044,moyenne,154,148,225,223,0.404,0.135,0.412,0.468,hsv
125,4.171,Torchere B,Light-Flare,0.8845,moyenne,355,283,417,351,0.448,0.147,0.28,0.504,hsv
125,4.171,Torchere C,Light-Flare,0.5813,moyenne,544,282,624,341,0.484,0.106,0.199,0.487,hsv
126,4.204,Torchere A,Light-Flare,0.8984,moyenne,151,147,226,223,0.404,0.115,0.398,0.451,hsv
126,4.204,Torchere B,Light-Flare,0.8753,moyenne,357,280,417,352,0.433,0.177,0.242,0.505,hsv
126,4.204,Torchere C,Light-Flare,0.5493,mauvaise,544,280,624,341,0.474,0.133,0.196,0.487,hsv
126,4.204,Torchere C,Medium-Flare,0.5379,mauvaise,544,280,624,341,0.474,0.133,0.196,0.487,hsv
127,4.238,Torchere A,Light-Flare,0.8993,bonne,154,152,227,222,0.375,0.106,0.365,0.486,hsv
127,4.238,Torchere B,Light-Flare,0.8799,moyenne,357,279,416,351,0.419,0.187,0.25,0.514,hsv
127,4.238,Torchere C,Light-Flare,0.8365,moyenne,543,280,624,341,0.494,0.162,0.216,0.49,hsv
128,4.271,Torchere A,Light-Flare,0.8826,moyenne,150,152,227,224,0.405,0.115,0.394,0.473,hsv
128,4.271,Torchere B,Light-Flare,0.8685,moyenne,353,276,417,352,0.467,0.167,0.225,0.472,hsv
128,4.271,Torchere C,Light-Flare,0.8872,moyenne,541,279,624,342,0.48,0.175,0.172,0.478,hsv
129,4.304,Torchere A,Light-Flare,0.8810,moyenne,148,151,228,224,0.434,0.134,0.418,0.465,hsv
129,4.304,Torchere B,Light-Flare,0.8731,moyenne,350,275,417,352,0.494,0.144,0.247,0.452,hsv
129,4.304,Torchere C,Light-Flare,0.8965,moyenne,539,279,624,341,0.499,0.169,0.181,0.476,hsv
130,4.338,Torchere A,Light-Flare,0.8421,moyenne,146,149,228,224,0.459,0.138,0.427,0.454,hsv
130,4.338,Torchere B,Light-Flare,0.8721,moyenne,351,275,417,352,0.488,0.152,0.27,0.456,hsv
130,4.338,Torchere C,Light-Flare,0.8963,moyenne,537,279,623,341,0.479,0.175,0.168,0.47,hsv
131,4.371,Torchere A,Light-Flare,0.8313,moyenne,147,149,228,223,0.444,0.153,0.411,0.464,hsv
131,4.371,Torchere B,Light-Flare,0.6985,moyenne,349,273,416,352,0.517,0.154,0.276,0.444,hsv
131,4.371,Torchere C,Light-Flare,0.8058,mauvaise,536,278,624,340,0.487,0.136,0.162,0.457,hsv
131,4.371,Torchere C,Medium-Flare,0.5341,mauvaise,536,278,623,339,0.476,0.139,0.157,0.465,hsv
132,4.404,Torchere A,Light-Flare,0.8916,moyenne,150,149,228,223,0.404,0.17,0.392,0.478,hsv
132,4.404,Torchere B,Medium-Flare,0.6161,mauvaise,345,275,417,353,0.525,0.159,0.262,0.428,hsv
132,4.404,Torchere C,Light-Flare,0.8513,moyenne,534,277,624,341,0.525,0.104,0.164,0.438,hsv
133,4.438,Torchere A,Light-Flare,0.8903,moyenne,150,147,227,222,0.409,0.16,0.402,0.478,hsv
133,4.438,Torchere B,Medium-Flare,0.7643,mauvaise,343,277,416,353,0.523,0.167,0.276,0.427,hsv
133,4.438,Torchere C,Light-Flare,0.4074,moyenne,533,275,624,340,0.554,0.095,0.181,0.43,hsv
134,4.471,Torchere A,Light-Flare,0.8620,moyenne,146,146,228,223,0.441,0.15,0.416,0.448,hsv
134,4.471,Torchere B,Light-Flare,0.7931,moyenne,343,276,417,352,0.533,0.162,0.263,0.417,hsv
134,4.471,Torchere C,Light-Flare,0.8246,moyenne,535,274,625,341,0.555,0.096,0.155,0.429,hsv
135,4.505,Torchere A,Light-Flare,0.8602,moyenne,143,147,228,223,0.474,0.111,0.417,0.439,hsv
135,4.505,Torchere B,Light-Flare,0.8049,moyenne,341,275,415,352,0.563,0.144,0.266,0.408,hsv
135,4.505,Torchere C,Light-Flare,0.8545,moyenne,556,274,624,340,0.467,0.137,0.23,0.512,hsv
136,4.538,Torchere A,Light-Flare,0.6779,moyenne,142,143,227,223,0.47,0.101,0.428,0.43,hsv
136,4.538,Torchere B,Light-Flare,0.6748,moyenne,345,277,417,352,0.563,0.153,0.324,0.418,hsv
136,4.538,Torchere C,Light-Flare,0.8714,moyenne,553,272,624,340,0.492,0.151,0.224,0.5,hsv
137,4.571,Torchere A,Light-Flare,0.8436,bonne,153,143,226,223,0.396,0.13,0.404,0.483,hsv
137,4.571,Torchere B,Light-Flare,0.8455,moyenne,345,277,417,353,0.558,0.157,0.29,0.419,hsv
137,4.571,Torchere C,Light-Flare,0.8759,moyenne,553,271,624,340,0.475,0.176,0.175,0.501,hsv
138,4.605,Torchere A,Light-Flare,0.8857,moyenne,151,141,227,222,0.426,0.145,0.415,0.474,hsv
138,4.605,Torchere B,Light-Flare,0.8663,moyenne,344,276,417,353,0.575,0.157,0.296,0.417,hsv
138,4.605,Torchere C,Light-Flare,0.8908,moyenne,551,268,623,340,0.498,0.177,0.23,0.485,hsv
139,4.638,Torchere A,Light-Flare,0.8777,moyenne,149,140,227,223,0.431,0.133,0.405,0.462,hsv
139,4.638,Torchere B,Light-Flare,0.8278,moyenne,343,272,417,353,0.583,0.154,0.247,0.402,hsv
139,4.638,Torchere C,Light-Flare,0.8540,moyenne,548,267,623,340,0.502,0.18,0.16,0.471,hsv
140,4.671,Torchere A,Light-Flare,0.8918,moyenne,146,138,228,223,0.466,0.114,0.448,0.442,hsv
140,4.671,Torchere B,Light-Flare,0.8571,moyenne,344,269,419,353,0.608,0.128,0.285,0.385,hsv
140,4.671,Torchere C,Light-Flare,0.8062,moyenne,547,266,625,340,0.526,0.153,0.179,0.452,hsv
141,4.705,Torchere A,Light-Flare,0.8642,moyenne,141,135,227,224,0.501,0.112,0.469,0.415,hsv
141,4.705,Torchere B,Light-Flare,0.8654,moyenne,355,275,418,353,0.517,0.137,0.254,0.432,hsv
141,4.705,Torchere C,Light-Flare,0.8213,moyenne,543,265,624,341,0.548,0.132,0.197,0.434,hsv
142,4.738,Torchere A,Light-Flare,0.8683,moyenne,139,134,227,224,0.529,0.113,0.484,0.405,hsv
142,4.738,Torchere B,Light-Flare,0.8583,moyenne,353,285,418,353,0.485,0.128,0.275,0.454,hsv
142,4.738,Torchere C,Light-Flare,0.8017,moyenne,541,264,624,340,0.562,0.13,0.208,0.427,hsv
143,4.771,Torchere A,Light-Flare,0.8648,moyenne,135,136,227,224,0.523,0.111,0.461,0.401,hsv
143,4.771,Torchere B,Light-Flare,0.8140,moyenne,352,282,418,353,0.517,0.114,0.303,0.439,hsv
143,4.771,Torchere C,Light-Flare,0.8590,moyenne,540,263,624,340,0.566,0.142,0.209,0.419,hsv
144,4.805,Torchere A,Light-Flare,0.8257,moyenne,128,135,227,223,0.551,0.114,0.481,0.385,hsv
144,4.805,Torchere B,Light-Flare,0.8755,moyenne,352,283,418,353,0.508,0.109,0.275,0.447,hsv
144,4.805,Torchere C,Light-Flare,0.8700,moyenne,542,267,623,341,0.552,0.152,0.204,0.431,hsv
145,4.838,Torchere A,Light-Flare,0.8714,moyenne,127,131,228,222,0.587,0.116,0.482,0.374,hsv
145,4.838,Torchere B,Light-Flare,0.8795,moyenne,352,281,417,353,0.526,0.083,0.325,0.446,hsv
145,4.838,Torchere C,Light-Flare,0.8608,moyenne,545,268,624,341,0.554,0.149,0.249,0.434,hsv
146,4.872,Torchere A,Light-Flare,0.8776,moyenne,126,134,228,223,0.573,0.125,0.457,0.373,hsv
146,4.872,Torchere B,Light-Flare,0.8404,moyenne,349,277,418,354,0.561,0.065,0.266,0.42,hsv
146,4.872,Torchere C,Light-Flare,0.8734,moyenne,541,265,623,340,0.581,0.135,0.172,0.414,hsv
147,4.905,Torchere A,Light-Flare,0.8909,moyenne,132,135,227,222,0.553,0.133,0.48,0.39,hsv
147,4.905,Torchere B,Light-Flare,0.8466,moyenne,350,293,419,354,0.498,0.086,0.283,0.484,hsv
147,4.905,Torchere C,Light-Flare,0.8726,moyenne,547,263,623,341,0.561,0.134,0.192,0.421,hsv
148,4.938,Torchere A,Light-Flare,0.9020,moyenne,140,137,227,223,0.512,0.144,0.458,0.409,hsv
148,4.938,Torchere B,Light-Flare,0.8082,moyenne,350,293,418,355,0.476,0.105,0.28,0.498,hsv
148,4.938,Torchere C,Light-Flare,0.7993,moyenne,547,263,624,341,0.565,0.126,0.167,0.411,hsv
149,4.972,Torchere A,Medium-Flare,0.6596,mauvaise,143,137,227,223,0.506,0.143,0.449,0.412,hsv
149,4.972,Torchere A,Light-Flare,0.5792,mauvaise,145,139,226,223,0.479,0.151,0.427,0.426,hsv
149,4.972,Torchere B,Light-Flare,0.7997,moyenne,348,290,417,355,0.494,0.148,0.316,0.491,hsv
149,4.972,Torchere C,Light-Flare,0.6739,moyenne,545,260,624,340,0.596,0.091,0.159,0.395,hsv
150,5.005,Torchere A,Light-Flare,0.7336,moyenne,143,138,226,223,0.474,0.11,0.422,0.408,hsv
150,5.005,Torchere B,Light-Flare,0.7275,mauvaise,343,289,417,354,0.496,0.162,0.317,0.482,hsv
150,5.005,Torchere B,Medium-Flare,0.4594,mauvaise,343,288,417,354,0.503,0.159,0.321,0.478,hsv
150,5.005,Torchere C,Light-Flare,0.6907,moyenne,547,272,623,339,0.525,0.114,0.16,0.444,hsv
151,5.038,Torchere A,Light-Flare,0.8085,moyenne,145,142,227,224,0.47,0.1,0.407,0.412,hsv
151,5.038,Torchere B,Light-Flare,0.7295,moyenne,340,287,416,353,0.489,0.183,0.268,0.477,hsv
151,5.038,Torchere C,Light-Flare,0.8314,moyenne,547,271,622,339,0.531,0.106,0.154,0.444,hsv
152,5.072,Torchere A,Light-Flare,0.8864,moyenne,154,148,227,224,0.401,0.109,0.378,0.471,hsv
152,5.072,Torchere B,Light-Flare,0.8214,moyenne,338,286,415,353,0.501,0.218,0.221,0.468,hsv
152,5.072,Torchere C,Light-Flare,0.8263,moyenne,546,272,623,339,0.554,0.085,0.166,0.437,hsv
153,5.105,Torchere A,Light-Flare,0.8792,bonne,157,148,227,222,0.368,0.16,0.378,0.504,hsv
153,5.105,Torchere B,Light-Flare,0.7703,moyenne,338,286,415,353,0.514,0.22,0.284,0.46,hsv
153,5.105,Torchere C,Light-Flare,0.8587,moyenne,550,283,623,339,0.449,0.106,0.182,0.508,hsv
154,5.138,Torchere A,Light-Flare,0.9032,bonne,157,148,226,223,0.334,0.163,0.348,0.517,hsv
154,5.138,Torchere B,Light-Flare,0.8055,moyenne,336,285,415,354,0.532,0.22,0.293,0.431,hsv
154,5.138,Torchere C,Light-Flare,0.8768,moyenne,548,281,624,341,0.502,0.109,0.147,0.478,hsv
155,5.172,Torchere A,Light-Flare,0.8608,bonne,154,146,226,223,0.382,0.165,0.384,0.505,hsv
155,5.172,Torchere B,Medium-Flare,0.5698,mauvaise,339,282,417,354,0.548,0.208,0.278,0.411,hsv
155,5.172,Torchere C,Light-Flare,0.7388,moyenne,543,280,624,341,0.528,0.107,0.156,0.461,hsv
156,5.205,Torchere A,Light-Flare,0.8916,bonne,151,144,226,223,0.399,0.173,0.389,0.486,hsv
156,5.205,Torchere B,Light-Flare,0.7858,moyenne,338,283,418,355,0.558,0.17,0.273,0.391,hsv
156,5.205,Torchere C,Light-Flare,0.6936,moyenne,540,279,624,341,0.526,0.093,0.152,0.449,hsv
157,5.239,Torchere A,Light-Flare,0.8769,moyenne,147,143,227,223,0.46,0.177,0.431,0.454,hsv
157,5.239,Torchere B,Light-Flare,0.7524,moyenne,346,285,418,353,0.504,0.157,0.23,0.414,hsv
157,5.239,Torchere C,Medium-Flare,0.5672,mauvaise,540,282,624,341,0.519,0.102,0.212,0.464,hsv
158,5.272,Torchere A,Light-Flare,0.8418,moyenne,144,140,227,223,0.486,0.161,0.443,0.423,hsv
158,5.272,Torchere B,Medium-Flare,0.5990,mauvaise,345,286,418,354,0.523,0.119,0.257,0.396,hsv
158,5.272,Torchere B,Light-Flare,0.5063,mauvaise,344,284,418,355,0.548,0.113,0.266,0.384,hsv
158,5.272,Torchere C,Light-Flare,0.7642,moyenne,535,280,625,340,0.532,0.106,0.182,0.449,hsv
159,5.305,Torchere A,Light-Flare,0.8304,moyenne,139,135,227,223,0.536,0.136,0.471,0.389,hsv
159,5.305,Torchere B,Light-Flare,0.6933,mauvaise,348,283,416,353,0.539,0.089,0.302,0.391,hsv
159,5.305,Torchere B,Medium-Flare,0.4721,mauvaise,348,283,417,353,0.546,0.087,0.305,0.388,hsv
159,5.305,Torchere C,Medium-Flare,0.6758,mauvaise,530,282,624,339,0.522,0.125,0.186,0.459,hsv
159,5.305,Torchere C,Light-Flare,0.5957,mauvaise,530,281,624,341,0.544,0.118,0.189,0.445,hsv
160,5.339,Torchere A,Light-Flare,0.7239,moyenne,138,134,227,223,0.545,0.109,0.485,0.377,hsv
160,5.339,Torchere B,Light-Flare,0.8367,moyenne,348,283,417,355,0.59,0.064,0.277,0.381,hsv
160,5.339,Torchere C,Light-Flare,0.8396,moyenne,529,279,624,341,0.554,0.11,0.171,0.435,hsv
161,5.372,Torchere A,Light-Flare,0.8293,moyenne,131,129,228,223,0.604,0.066,0.527,0.344,hsv
161,5.372,Torchere B,Medium-Flare,0.6830,mauvaise,350,291,417,354,0.548,0.079,0.265,0.418,hsv
161,5.372,Torchere B,Light-Flare,0.6494,mauvaise,352,293,417,356,0.538,0.081,0.257,0.425,hsv
161,5.372,Torchere C,Medium-Flare,0.7245,mauvaise,526,279,624,340,0.569,0.105,0.17,0.431,hsv
162,5.405,Torchere A,Light-Flare,0.8518,bonne,159,147,227,223,0.39,0.124,0.399,0.474,hsv
162,5.405,Torchere B,Light-Flare,0.7272,moyenne,349,293,417,354,0.539,0.084,0.248,0.434,hsv
162,5.405,Torchere C,Light-Flare,0.7937,mauvaise,529,278,623,340,0.546,0.105,0.182,0.436,hsv
162,5.405,Torchere C,Medium-Flare,0.5330,mauvaise,528,276,623,340,0.565,0.101,0.178,0.426,hsv
163,5.439,Torchere A,Light-Flare,0.8929,bonne,162,148,226,223,0.38,0.134,0.378,0.502,hsv
163,5.439,Torchere B,Light-Flare,0.8167,moyenne,348,292,418,353,0.536,0.093,0.314,0.438,hsv
163,5.439,Torchere C,Light-Flare,0.8636,mauvaise,532,278,623,341,0.56,0.113,0.194,0.442,hsv
163,5.439,Torchere C,Medium-Flare,0.5581,mauvaise,533,279,623,340,0.542,0.118,0.196,0.454,hsv
164,5.472,Torchere A,Light-Flare,0.8959,bonne,159,145,226,223,0.383,0.12,0.387,0.478,hsv
164,5.472,Torchere B,Light-Flare,0.8280,moyenne,344,291,418,353,0.55,0.087,0.303,0.428,hsv
164,5.472,Torchere C,Light-Flare,0.8640,moyenne,532,277,623,342,0.538,0.12,0.145,0.439,hsv
165,5.506,Torchere A,Light-Flare,0.8997,moyenne,159,140,226,223,0.426,0.117,0.419,0.465,hsv
165,5.506,Torchere B,Light-Flare,0.5096,moyenne,342,289,419,353,0.571,0.097,0.371,0.418,hsv
165,5.506,Torchere C,Light-Flare,0.8531,moyenne,536,276,623,342,0.543,0.135,0.193,0.449,hsv
166,5.539,Torchere A,Light-Flare,0.9178,moyenne,158,136,227,222,0.442,0.114,0.444,0.455,hsv
166,5.539,Torchere B,Light-Flare,0.8469,moyenne,340,286,418,353,0.559,0.1,0.313,0.415,hsv
166,5.539,Torchere C,Light-Flare,0.8252,moyenne,537,274,623,341,0.526,0.164,0.137,0.447,hsv
167,5.572,Torchere A,Light-Flare,0.9089,moyenne,158,135,227,224,0.455,0.109,0.438,0.448,hsv
167,5.572,Torchere B,Light-Flare,0.5672,mauvaise,340,286,417,353,0.55,0.104,0.323,0.423,hsv
167,5.572,Torchere B,Medium-Flare,0.5258,mauvaise,341,285,417,352,0.547,0.105,0.332,0.427,hsv
168,5.606,Torchere A,Light-Flare,0.9078,moyenne,156,138,227,222,0.445,0.11,0.431,0.453,hsv
168,5.606,Torchere B,Medium-Flare,0.7498,mauvaise,340,284,418,352,0.542,0.102,0.291,0.424,hsv
168,5.606,Torchere C,Medium-Flare,0.7842,mauvaise,530,272,624,340,0.579,0.131,0.138,0.401,hsv
169,5.639,Torchere A,Light-Flare,0.8970,bonne,161,147,226,223,0.39,0.133,0.392,0.508,hsv
169,5.639,Torchere B,Light-Flare,0.6685,moyenne,343,281,418,352,0.548,0.083,0.303,0.424,hsv
169,5.639,Torchere C,Medium-Flare,0.8840,mauvaise,526,269,624,339,0.63,0.088,0.14,0.374,hsv
170,5.672,Torchere A,Light-Flare,0.8972,bonne,159,147,227,223,0.382,0.141,0.378,0.501,hsv
170,5.672,Torchere B,Light-Flare,0.7474,moyenne,349,277,418,353,0.531,0.072,0.268,0.431,hsv
170,5.672,Torchere C,Medium-Flare,0.7850,mauvaise,540,268,625,339,0.594,0.083,0.151,0.389,hsv
171,5.706,Torchere A,Light-Flare,0.9028,moyenne,157,146,227,224,0.419,0.154,0.405,0.49,hsv
171,5.706,Torchere B,Light-Flare,0.7786,moyenne,347,278,418,352,0.535,0.092,0.289,0.438,hsv
171,5.706,Torchere C,Light-Flare,0.6768,moyenne,544,269,624,341,0.594,0.079,0.134,0.395,hsv
172,5.739,Torchere A,Light-Flare,0.9060,moyenne,155,145,226,224,0.404,0.171,0.388,0.489,hsv
172,5.739,Torchere B,Light-Flare,0.7361,moyenne,349,278,418,353,0.529,0.101,0.276,0.449,hsv
172,5.739,Torchere C,Light-Flare,0.7432,moyenne,547,272,625,340,0.559,0.09,0.129,0.417,hsv
173,5.772,Torchere A,Light-Flare,0.8925,moyenne,153,144,226,224,0.42,0.172,0.399,0.482,hsv
173,5.772,Torchere B,Light-Flare,0.8038,moyenne,349,277,418,352,0.516,0.115,0.288,0.459,hsv
173,5.772,Torchere C,Light-Flare,0.8058,moyenne,548,279,625,341,0.551,0.106,0.177,0.446,hsv
174,5.806,Torchere A,Light-Flare,0.9034,moyenne,152,141,227,223,0.44,0.174,0.43,0.468,hsv
174,5.806,Torchere B,Light-Flare,0.8464,moyenne,344,277,418,352,0.535,0.104,0.285,0.447,hsv
174,5.806,Torchere C,Light-Flare,0.8458,moyenne,551,277,626,340,0.531,0.115,0.187,0.459,hsv
175,5.839,Torchere A,Light-Flare,0.9099,moyenne,150,137,227,223,0.48,0.156,0.464,0.444,hsv
175,5.839,Torchere B,Light-Flare,0.8359,moyenne,346,283,417,352,0.489,0.142,0.289,0.489,hsv
175,5.839,Torchere C,Light-Flare,0.7616,moyenne,553,279,625,340,0.504,0.136,0.224,0.488,hsv
176,5.873,Torchere A,Light-Flare,0.8764,moyenne,149,146,227,223,0.442,0.175,0.429,0.462,hsv
176,5.873,Torchere B,Light-Flare,0.7409,moyenne,344,283,417,352,0.493,0.164,0.286,0.493,hsv
176,5.873,Torchere C,Light-Flare,0.6779,moyenne,552,280,624,341,0.48,0.147,0.193,0.499,hsv
177,5.906,Torchere A,Light-Flare,0.6271,mauvaise,145,147,227,223,0.46,0.159,0.425,0.446,hsv
177,5.906,Torchere A,Medium-Flare,0.5502,mauvaise,145,146,227,222,0.46,0.159,0.429,0.446,hsv
177,5.906,Torchere B,Light-Flare,0.8443,moyenne,343,282,418,352,0.495,0.172,0.316,0.486,hsv
177,5.906,Torchere C,Light-Flare,0.7317,moyenne,554,280,623,341,0.453,0.166,0.206,0.516,hsv
178,5.939,Torchere A,Light-Flare,0.8174,moyenne,144,145,226,223,0.456,0.144,0.414,0.432,hsv
178,5.939,Torchere B,Light-Flare,0.8460,moyenne,339,281,418,352,0.507,0.182,0.294,0.466,hsv
178,5.939,Torchere C,Light-Flare,0.7756,moyenne,551,277,624,339,0.464,0.173,0.164,0.491,hsv
179,5.973,Torchere A,Light-Flare,0.8292,moyenne,146,144,226,223,0.47,0.121,0.435,0.43,hsv
179,5.973,Torchere B,Medium-Flare,0.5792,mauvaise,336,277,418,351,0.537,0.161,0.318,0.44,hsv
179,5.973,Torchere B,Light-Flare,0.5439,mauvaise,336,278,418,352,0.536,0.161,0.32,0.44,hsv
179,5.973,Torchere C,Light-Flare,0.8268,moyenne,549,275,624,341,0.502,0.13,0.17,0.455,hsv
180,6.006,Torchere A,Light-Flare,0.8924,moyenne,143,140,227,223,0.51,0.098,0.455,0.404,hsv
180,6.006,Torchere B,Light-Flare,0.6945,mauvaise,338,278,418,353,0.513,0.177,0.291,0.441,hsv
180,6.006,Torchere B,Medium-Flare,0.5104,mauvaise,338,277,419,352,0.52,0.174,0.296,0.438,hsv
180,6.006,Torchere C,Light-Flare,0.8632,moyenne,546,271,624,341,0.533,0.102,0.143,0.421,hsv
181,6.039,Torchere A,Light-Flare,0.9019,moyenne,162,139,228,222,0.414,0.125,0.43,0.473,hsv
181,6.039,Torchere B,Light-Flare,0.5197,moyenne,336,278,418,353,0.527,0.156,0.334,0.432,hsv
181,6.039,Torchere C,Light-Flare,0.8443,moyenne,544,268,623,340,0.572,0.085,0.13,0.405,hsv
182,6.073,Torchere A,Light-Flare,0.9102,moyenne,162,138,228,223,0.402,0.135,0.407,0.475,hsv
182,6.073,Torchere B,Light-Flare,0.7265,moyenne,336,277,419,353,0.534,0.149,0.292,0.426,hsv
182,6.073,Torchere C,Light-Flare,0.8607,moyenne,547,269,623,341,0.545,0.076,0.141,0.41,hsv
183,6.106,Torchere A,Light-Flare,0.8808,moyenne,160,136,227,224,0.444,0.141,0.443,0.464,hsv
183,6.106,Torchere B,Medium-Flare,0.5535,mauvaise,333,274,419,351,0.548,0.124,0.305,0.413,hsv
183,6.106,Torchere B,Light-Flare,0.5215,mauvaise,334,273,419,352,0.551,0.123,0.301,0.41,hsv
183,6.106,Torchere C,Light-Flare,0.8676,moyenne,546,281,624,341,0.535,0.081,0.19,0.446,hsv
184,6.139,Torchere A,Light-Flare,0.9168,moyenne,157,134,228,222,0.467,0.133,0.477,0.448,hsv
184,6.139,Torchere B,Medium-Flare,0.5598,mauvaise,328,272,419,351,0.585,0.111,0.317,0.393,hsv
184,6.139,Torchere B,Light-Flare,0.5151,mauvaise,329,271,419,353,0.594,0.108,0.313,0.387,hsv
184,6.139,Torchere C,Light-Flare,0.8740,moyenne,544,282,624,341,0.531,0.083,0.169,0.449,hsv
185,6.173,Torchere A,Light-Flare,0.9124,moyenne,155,132,229,222,0.485,0.12,0.491,0.428,hsv
185,6.173,Torchere B,Medium-Flare,0.5930,mauvaise,329,274,419,351,0.581,0.087,0.354,0.397,hsv
185,6.173,Torchere C,Light-Flare,0.8513,moyenne,543,280,624,340,0.554,0.077,0.247,0.447,hsv
186,6.206,Torchere A,Light-Flare,0.8716,moyenne,152,134,228,221,0.466,0.12,0.455,0.433,hsv
186,6.206,Torchere B,Light-Flare,0.7727,moyenne,328,272,420,353,0.611,0.074,0.311,0.377,hsv
186,6.206,Torchere C,Light-Flare,0.8554,moyenne,549,278,623,341,0.516,0.085,0.189,0.467,hsv
187,6.240,Torchere A,Light-Flare,0.8778,moyenne,153,135,227,222,0.455,0.111,0.435,0.444,hsv
187,6.240,Torchere B,Light-Flare,0.7558,moyenne,357,282,419,353,0.459,0.1,0.278,0.503,hsv
187,6.240,Torchere C,Light-Flare,0.8376,moyenne,553,278,623,341,0.495,0.112,0.188,0.493,hsv
188,6.273,Torchere A,Light-Flare,0.8987,moyenne,151,135,228,223,0.467,0.126,0.431,0.436,hsv
188,6.273,Torchere B,Light-Flare,0.8414,moyenne,358,281,419,353,0.45,0.11,0.253,0.51,hsv
188,6.273,Torchere C,Light-Flare,0.8723,moyenne,551,276,623,341,0.507,0.124,0.159,0.485,hsv
189,6.306,Torchere A,Light-Flare,0.8369,moyenne,149,133,229,222,0.498,0.102,0.467,0.426,hsv
189,6.306,Torchere B,Light-Flare,0.8511,moyenne,357,279,419,352,0.447,0.137,0.276,0.509,hsv
189,6.306,Torchere C,Light-Flare,0.6841,moyenne,548,276,623,341,0.5,0.135,0.146,0.481,hsv
190,6.340,Torchere A,Light-Flare,0.7534,moyenne,151,131,228,224,0.487,0.121,0.444,0.428,hsv
190,6.340,Torchere B,Light-Flare,0.8493,moyenne,355,276,419,353,0.458,0.165,0.253,0.488,hsv
190,6.340,Torchere C,Light-Flare,0.8348,moyenne,544,274,623,340,0.507,0.15,0.14,0.468,hsv
191,6.373,Torchere A,Light-Flare,0.8850,moyenne,150,131,228,222,0.496,0.131,0.446,0.431,hsv
191,6.373,Torchere B,Light-Flare,0.7888,moyenne,352,275,420,353,0.493,0.179,0.282,0.467,hsv
191,6.373,Torchere C,Medium-Flare,0.5527,mauvaise,539,272,625,340,0.559,0.136,0.157,0.438,hsv
192,6.406,Torchere A,Light-Flare,0.7159,moyenne,149,129,228,223,0.504,0.127,0.464,0.418,hsv
192,6.406,Torchere B,Light-Flare,0.7635,moyenne,353,278,419,353,0.463,0.203,0.27,0.485,hsv
192,6.406,Torchere C,Light-Flare,0.8759,moyenne,541,274,625,340,0.532,0.146,0.148,0.45,hsv
193,6.440,Torchere A,Medium-Flare,0.7299,mauvaise,150,127,228,222,0.513,0.112,0.489,0.412,hsv
193,6.440,Torchere B,Light-Flare,0.8557,moyenne,352,282,418,353,0.46,0.207,0.288,0.5,hsv
193,6.440,Torchere C,Light-Flare,0.8636,moyenne,540,271,624,339,0.558,0.122,0.189,0.434,hsv
194,6.473,Torchere A,Light-Flare,0.8285,moyenne,150,126,228,225,0.543,0.099,0.515,0.397,hsv
194,6.473,Torchere B,Light-Flare,0.8798,moyenne,348,278,417,354,0.494,0.199,0.269,0.462,hsv
194,6.473,Torchere C,Light-Flare,0.8401,moyenne,544,272,624,340,0.54,0.128,0.162,0.445,hsv
195,6.506,Torchere A,Light-Flare,0.8145,moyenne,152,121,228,224,0.542,0.09,0.526,0.394,hsv
195,6.506,Torchere B,Light-Flare,0.8871,moyenne,349,276,416,354,0.486,0.168,0.286,0.452,hsv
195,6.506,Torchere C,Light-Flare,0.8635,moyenne,544,274,624,341,0.529,0.131,0.199,0.45,hsv
196,6.540,Torchere A,Light-Flare,0.8663,moyenne,152,121,228,224,0.54,0.086,0.515,0.396,hsv
196,6.540,Torchere B,Light-Flare,0.9077,moyenne,345,272,416,354,0.544,0.118,0.293,0.411,hsv
196,6.540,Torchere C,Light-Flare,0.8686,moyenne,543,274,624,341,0.511,0.133,0.179,0.45,hsv
197,6.573,Torchere A,Light-Flare,0.9018,moyenne,166,133,227,224,0.4,0.13,0.386,0.485,hsv
197,6.573,Torchere B,Light-Flare,0.8899,moyenne,344,285,417,353,0.502,0.139,0.331,0.445,hsv
197,6.573,Torchere C,Light-Flare,0.8729,moyenne,545,269,623,341,0.529,0.136,0.159,0.444,hsv
198,6.607,Torchere A,Light-Flare,0.9061,bonne,164,139,227,222,0.352,0.158,0.356,0.507,hsv
198,6.607,Torchere B,Light-Flare,0.8816,moyenne,341,287,417,353,0.507,0.151,0.311,0.44,hsv
198,6.607,Torchere C,Light-Flare,0.8698,moyenne,541,267,624,342,0.571,0.131,0.149,0.42,hsv
199,6.640,Torchere A,Light-Flare,0.9101,moyenne,162,137,228,224,0.404,0.151,0.403,0.482,hsv
199,6.640,Torchere B,Light-Flare,0.8666,moyenne,338,286,416,353,0.54,0.147,0.357,0.428,hsv
199,6.640,Torchere C,Light-Flare,0.8799,moyenne,544,267,623,342,0.543,0.124,0.152,0.433,hsv
200,6.673,Torchere A,Light-Flare,0.9144,bonne,160,137,228,223,0.388,0.157,0.388,0.479,hsv
200,6.673,Torchere B,Light-Flare,0.8760,moyenne,335,283,416,353,0.56,0.123,0.34,0.408,hsv
200,6.673,Torchere C,Light-Flare,0.8568,moyenne,540,269,624,341,0.551,0.1,0.142,0.425,hsv
201,6.707,Torchere A,Light-Flare,0.9140,moyenne,160,136,228,223,0.412,0.152,0.408,0.475,hsv
201,6.707,Torchere B,Light-Flare,0.8621,moyenne,345,283,416,353,0.524,0.114,0.311,0.436,hsv
201,6.707,Torchere C,Light-Flare,0.8593,moyenne,550,275,625,341,0.492,0.117,0.162,0.475,hsv
202,6.740,Torchere A,Light-Flare,0.9142,moyenne,158,135,228,223,0.426,0.165,0.418,0.467,hsv
202,6.740,Torchere B,Light-Flare,0.8744,moyenne,347,283,416,354,0.513,0.096,0.3,0.437,hsv
202,6.740,Torchere C,Light-Flare,0.8715,moyenne,547,274,625,341,0.514,0.137,0.14,0.468,hsv
203,6.773,Torchere A,Light-Flare,0.9085,moyenne,155,133,228,224,0.47,0.134,0.467,0.441,hsv
203,6.773,Torchere B,Light-Flare,0.8797,moyenne,345,288,417,354,0.525,0.1,0.311,0.447,hsv
203,6.773,Torchere C,Light-Flare,0.8639,moyenne,544,273,625,341,0.543,0.128,0.216,0.455,hsv
204,6.807,Torchere A,Light-Flare,0.9049,moyenne,153,132,228,224,0.49,0.129,0.478,0.428,hsv
204,6.807,Torchere B,Light-Flare,0.8874,moyenne,345,287,417,353,0.515,0.117,0.284,0.452,hsv
204,6.807,Torchere C,Light-Flare,0.8651,moyenne,540,271,625,341,0.548,0.134,0.141,0.439,hsv
205,6.840,Torchere A,Light-Flare,0.9132,moyenne,151,133,228,222,0.497,0.118,0.486,0.426,hsv
205,6.840,Torchere B,Light-Flare,0.8557,moyenne,351,288,417,353,0.489,0.148,0.313,0.484,hsv
205,6.840,Torchere C,Light-Flare,0.8612,moyenne,540,268,625,341,0.571,0.115,0.17,0.425,hsv
206,6.874,Torchere A,Light-Flare,0.9064,moyenne,158,139,227,224,0.416,0.133,0.402,0.458,hsv
206,6.874,Torchere B,Light-Flare,0.8705,moyenne,350,285,417,353,0.496,0.167,0.273,0.474,hsv
206,6.874,Torchere C,Light-Flare,0.8645,moyenne,541,275,625,341,0.526,0.135,0.176,0.452,hsv
207,6.907,Torchere A,Light-Flare,0.8951,bonne,163,140,226,224,0.399,0.157,0.383,0.473,hsv
207,6.907,Torchere B,Light-Flare,0.8917,moyenne,350,282,417,355,0.509,0.172,0.32,0.457,hsv
207,6.907,Torchere C,Light-Flare,0.8600,moyenne,536,276,625,341,0.559,0.138,0.182,0.443,hsv
208,6.940,Torchere A,Light-Flare,0.9023,moyenne,163,138,227,222,0.421,0.152,0.401,0.453,hsv
208,6.940,Torchere B,Light-Flare,0.8572,moyenne,348,279,417,354,0.517,0.192,0.275,0.443,hsv
208,6.940,Torchere C,Light-Flare,0.7650,moyenne,534,275,624,342,0.551,0.142,0.142,0.432,hsv
209,6.974,Torchere A,Light-Flare,0.8938,moyenne,163,139,227,224,0.455,0.138,0.458,0.437,hsv
209,6.974,Torchere B,Light-Flare,0.8639,moyenne,343,275,416,355,0.569,0.167,0.304,0.404,hsv
209,6.974,Torchere C,Light-Flare,0.7944,mauvaise,529,275,623,341,0.553,0.119,0.141,0.42,hsv
209,6.974,Torchere C,Medium-Flare,0.5075,mauvaise,528,273,623,341,0.565,0.115,0.137,0.411,hsv
210,7.007,Torchere A,Light-Flare,0.8800,bonne,169,148,226,223,0.34,0.159,0.347,0.495,hsv
210,7.007,Torchere B,Light-Flare,0.8677,moyenne,344,273,415,354,0.568,0.152,0.295,0.393,hsv
210,7.007,Torchere C,Light-Flare,0.8407,moyenne,527,275,625,342,0.584,0.125,0.132,0.4,hsv
211,7.040,Torchere A,Light-Flare,0.9027,bonne,169,145,226,223,0.372,0.143,0.371,0.49,hsv
211,7.040,Torchere B,Light-Flare,0.8718,moyenne,357,270,415,353,0.526,0.153,0.262,0.42,hsv
211,7.040,Torchere C,Light-Flare,0.8372,moyenne,528,279,625,340,0.552,0.135,0.188,0.417,hsv
212,7.074,Torchere A,Light-Flare,0.8958,bonne,166,143,225,224,0.399,0.125,0.383,0.481,hsv
212,7.074,Torchere B,Light-Flare,0.8586,moyenne,354,268,418,353,0.59,0.095,0.263,0.382,hsv
212,7.074,Torchere C,Light-Flare,0.8623,moyenne,523,280,624,341,0.561,0.127,0.135,0.404,hsv
213,7.107,Torchere A,Light-Flare,0.8972,moyenne,164,140,226,224,0.436,0.114,0.424,0.463,hsv
213,7.107,Torchere B,Light-Flare,0.7824,moyenne,357,275,418,354,0.578,0.095,0.307,0.402,hsv
213,7.107,Torchere C,Light-Flare,0.8483,moyenne,527,279,625,340,0.581,0.131,0.147,0.407,hsv
214,7.140,Torchere A,Light-Flare,0.9114,moyenne,160,140,226,223,0.441,0.124,0.428,0.46,hsv
214,7.140,Torchere B,Light-Flare,0.8630,moyenne,353,278,418,354,0.58,0.084,0.314,0.404,hsv
214,7.140,Torchere C,Light-Flare,0.8699,moyenne,541,282,624,341,0.512,0.161,0.139,0.452,hsv
215,7.174,Torchere A,Light-Flare,0.9097,moyenne,162,138,227,223,0.452,0.121,0.444,0.463,hsv
215,7.174,Torchere B,Light-Flare,0.8513,moyenne,359,276,417,353,0.544,0.096,0.268,0.434,hsv
215,7.174,Torchere C,Light-Flare,0.8763,moyenne,541,281,624,341,0.528,0.146,0.139,0.445,hsv
216,7.207,Torchere A,Light-Flare,0.9012,moyenne,160,138,227,222,0.448,0.129,0.441,0.459,hsv
216,7.207,Torchere B,Light-Flare,0.8431,moyenne,358,286,416,353,0.502,0.133,0.332,0.483,hsv
216,7.207,Torchere C,Light-Flare,0.8886,moyenne,539,278,624,342,0.563,0.136,0.148,0.416,hsv
217,7.241,Torchere A,Light-Flare,0.8840,moyenne,158,139,227,224,0.455,0.141,0.436,0.446,hsv
217,7.241,Torchere B,Light-Flare,0.8761,moyenne,360,285,415,354,0.442,0.17,0.238,0.505,hsv
217,7.241,Torchere C,Light-Flare,0.9056,moyenne,537,279,624,342,0.579,0.121,0.147,0.409,hsv
218,7.274,Torchere A,Light-Flare,0.8921,moyenne,155,138,227,226,0.502,0.107,0.475,0.419,hsv
218,7.274,Torchere B,Light-Flare,0.8153,moyenne,359,283,415,354,0.461,0.175,0.26,0.491,hsv
218,7.274,Torchere C,Light-Flare,0.8649,moyenne,542,280,624,341,0.552,0.106,0.132,0.426,hsv
219,7.307,Torchere A,Light-Flare,0.8634,moyenne,159,143,226,225,0.448,0.12,0.417,0.451,hsv
219,7.307,Torchere B,Light-Flare,0.8466,moyenne,356,282,415,354,0.461,0.136,0.237,0.472,hsv
219,7.307,Torchere C,Light-Flare,0.8833,moyenne,555,280,623,341,0.469,0.096,0.141,0.474,hsv
220,7.341,Torchere A,Light-Flare,0.8953,bonne,167,146,225,225,0.373,0.162,0.33,0.506,hsv
220,7.341,Torchere B,Light-Flare,0.8554,moyenne,354,277,416,354,0.516,0.13,0.266,0.441,hsv
220,7.341,Torchere C,Light-Flare,0.8808,moyenne,553,279,624,341,0.528,0.086,0.168,0.459,hsv
221,7.374,Torchere A,Light-Flare,0.8962,bonne,168,144,226,224,0.364,0.161,0.33,0.509,hsv
221,7.374,Torchere B,Light-Flare,0.8726,moyenne,349,273,417,354,0.561,0.106,0.257,0.407,hsv
221,7.374,Torchere C,Light-Flare,0.8664,moyenne,551,280,625,342,0.528,0.085,0.159,0.457,hsv
222,7.407,Torchere A,Light-Flare,0.8930,bonne,165,142,227,223,0.4,0.138,0.366,0.493,hsv
222,7.407,Torchere B,Light-Flare,0.8507,moyenne,356,272,416,354,0.536,0.114,0.241,0.431,hsv
222,7.407,Torchere C,Light-Flare,0.8603,moyenne,554,279,625,341,0.503,0.102,0.155,0.477,hsv
223,7.441,Torchere A,Light-Flare,0.8975,moyenne,161,137,227,224,0.454,0.138,0.416,0.466,hsv
223,7.441,Torchere B,Light-Flare,0.8651,moyenne,355,269,416,354,0.544,0.098,0.235,0.418,hsv
223,7.441,Torchere C,Light-Flare,0.8608,moyenne,557,278,625,339,0.48,0.122,0.148,0.504,hsv
224,7.474,Torchere A,Light-Flare,0.8849,moyenne,156,135,228,224,0.498,0.14,0.471,0.442,hsv
224,7.474,Torchere B,Light-Flare,0.8392,moyenne,357,269,416,354,0.564,0.083,0.282,0.424,hsv
224,7.474,Torchere C,Light-Flare,0.8738,moyenne,554,277,624,340,0.493,0.129,0.176,0.495,hsv
225,7.508,Torchere A,Light-Flare,0.8728,moyenne,151,134,228,224,0.506,0.122,0.473,0.421,hsv
225,7.508,Torchere B,Light-Flare,0.8547,moyenne,358,275,416,355,0.539,0.093,0.285,0.447,hsv
225,7.508,Torchere C,Light-Flare,0.8746,moyenne,551,274,624,341,0.515,0.134,0.15,0.474,hsv
226,7.541,Torchere A,Light-Flare,0.8756,moyenne,151,132,228,224,0.525,0.098,0.503,0.411,hsv
226,7.541,Torchere B,Light-Flare,0.8608,moyenne,363,279,417,354,0.481,0.122,0.324,0.496,hsv
226,7.541,Torchere C,Light-Flare,0.8817,moyenne,550,274,623,340,0.512,0.142,0.202,0.482,hsv
227,7.574,Torchere A,Light-Flare,0.8770,moyenne,150,132,228,225,0.515,0.08,0.489,0.409,hsv
227,7.574,Torchere B,Light-Flare,0.8673,moyenne,361,275,418,354,0.512,0.156,0.312,0.48,hsv
227,7.574,Torchere C,Light-Flare,0.8711,moyenne,548,271,623,340,0.514,0.157,0.161,0.468,hsv
228,7.608,Torchere A,Light-Flare,0.9095,moyenne,160,137,227,224,0.427,0.099,0.419,0.476,hsv
228,7.608,Torchere B,Light-Flare,0.8634,moyenne,359,273,418,354,0.517,0.162,0.314,0.471,hsv
228,7.608,Torchere C,Light-Flare,0.7644,moyenne,547,269,623,341,0.527,0.164,0.166,0.456,hsv
229,7.641,Torchere A,Light-Flare,0.9071,moyenne,159,133,227,224,0.428,0.123,0.421,0.47,hsv
229,7.641,Torchere B,Light-Flare,0.8851,moyenne,358,269,416,355,0.496,0.172,0.268,0.465,hsv
229,7.641,Torchere C,Light-Flare,0.8177,moyenne,545,268,624,341,0.53,0.168,0.152,0.442,hsv
230,7.674,Torchere A,Light-Flare,0.8843,moyenne,155,131,226,225,0.46,0.142,0.43,0.451,hsv
230,7.674,Torchere B,Light-Flare,0.8848,moyenne,354,271,416,353,0.506,0.146,0.283,0.456,hsv
230,7.674,Torchere C,Light-Flare,0.8086,moyenne,543,267,624,340,0.531,0.145,0.156,0.429,hsv
231,7.708,Torchere A,Light-Flare,0.9008,moyenne,152,129,226,223,0.477,0.15,0.455,0.435,hsv
231,7.708,Torchere B,Light-Flare,0.8791,moyenne,352,274,416,353,0.523,0.152,0.292,0.457,hsv
231,7.708,Torchere C,Light-Flare,0.6971,mauvaise,541,264,624,341,0.577,0.114,0.199,0.401,hsv
231,7.708,Torchere C,Medium-Flare,0.5702,mauvaise,541,265,625,341,0.577,0.114,0.204,0.401,hsv
232,7.741,Torchere A,Medium-Flare,0.7901,mauvaise,149,127,227,224,0.521,0.137,0.495,0.405,hsv
232,7.741,Torchere A,Light-Flare,0.4862,mauvaise,149,127,227,224,0.521,0.137,0.495,0.405,hsv
232,7.741,Torchere B,Light-Flare,0.8881,moyenne,350,272,416,354,0.525,0.132,0.258,0.436,hsv
232,7.741,Torchere C,Light-Flare,0.8247,mauvaise,543,265,625,341,0.56,0.092,0.157,0.404,hsv
232,7.741,Torchere C,Medium-Flare,0.5916,mauvaise,542,265,625,341,0.566,0.091,0.157,0.401,hsv
233,7.774,Torchere A,Light-Flare,0.7998,moyenne,148,126,227,224,0.544,0.126,0.515,0.39,hsv
233,7.774,Torchere B,Light-Flare,0.9068,moyenne,348,271,416,354,0.556,0.103,0.293,0.419,hsv
233,7.774,Torchere C,Light-Flare,0.8572,moyenne,545,274,624,341,0.543,0.086,0.213,0.434,hsv
234,7.808,Torchere A,Medium-Flare,0.6514,mauvaise,144,124,229,225,0.596,0.086,0.545,0.359,hsv
234,7.808,Torchere B,Light-Flare,0.8662,moyenne,347,263,416,356,0.606,0.106,0.277,0.389,hsv
234,7.808,Torchere C,Light-Flare,0.8715,moyenne,546,273,624,342,0.546,0.081,0.177,0.432,hsv
235,7.841,Torchere A,Light-Flare,0.6936,moyenne,149,121,228,225,0.599,0.07,0.555,0.36,hsv
235,7.841,Torchere B,Light-Flare,0.8294,moyenne,348,264,417,355,0.622,0.12,0.291,0.391,hsv
235,7.841,Torchere C,Light-Flare,0.8647,moyenne,545,273,623,342,0.557,0.089,0.205,0.439,hsv
236,7.875,Torchere A,Light-Flare,0.8442,bonne,172,153,227,224,0.29,0.12,0.277,0.543,hsv
236,7.875,Torchere B,Light-Flare,0.6624,moyenne,344,258,416,354,0.629,0.126,0.252,0.372,hsv
236,7.875,Torchere C,Light-Flare,0.8660,moyenne,544,272,623,341,0.537,0.101,0.205,0.444,hsv
237,7.908,Torchere A,Light-Flare,0.8729,bonne,171,151,227,223,0.321,0.115,0.312,0.542,hsv
237,7.908,Torchere B,Light-Flare,0.7704,moyenne,352,280,418,354,0.54,0.174,0.345,0.436,hsv
237,7.908,Torchere C,Light-Flare,0.8512,moyenne,544,272,623,340,0.544,0.112,0.324,0.45,hsv
238,7.941,Torchere A,Light-Flare,0.8935,bonne,169,150,227,223,0.316,0.122,0.298,0.54,hsv
238,7.941,Torchere B,Light-Flare,0.7945,moyenne,351,275,416,354,0.553,0.158,0.303,0.416,hsv
238,7.941,Torchere C,Light-Flare,0.8401,moyenne,542,269,623,341,0.559,0.107,0.223,0.43,hsv
239,7.975,Torchere A,Light-Flare,0.8892,bonne,168,150,227,222,0.313,0.138,0.306,0.549,hsv
239,7.975,Torchere B,Light-Flare,0.8146,moyenne,353,276,417,354,0.57,0.134,0.318,0.412,hsv
239,7.975,Torchere C,Light-Flare,0.8509,moyenne,539,267,623,342,0.587,0.104,0.205,0.411,hsv
240,8.008,Torchere A,Light-Flare,0.8878,bonne,164,149,227,223,0.328,0.156,0.302,0.53,hsv
240,8.008,Torchere B,Light-Flare,0.8767,moyenne,357,277,416,354,0.544,0.133,0.282,0.429,hsv
240,8.008,Torchere C,Light-Flare,0.8532,moyenne,539,263,624,341,0.61,0.09,0.213,0.396,hsv
241,8.041,Torchere A,Light-Flare,0.8823,bonne,164,148,228,223,0.343,0.169,0.32,0.527,hsv
241,8.041,Torchere B,Light-Flare,0.8594,moyenne,356,275,416,352,0.571,0.121,0.337,0.42,hsv
241,8.041,Torchere C,Light-Flare,0.8313,moyenne,538,265,625,341,0.617,0.081,0.276,0.391,hsv
242,8.075,Torchere A,Light-Flare,0.8940,bonne,164,146,228,223,0.36,0.177,0.339,0.519,hsv
242,8.075,Torchere B,Light-Flare,0.8697,moyenne,354,272,416,352,0.569,0.101,0.34,0.404,hsv
242,8.075,Torchere C,Light-Flare,0.8032,moyenne,546,278,624,341,0.517,0.122,0.249,0.461,hsv
243,8.108,Torchere A,Light-Flare,0.8906,bonne,164,147,227,223,0.335,0.175,0.301,0.526,hsv
243,8.108,Torchere B,Light-Flare,0.8841,moyenne,354,269,415,352,0.596,0.089,0.268,0.397,hsv
243,8.108,Torchere C,Light-Flare,0.8649,moyenne,550,278,623,341,0.48,0.141,0.235,0.484,hsv
244,8.141,Torchere A,Light-Flare,0.8885,bonne,163,147,227,223,0.346,0.182,0.302,0.513,hsv
244,8.141,Torchere B,Light-Flare,0.8467,moyenne,359,286,415,353,0.49,0.113,0.349,0.471,hsv
244,8.141,Torchere C,Light-Flare,0.8704,moyenne,549,277,623,341,0.496,0.13,0.291,0.479,hsv
245,8.175,Torchere A,Light-Flare,0.8956,bonne,161,148,227,223,0.337,0.206,0.285,0.496,hsv
245,8.175,Torchere B,Light-Flare,0.8388,moyenne,360,288,415,353,0.436,0.079,0.258,0.49,hsv
245,8.175,Torchere C,Light-Flare,0.8737,moyenne,545,277,623,341,0.507,0.133,0.208,0.473,hsv
246,8.208,Torchere A,Light-Flare,0.8897,bonne,160,145,227,224,0.399,0.162,0.354,0.46,hsv
246,8.208,Torchere B,Light-Flare,0.8340,moyenne,359,289,415,354,0.462,0.079,0.296,0.494,hsv
246,8.208,Torchere C,Light-Flare,0.8748,moyenne,543,276,623,340,0.513,0.146,0.187,0.473,hsv
247,8.242,Torchere A,Light-Flare,0.8986,moyenne,161,142,227,223,0.424,0.123,0.4,0.448,hsv
247,8.242,Torchere B,Light-Flare,0.8219,moyenne,357,289,416,354,0.464,0.104,0.274,0.498,hsv
247,8.242,Torchere C,Light-Flare,0.8155,moyenne,540,274,624,340,0.525,0.141,0.152,0.457,hsv
248,8.275,Torchere A,Light-Flare,0.8958,moyenne,162,140,227,223,0.447,0.104,0.433,0.446,hsv
248,8.275,Torchere B,Light-Flare,0.8433,moyenne,355,287,416,354,0.488,0.126,0.305,0.491,hsv
248,8.275,Torchere C,Light-Flare,0.8004,moyenne,541,273,624,340,0.525,0.147,0.165,0.463,hsv
249,8.308,Torchere A,Light-Flare,0.8930,moyenne,160,139,227,223,0.442,0.102,0.415,0.443,hsv
249,8.308,Torchere B,Light-Flare,0.8445,moyenne,353,286,416,354,0.469,0.134,0.233,0.491,hsv
249,8.308,Torchere C,Light-Flare,0.8355,moyenne,546,271,625,340,0.51,0.153,0.17,0.474,hsv
250,8.342,Torchere A,Light-Flare,0.9027,moyenne,159,137,227,223,0.471,0.096,0.45,0.436,hsv
250,8.342,Torchere B,Light-Flare,0.7860,moyenne,348,285,416,354,0.491,0.138,0.267,0.472,hsv
250,8.342,Torchere C,Light-Flare,0.8733,moyenne,551,269,624,340,0.48,0.166,0.218,0.497,hsv
251,8.375,Torchere A,Light-Flare,0.9018,moyenne,162,136,227,223,0.46,0.12,0.435,0.454,hsv
251,8.375,Torchere B,Light-Flare,0.7527,moyenne,344,281,416,352,0.527,0.173,0.251,0.452,hsv
251,8.375,Torchere C,Light-Flare,0.8140,moyenne,550,268,624,340,0.486,0.186,0.208,0.495,hsv
252,8.408,Torchere A,Light-Flare,0.8975,moyenne,159,135,228,222,0.467,0.109,0.461,0.446,hsv
252,8.408,Torchere B,Light-Flare,0.6616,moyenne,350,279,416,355,0.511,0.193,0.28,0.453,hsv
252,8.408,Torchere C,Light-Flare,0.8156,moyenne,546,266,623,341,0.508,0.183,0.221,0.471,hsv
253,8.442,Torchere A,Light-Flare,0.9064,moyenne,160,133,227,222,0.435,0.109,0.414,0.453,hsv
253,8.442,Torchere B,Medium-Flare,0.5263,mauvaise,350,279,417,354,0.488,0.197,0.243,0.456,hsv
253,8.442,Torchere C,Light-Flare,0.8668,moyenne,544,265,622,340,0.497,0.173,0.179,0.463,hsv
254,8.475,Torchere A,Light-Flare,0.9062,moyenne,160,131,227,221,0.463,0.109,0.464,0.453,hsv
254,8.475,Torchere B,Light-Flare,0.8154,moyenne,350,278,417,352,0.502,0.195,0.306,0.456,hsv
254,8.475,Torchere C,Light-Flare,0.8879,moyenne,543,263,623,340,0.53,0.163,0.178,0.441,hsv
255,8.508,Torchere A,Light-Flare,0.8971,moyenne,163,129,227,221,0.418,0.112,0.404,0.465,hsv
255,8.508,Torchere B,Light-Flare,0.8301,moyenne,345,274,417,353,0.555,0.155,0.33,0.412,hsv
255,8.508,Torchere C,Light-Flare,0.8532,moyenne,543,261,622,339,0.543,0.144,0.169,0.432,hsv
256,8.542,Torchere A,Light-Flare,0.9007,bonne,165,128,227,221,0.393,0.12,0.375,0.473,hsv
256,8.542,Torchere B,Light-Flare,0.8865,moyenne,345,273,418,353,0.579,0.118,0.32,0.395,hsv
256,8.542,Torchere C,Light-Flare,0.7429,moyenne,540,262,622,340,0.587,0.123,0.181,0.413,hsv
257,8.575,Torchere A,Light-Flare,0.9000,bonne,166,126,227,222,0.387,0.107,0.368,0.47,hsv
257,8.575,Torchere B,Light-Flare,0.8532,moyenne,339,269,418,353,0.631,0.089,0.28,0.363,hsv
257,8.575,Torchere C,Light-Flare,0.6665,mauvaise,541,265,622,340,0.585,0.119,0.194,0.418,hsv
257,8.575,Torchere C,Medium-Flare,0.6146,mauvaise,540,262,622,339,0.602,0.114,0.19,0.409,hsv
258,8.609,Torchere A,Light-Flare,0.9051,moyenne,167,124,228,225,0.441,0.114,0.426,0.457,hsv
258,8.609,Torchere B,Light-Flare,0.8118,moyenne,344,265,417,354,0.662,0.073,0.323,0.361,hsv
258,8.609,Torchere C,Light-Flare,0.8651,moyenne,546,270,622,341,0.551,0.125,0.26,0.449,hsv
259,8.642,Torchere A,Light-Flare,0.9061,moyenne,165,124,228,225,0.438,0.129,0.427,0.453,hsv
259,8.642,Torchere B,Light-Flare,0.8330,moyenne,345,266,417,353,0.646,0.054,0.335,0.366,hsv
259,8.642,Torchere C,Light-Flare,0.8901,moyenne,545,271,622,340,0.545,0.121,0.245,0.458,hsv
260,8.675,Torchere A,Light-Flare,0.9040,moyenne,164,124,228,223,0.424,0.143,0.407,0.463,hsv
260,8.675,Torchere B,Light-Flare,0.8401,moyenne,360,279,418,353,0.531,0.072,0.306,0.455,hsv
260,8.675,Torchere C,Light-Flare,0.8641,moyenne,541,266,622,340,0.579,0.105,0.21,0.431,hsv
261,8.709,Torchere A,Light-Flare,0.8925,moyenne,164,123,228,224,0.44,0.141,0.435,0.465,hsv
261,8.709,Torchere B,Light-Flare,0.8327,moyenne,359,279,418,353,0.523,0.089,0.317,0.464,hsv
261,8.709,Torchere C,Light-Flare,0.8490,moyenne,550,267,623,340,0.538,0.117,0.207,0.464,hsv
262,8.742,Torchere A,Light-Flare,0.9050,moyenne,163,125,228,222,0.419,0.17,0.421,0.473,hsv
262,8.742,Torchere B,Light-Flare,0.8401,moyenne,357,277,418,353,0.509,0.121,0.292,0.464,hsv
262,8.742,Torchere C,Light-Flare,0.8172,moyenne,548,267,623,340,0.538,0.13,0.212,0.466,hsv
263,8.775,Torchere A,Light-Flare,0.9125,moyenne,161,129,227,223,0.418,0.162,0.393,0.471,hsv
263,8.775,Torchere B,Light-Flare,0.8504,moyenne,356,274,417,353,0.504,0.142,0.265,0.467,hsv
263,8.775,Torchere C,Light-Flare,0.8730,moyenne,544,266,622,340,0.532,0.134,0.174,0.456,hsv
264,8.809,Torchere A,Light-Flare,0.9162,moyenne,157,131,227,223,0.447,0.154,0.416,0.456,hsv
264,8.809,Torchere B,Light-Flare,0.8758,moyenne,354,273,418,353,0.519,0.141,0.279,0.457,hsv
264,8.809,Torchere C,Light-Flare,0.7081,moyenne,545,265,623,340,0.533,0.141,0.2,0.453,hsv
265,8.842,Torchere A,Light-Flare,0.9061,moyenne,153,130,227,223,0.465,0.128,0.426,0.435,hsv
265,8.842,Torchere B,Light-Flare,0.8503,moyenne,353,267,419,352,0.54,0.129,0.239,0.433,hsv
265,8.842,Torchere C,Light-Flare,0.8565,moyenne,545,269,623,341,0.504,0.158,0.158,0.469,hsv
266,8.876,Torchere A,Light-Flare,0.9145,moyenne,159,131,227,223,0.433,0.124,0.407,0.451,hsv
266,8.876,Torchere B,Light-Flare,0.8650,moyenne,350,265,418,352,0.573,0.138,0.234,0.419,hsv
266,8.876,Torchere C,Light-Flare,0.8955,moyenne,546,269,623,341,0.484,0.176,0.186,0.476,hsv
267,8.909,Torchere A,Light-Flare,0.9136,moyenne,160,131,227,223,0.449,0.11,0.421,0.451,hsv
267,8.909,Torchere B,Light-Flare,0.8783,moyenne,353,264,418,353,0.55,0.141,0.24,0.42,hsv
267,8.909,Torchere C,Light-Flare,0.8690,moyenne,542,266,622,341,0.522,0.166,0.188,0.449,hsv
268,8.942,Torchere A,Light-Flare,0.9125,bonne,162,141,226,223,0.386,0.132,0.36,0.494,hsv
268,8.942,Torchere B,Light-Flare,0.9002,moyenne,351,263,417,354,0.595,0.099,0.324,0.397,hsv
268,8.942,Torchere C,Light-Flare,0.8856,moyenne,544,263,622,340,0.548,0.132,0.209,0.436,hsv
269,8.976,Torchere A,Light-Flare,0.9092,bonne,161,139,226,223,0.397,0.133,0.372,0.482,hsv
269,8.976,Torchere B,Light-Flare,0.8380,moyenne,353,271,416,354,0.58,0.082,0.31,0.414,hsv
269,8.976,Torchere C,Light-Flare,0.8770,moyenne,546,263,621,341,0.542,0.119,0.172,0.431,hsv
270,9.009,Torchere A,Light-Flare,0.9128,moyenne,159,134,227,223,0.454,0.125,0.424,0.457,hsv
270,9.009,Torchere B,Light-Flare,0.8492,moyenne,357,285,415,354,0.507,0.099,0.28,0.476,hsv
270,9.009,Torchere C,Light-Flare,0.6062,mauvaise,546,261,623,341,0.586,0.095,0.17,0.411,hsv
270,9.009,Torchere C,Medium-Flare,0.4037,mauvaise,546,261,623,341,0.586,0.095,0.17,0.411,hsv
271,9.042,Torchere A,Light-Flare,0.9061,moyenne,159,132,227,223,0.447,0.14,0.425,0.454,hsv
271,9.042,Torchere B,Light-Flare,0.8742,moyenne,356,288,415,354,0.484,0.115,0.256,0.493,hsv
271,9.042,Torchere C,Light-Flare,0.8484,moyenne,545,271,623,341,0.542,0.117,0.183,0.442,hsv
272,9.076,Torchere A,Light-Flare,0.8949,moyenne,160,138,227,223,0.433,0.143,0.418,0.476,hsv
272,9.076,Torchere B,Light-Flare,0.8714,moyenne,354,290,414,353,0.444,0.145,0.262,0.515,hsv
272,9.076,Torchere C,Light-Flare,0.8982,moyenne,549,274,622,341,0.487,0.145,0.163,0.477,hsv
273,9.109,Torchere A,Light-Flare,0.9012,bonne,160,144,227,223,0.393,0.151,0.346,0.497,hsv
273,9.109,Torchere B,Light-Flare,0.8840,moyenne,352,286,415,353,0.47,0.153,0.271,0.489,hsv
273,9.109,Torchere C,Light-Flare,0.8891,moyenne,550,273,623,341,0.492,0.146,0.178,0.477,hsv
274,9.142,Torchere A,Light-Flare,0.8879,moyenne,157,143,228,224,0.451,0.123,0.428,0.471,hsv
274,9.142,Torchere B,Light-Flare,0.8143,moyenne,348,286,417,352,0.499,0.152,0.295,0.469,hsv
274,9.142,Torchere C,Light-Flare,0.8941,moyenne,550,271,623,340,0.503,0.148,0.226,0.474,hsv
275,9.176,Torchere A,Light-Flare,0.9004,moyenne,156,143,228,223,0.426,0.12,0.399,0.472,hsv
275,9.176,Torchere B,Light-Flare,0.6788,moyenne,346,283,417,354,0.523,0.124,0.262,0.437,hsv
275,9.176,Torchere C,Light-Flare,0.8733,moyenne,545,271,623,340,0.518,0.13,0.214,0.456,hsv
276,9.209,Torchere A,Light-Flare,0.8884,moyenne,155,141,227,223,0.439,0.121,0.428,0.471,hsv
276,9.209,Torchere B,Light-Flare,0.8611,moyenne,344,283,417,353,0.547,0.091,0.3,0.426,hsv
276,9.209,Torchere C,Light-Flare,0.8712,moyenne,540,268,623,340,0.564,0.108,0.228,0.43,hsv
277,9.243,Torchere A,Light-Flare,0.8996,moyenne,153,140,228,223,0.456,0.127,0.435,0.466,hsv
277,9.243,Torchere B,Light-Flare,0.8830,moyenne,344,283,415,353,0.528,0.087,0.243,0.433,hsv
277,9.243,Torchere C,Light-Flare,0.8786,moyenne,541,267,624,340,0.565,0.119,0.195,0.427,hsv
278,9.276,Torchere A,Light-Flare,0.9038,moyenne,151,139,228,222,0.468,0.141,0.44,0.467,hsv
278,9.276,Torchere B,Light-Flare,0.8598,moyenne,340,288,415,353,0.56,0.099,0.32,0.435,hsv
278,9.276,Torchere C,Light-Flare,0.8812,moyenne,540,268,623,339,0.561,0.126,0.2,0.431,hsv
279,9.309,Torchere A,Light-Flare,0.9105,moyenne,151,136,229,221,0.472,0.162,0.445,0.461,hsv
279,9.309,Torchere B,Light-Flare,0.8547,moyenne,342,285,415,353,0.544,0.094,0.299,0.436,hsv
279,9.309,Torchere C,Light-Flare,0.8961,moyenne,545,271,622,340,0.516,0.139,0.194,0.456,hsv
280,9.343,Torchere A,Light-Flare,0.8898,moyenne,149,135,230,222,0.514,0.16,0.486,0.438,hsv
280,9.343,Torchere B,Light-Flare,0.8389,moyenne,341,285,415,353,0.552,0.119,0.33,0.439,hsv
280,9.343,Torchere C,Light-Flare,0.8865,moyenne,544,269,623,339,0.552,0.135,0.239,0.445,hsv
281,9.376,Torchere A,Light-Flare,0.8856,moyenne,148,133,229,223,0.517,0.143,0.479,0.416,hsv
281,9.376,Torchere B,Light-Flare,0.7846,moyenne,341,281,415,353,0.556,0.118,0.285,0.429,hsv
281,9.376,Torchere C,Light-Flare,0.8434,moyenne,542,268,623,340,0.562,0.133,0.199,0.43,hsv
282,9.409,Torchere A,Light-Flare,0.8995,moyenne,149,128,228,222,0.538,0.111,0.522,0.395,hsv
282,9.409,Torchere B,Light-Flare,0.5029,moyenne,341,281,415,353,0.545,0.111,0.303,0.433,hsv
282,9.409,Torchere C,Light-Flare,0.5167,moyenne,539,271,623,341,0.575,0.125,0.218,0.421,hsv
283,9.443,Torchere A,Light-Flare,0.8736,moyenne,148,130,229,223,0.565,0.08,0.536,0.376,hsv
283,9.443,Torchere B,Light-Flare,0.8471,moyenne,343,290,415,354,0.461,0.127,0.249,0.477,hsv
283,9.443,Torchere C,Light-Flare,0.8113,moyenne,539,274,623,340,0.553,0.137,0.217,0.43,hsv
284,9.476,Torchere A,Light-Flare,0.8775,moyenne,155,145,229,224,0.519,0.082,0.51,0.423,hsv
284,9.476,Torchere B,Light-Flare,0.8569,moyenne,340,289,415,354,0.499,0.113,0.323,0.459,hsv
284,9.476,Torchere C,Light-Flare,0.8430,mauvaise,541,279,622,340,0.529,0.153,0.236,0.456,hsv
284,9.476,Torchere C,Medium-Flare,0.5799,mauvaise,540,279,621,340,0.529,0.153,0.227,0.456,hsv
285,9.510,Torchere A,Light-Flare,0.8892,moyenne,149,147,227,223,0.513,0.056,0.461,0.42,hsv
285,9.510,Torchere B,Light-Flare,0.8569,moyenne,336,287,415,354,0.516,0.12,0.252,0.437,hsv
285,9.510,Torchere C,Light-Flare,0.8569,mauvaise,536,281,623,341,0.541,0.145,0.161,0.44,hsv
285,9.510,Torchere C,Medium-Flare,0.6488,mauvaise,536,280,622,340,0.537,0.146,0.16,0.443,hsv
286,9.543,Torchere A,Light-Flare,0.8804,moyenne,148,149,226,222,0.497,0.067,0.449,0.441,hsv
286,9.543,Torchere B,Light-Flare,0.8062,moyenne,338,286,416,353,0.518,0.136,0.288,0.442,hsv
286,9.543,Torchere C,Light-Flare,0.8374,mauvaise,535,279,622,342,0.578,0.138,0.192,0.426,hsv
286,9.543,Torchere C,Medium-Flare,0.7905,mauvaise,535,279,622,342,0.578,0.138,0.192,0.426,hsv
287,9.576,Torchere A,Light-Flare,0.8948,moyenne,156,148,226,223,0.436,0.089,0.406,0.486,hsv
287,9.576,Torchere B,Light-Flare,0.8286,moyenne,354,286,415,353,0.428,0.191,0.238,0.521,hsv
287,9.576,Torchere C,Light-Flare,0.8401,mauvaise,531,277,622,342,0.597,0.132,0.18,0.404,hsv
287,9.576,Torchere C,Medium-Flare,0.7140,mauvaise,531,277,622,342,0.597,0.132,0.18,0.404,hsv
288,9.610,Torchere A,Light-Flare,0.8906,moyenne,154,146,226,223,0.459,0.095,0.436,0.488,hsv
288,9.610,Torchere B,Light-Flare,0.7993,moyenne,355,286,415,353,0.41,0.222,0.267,0.53,hsv
288,9.610,Torchere C,Light-Flare,0.8627,mauvaise,532,278,621,341,0.592,0.11,0.207,0.405,hsv
288,9.610,Torchere C,Medium-Flare,0.4444,mauvaise,532,276,622,340,0.604,0.107,0.213,0.399,hsv
289,9.643,Torchere A,Light-Flare,0.8842,moyenne,149,143,226,223,0.467,0.106,0.426,0.466,hsv
289,9.643,Torchere B,Light-Flare,0.8347,moyenne,351,285,416,354,0.462,0.208,0.241,0.493,hsv
289,9.643,Torchere C,Light-Flare,0.8487,moyenne,527,274,623,341,0.625,0.084,0.183,0.373,hsv
290,9.676,Torchere A,Light-Flare,0.8964,moyenne,144,140,226,222,0.5,0.113,0.458,0.447,hsv
290,9.676,Torchere B,Light-Flare,0.8478,moyenne,348,284,416,353,0.482,0.178,0.259,0.47,hsv
290,9.676,Torchere C,Light-Flare,0.8743,moyenne,551,275,622,341,0.537,0.093,0.199,0.433,hsv
291,9.710,Torchere A,Light-Flare,0.9108,moyenne,147,139,227,222,0.465,0.132,0.422,0.459,hsv
291,9.710,Torchere B,Light-Flare,0.8819,moyenne,347,282,416,353,0.492,0.149,0.234,0.453,hsv
291,9.710,Torchere C,Light-Flare,0.9011,moyenne,552,276,621,341,0.518,0.073,0.15,0.443,hsv
292,9.743,Torchere A,Light-Flare,0.8989,moyenne,147,137,227,222,0.481,0.141,0.426,0.46,hsv
292,9.743,Torchere B,Light-Flare,0.8536,moyenne,348,281,417,353,0.506,0.102,0.275,0.441,hsv
292,9.743,Torchere C,Light-Flare,0.8901,moyenne,557,277,622,340,0.507,0.065,0.213,0.465,hsv
293,9.776,Torchere A,Light-Flare,0.8973,moyenne,145,135,227,222,0.477,0.149,0.422,0.45,hsv
293,9.776,Torchere B,Light-Flare,0.8100,moyenne,346,284,416,353,0.495,0.092,0.268,0.446,hsv
293,9.776,Torchere C,Light-Flare,0.8791,moyenne,556,278,623,341,0.518,0.06,0.194,0.464,hsv
294,9.810,Torchere A,Light-Flare,0.9070,moyenne,143,134,227,222,0.495,0.144,0.429,0.438,hsv
294,9.810,Torchere B,Light-Flare,0.8555,moyenne,350,283,416,353,0.498,0.084,0.283,0.465,hsv
294,9.810,Torchere C,Light-Flare,0.8737,moyenne,553,285,623,340,0.485,0.073,0.206,0.502,hsv
295,9.843,Torchere A,Light-Flare,0.8972,moyenne,140,131,228,222,0.516,0.135,0.458,0.416,hsv
295,9.843,Torchere B,Light-Flare,0.8457,moyenne,352,283,417,353,0.465,0.102,0.247,0.485,hsv
295,9.843,Torchere C,Light-Flare,0.7414,moyenne,550,285,624,341,0.492,0.074,0.21,0.49,hsv
296,9.877,Torchere A,Light-Flare,0.9023,moyenne,137,128,228,221,0.545,0.108,0.47,0.402,hsv
296,9.877,Torchere B,Light-Flare,0.8555,moyenne,352,285,417,352,0.442,0.148,0.283,0.517,hsv
296,9.877,Torchere C,Light-Flare,0.7963,moyenne,547,283,625,341,0.523,0.079,0.219,0.476,hsv
297,9.910,Torchere A,Light-Flare,0.8967,moyenne,136,126,229,221,0.574,0.104,0.513,0.395,hsv
297,9.910,Torchere B,Light-Flare,0.8624,moyenne,348,281,417,353,0.484,0.176,0.276,0.494,hsv
297,9.910,Torchere C,Light-Flare,0.6938,mauvaise,552,279,624,340,0.501,0.106,0.234,0.499,hsv
297,9.910,Torchere C,Medium-Flare,0.4381,mauvaise,552,280,623,341,0.492,0.107,0.228,0.504,hsv
298,9.943,Torchere A,Light-Flare,0.8708,moyenne,135,132,229,222,0.548,0.11,0.475,0.404,hsv
298,9.943,Torchere B,Light-Flare,0.8663,moyenne,346,279,417,353,0.491,0.201,0.28,0.492,hsv
298,9.943,Torchere C,Light-Flare,0.8681,moyenne,549,280,623,341,0.488,0.128,0.222,0.508,hsv
299,9.977,Torchere A,Light-Flare,0.8743,moyenne,129,133,230,223,0.564,0.099,0.466,0.389,hsv
299,9.977,Torchere B,Light-Flare,0.8708,moyenne,342,274,416,352,0.506,0.199,0.278,0.473,hsv
299,9.977,Torchere C,Light-Flare,0.8762,moyenne,545,277,623,341,0.501,0.153,0.213,0.487,hsv
300,10.010,Torchere A,Light-Flare,0.7274,moyenne,125,135,231,223,0.588,0.101,0.473,0.382,hsv
300,10.010,Torchere B,Light-Flare,0.8737,moyenne,339,271,414,353,0.525,0.192,0.318,0.459,hsv
300,10.010,Torchere C,Light-Flare,0.8726,moyenne,542,277,623,341,0.508,0.163,0.223,0.48,hsv
301,10.043,Torchere A,Light-Flare,0.8698,moyenne,123,137,230,223,0.565,0.121,0.456,0.386,hsv
301,10.043,Torchere B,Light-Flare,0.8700,moyenne,338,269,414,353,0.518,0.197,0.274,0.449,hsv
301,10.043,Torchere C,Light-Flare,0.8296,moyenne,543,277,623,341,0.49,0.191,0.187,0.486,hsv
302,10.077,Torchere A,Light-Flare,0.8366,moyenne,121,137,229,224,0.582,0.126,0.467,0.382,hsv
302,10.077,Torchere B,Light-Flare,0.8756,moyenne,337,268,415,353,0.533,0.185,0.319,0.44,hsv
302,10.077,Torchere C,Light-Flare,0.7425,moyenne,542,277,623,340,0.497,0.206,0.181,0.485,hsv
303,10.110,Torchere A,Light-Flare,0.7755,mauvaise,118,134,228,223,0.591,0.127,0.465,0.374,hsv
303,10.110,Torchere A,Medium-Flare,0.4662,mauvaise,117,134,228,222,0.59,0.127,0.465,0.374,hsv
303,10.110,Torchere B,Light-Flare,0.8713,moyenne,336,266,415,353,0.526,0.187,0.314,0.423,hsv
303,10.110,Torchere C,Medium-Flare,0.6015,mauvaise,537,273,624,339,0.542,0.188,0.158,0.443,hsv
303,10.110,Torchere C,Light-Flare,0.5916,mauvaise,538,273,624,340,0.543,0.188,0.158,0.442,hsv
304,10.143,Torchere A,Medium-Flare,0.5769,mauvaise,115,132,228,225,0.624,0.12,0.488,0.355,hsv
304,10.143,Torchere A,Light-Flare,0.4072,mauvaise,118,133,227,224,0.604,0.127,0.478,0.367,hsv
304,10.143,Torchere B,Light-Flare,0.8234,moyenne,335,263,416,353,0.575,0.162,0.342,0.397,hsv
304,10.143,Torchere C,Medium-Flare,0.7469,mauvaise,537,272,624,340,0.565,0.157,0.196,0.419,hsv
305,10.177,Torchere A,Medium-Flare,0.6899,mauvaise,107,128,228,225,0.668,0.098,0.501,0.327,hsv
305,10.177,Torchere B,Light-Flare,0.8209,moyenne,335,263,416,354,0.569,0.126,0.291,0.384,hsv
305,10.177,Torchere C,Light-Flare,0.6264,mauvaise,538,275,624,340,0.549,0.141,0.18,0.42,hsv
305,10.177,Torchere C,Medium-Flare,0.4124,mauvaise,537,274,625,339,0.56,0.138,0.179,0.414,hsv
306,10.210,Torchere A,Light-Flare,0.5826,mauvaise,114,130,228,225,0.658,0.097,0.512,0.333,hsv
306,10.210,Torchere A,Medium-Flare,0.5314,mauvaise,114,129,229,224,0.662,0.096,0.522,0.333,hsv
306,10.210,Torchere B,Light-Flare,0.5450,moyenne,338,263,417,353,0.578,0.11,0.322,0.385,hsv
306,10.210,Torchere C,Medium-Flare,0.7140,mauvaise,538,273,624,339,0.561,0.095,0.181,0.405,hsv
307,10.244,Torchere A,Light-Flare,0.8773,moyenne,146,136,226,224,0.501,0.137,0.449,0.425,hsv
307,10.244,Torchere B,Light-Flare,0.4960,moyenne,331,262,418,353,0.626,0.089,0.321,0.357,hsv
307,10.244,Torchere C,Light-Flare,0.8171,moyenne,535,273,623,340,0.6,0.068,0.181,0.39,hsv
308,10.277,Torchere A,Light-Flare,0.8885,moyenne,146,138,227,224,0.507,0.112,0.457,0.424,hsv
308,10.277,Torchere C,Medium-Flare,0.5557,mauvaise,534,274,624,340,0.628,0.059,0.229,0.391,hsv
309,10.310,Torchere A,Light-Flare,0.8777,moyenne,146,137,226,220,0.486,0.126,0.45,0.438,hsv
309,10.310,Torchere B,Medium-Flare,0.6190,mauvaise,345,265,417,353,0.585,0.099,0.326,0.399,hsv
309,10.310,Torchere C,Light-Flare,0.8270,moyenne,543,278,623,340,0.569,0.067,0.26,0.442,hsv
310,10.344,Torchere A,Light-Flare,0.8826,moyenne,156,137,227,224,0.463,0.14,0.441,0.464,hsv
310,10.344,Torchere B,Light-Flare,0.7864,moyenne,342,285,417,352,0.556,0.119,0.358,0.444,hsv
310,10.344,Torchere C,Light-Flare,0.8268,moyenne,549,282,623,340,0.501,0.099,0.257,0.496,hsv
311,10.377,Torchere A,Light-Flare,0.8953,moyenne,155,134,227,224,0.474,0.144,0.444,0.453,hsv
311,10.377,Torchere B,Light-Flare,0.8469,moyenne,340,287,417,353,0.526,0.145,0.317,0.457,hsv
311,10.377,Torchere C,Light-Flare,0.8184,moyenne,547,283,623,340,0.475,0.12,0.195,0.51,hsv
312,10.410,Torchere A,Light-Flare,0.8722,moyenne,153,134,227,224,0.484,0.147,0.466,0.447,hsv
312,10.410,Torchere B,Light-Flare,0.7749,moyenne,341,285,417,352,0.512,0.189,0.349,0.467,hsv
312,10.410,Torchere C,Medium-Flare,0.8064,mauvaise,547,280,622,340,0.466,0.134,0.206,0.514,hsv
312,10.410,Torchere C,Light-Flare,0.6639,mauvaise,547,281,621,340,0.451,0.138,0.202,0.524,hsv
313,10.444,Torchere A,Light-Flare,0.8592,moyenne,150,130,226,225,0.516,0.135,0.492,0.423,hsv
313,10.444,Torchere B,Medium-Flare,0.5427,mauvaise,336,283,417,353,0.543,0.21,0.299,0.437,hsv
313,10.444,Torchere C,Light-Flare,0.5276,mauvaise,544,276,622,340,0.495,0.146,0.196,0.496,hsv
313,10.444,Torchere C,Medium-Flare,0.5102,mauvaise,544,276,622,340,0.495,0.146,0.196,0.496,hsv
314,10.477,Torchere A,Light-Flare,0.8852,moyenne,149,130,227,223,0.515,0.134,0.472,0.417,hsv
314,10.477,Torchere B,Dark-Flare,0.5848,mauvaise,333,282,417,353,0.563,0.2,0.316,0.421,hsv
314,10.477,Torchere B,Light-Flare,0.5189,mauvaise,333,283,417,353,0.557,0.203,0.315,0.424,hsv
314,10.477,Torchere C,Medium-Flare,0.5237,mauvaise,542,272,623,340,0.519,0.159,0.219,0.478,hsv
314,10.477,Torchere C,Light-Flare,0.4842,mauvaise,542,272,622,340,0.513,0.161,0.217,0.482,hsv
315,10.511,Torchere A,Light-Flare,0.8827,moyenne,153,129,226,224,0.508,0.132,0.463,0.416,hsv
315,10.511,Torchere B,Dark-Flare,0.6135,mauvaise,330,280,418,353,0.578,0.17,0.291,0.395,hsv
315,10.511,Torchere C,Light-Flare,0.8758,moyenne,541,270,622,341,0.518,0.176,0.202,0.472,hsv
316,10.544,Torchere A,Light-Flare,0.7727,moyenne,151,133,226,223,0.506,0.112,0.472,0.407,hsv
316,10.544,Torchere B,Medium-Flare,0.4195,mauvaise,326,278,418,353,0.594,0.124,0.304,0.37,hsv
316,10.544,Torchere C,Light-Flare,0.6712,moyenne,536,268,624,340,0.555,0.166,0.208,0.448,hsv
317,10.577,Torchere A,Light-Flare,0.7482,moyenne,151,138,226,223,0.47,0.093,0.445,0.413,hsv
317,10.577,Torchere C,Light-Flare,0.8516,moyenne,535,268,624,340,0.548,0.173,0.203,0.443,hsv
318,10.611,Torchere A,Light-Flare,0.7522,mauvaise,154,139,227,223,0.477,0.092,0.438,0.425,hsv
318,10.611,Torchere A,Medium-Flare,0.5322,mauvaise,153,137,227,223,0.495,0.088,0.455,0.416,hsv
318,10.611,Torchere B,Medium-Flare,0.7762,mauvaise,320,268,416,352,0.672,0.087,0.26,0.334,hsv
318,10.611,Torchere C,Light-Flare,0.7700,moyenne,531,266,624,340,0.563,0.152,0.186,0.419,hsv
319,10.644,Torchere A,Light-Flare,0.8597,moyenne,155,138,227,224,0.471,0.092,0.453,0.431,hsv
319,10.644,Torchere B,Medium-Flare,0.7778,mauvaise,318,263,417,354,0.702,0.059,0.252,0.315,hsv
320,10.677,Torchere A,Light-Flare,0.8447,moyenne,162,137,227,224,0.446,0.104,0.427,0.459,hsv
320,10.677,Torchere B,Light-Flare,0.6134,moyenne,325,287,415,353,0.635,0.081,0.39,0.375,hsv
320,10.677,Torchere C,Medium-Flare,0.7125,mauvaise,527,264,622,339,0.604,0.126,0.188,0.384,hsv
321,10.711,Torchere A,Light-Flare,0.7144,moyenne,161,135,227,224,0.451,0.124,0.413,0.451,hsv
321,10.711,Torchere B,Light-Flare,0.8363,moyenne,322,288,415,354,0.635,0.094,0.327,0.376,hsv
321,10.711,Torchere C,Dark-Flare,0.4520,mauvaise,524,262,620,340,0.632,0.1,0.171,0.364,hsv
322,10.744,Torchere A,Light-Flare,0.8910,moyenne,161,135,227,224,0.461,0.109,0.442,0.445,hsv
322,10.744,Torchere B,Light-Flare,0.7765,mauvaise,321,288,415,353,0.629,0.099,0.315,0.383,hsv
322,10.744,Torchere B,Medium-Flare,0.5191,mauvaise,320,285,414,352,0.641,0.096,0.32,0.377,hsv
322,10.744,Torchere C,Dark-Flare,0.5961,mauvaise,523,262,622,341,0.671,0.082,0.192,0.35,hsv
323,10.777,Torchere A,Light-Flare,0.8639,moyenne,157,136,227,225,0.49,0.081,0.459,0.429,hsv
323,10.777,Torchere B,Light-Flare,0.6728,mauvaise,324,287,415,354,0.633,0.096,0.321,0.38,hsv
323,10.777,Torchere B,Medium-Flare,0.6046,mauvaise,317,283,415,353,0.671,0.087,0.326,0.358,hsv
323,10.777,Torchere C,Dark-Flare,0.6037,mauvaise,522,264,622,340,0.665,0.075,0.154,0.351,hsv
324,10.811,Torchere A,Light-Flare,0.8749,moyenne,162,135,227,222,0.461,0.098,0.442,0.456,hsv
324,10.811,Torchere B,Light-Flare,0.6969,moyenne,341,287,415,353,0.538,0.121,0.276,0.434,hsv
324,10.811,Torchere C,Light-Flare,0.8262,moyenne,533,268,622,340,0.624,0.073,0.183,0.381,hsv
325,10.844,Torchere A,Light-Flare,0.8465,moyenne,165,136,227,225,0.431,0.123,0.382,0.471,hsv
325,10.844,Torchere B,Medium-Flare,0.5919,mauvaise,339,285,414,354,0.564,0.123,0.25,0.42,hsv
325,10.844,Torchere C,Light-Flare,0.8703,moyenne,542,268,622,341,0.591,0.057,0.17,0.4,hsv
326,10.878,Torchere A,Light-Flare,0.8430,moyenne,164,134,228,224,0.459,0.129,0.409,0.459,hsv
326,10.878,Torchere B,Light-Flare,0.7527,moyenne,357,286,414,355,0.447,0.173,0.218,0.489,hsv
326,10.878,Torchere C,Light-Flare,0.8502,moyenne,553,279,621,342,0.505,0.079,0.185,0.485,hsv
327,10.911,Torchere A,Light-Flare,0.8603,moyenne,168,135,227,223,0.404,0.144,0.363,0.487,hsv
327,10.911,Torchere B,Light-Flare,0.5291,moyenne,353,285,415,355,0.49,0.163,0.218,0.457,hsv
327,10.911,Torchere C,Light-Flare,0.8920,moyenne,554,279,621,342,0.487,0.119,0.177,0.504,hsv
328,10.944,Torchere A,Light-Flare,0.8377,moyenne,168,135,229,222,0.414,0.128,0.367,0.485,hsv
328,10.944,Torchere B,Light-Flare,0.7935,moyenne,357,286,414,354,0.44,0.187,0.257,0.488,hsv
328,10.944,Torchere C,Light-Flare,0.8197,moyenne,551,277,622,341,0.507,0.132,0.224,0.494,hsv
329,10.978,Torchere A,Light-Flare,0.8282,moyenne,167,136,229,223,0.417,0.153,0.372,0.486,hsv
329,10.978,Torchere B,Light-Flare,0.7265,mauvaise,355,284,414,356,0.486,0.166,0.24,0.46,hsv
329,10.978,Torchere B,Medium-Flare,0.5415,mauvaise,356,284,414,355,0.47,0.171,0.235,0.469,hsv
329,10.978,Torchere C,Light-Flare,0.8803,moyenne,549,273,622,342,0.515,0.13,0.184,0.472,hsv
330,11.011,Torchere A,Light-Flare,0.8420,bonne,170,136,229,221,0.362,0.144,0.317,0.509,hsv
330,11.011,Torchere B,Light-Flare,0.8304,moyenne,353,284,415,355,0.475,0.147,0.241,0.449,hsv
330,11.011,Torchere C,Light-Flare,0.8753,moyenne,546,270,623,341,0.535,0.116,0.166,0.449,hsv
331,11.044,Torchere A,Light-Flare,0.8927,moyenne,170,134,230,223,0.402,0.133,0.378,0.494,hsv
331,11.044,Torchere B,Light-Flare,0.8212,moyenne,350,285,415,354,0.51,0.121,0.307,0.442,hsv
331,11.044,Torchere C,Light-Flare,0.8564,moyenne,543,267,623,341,0.576,0.094,0.213,0.429,hsv
332,11.078,Torchere A,Light-Flare,0.8908,bonne,170,133,229,223,0.363,0.139,0.302,0.502,hsv
332,11.078,Torchere B,Light-Flare,0.7841,moyenne,357,288,415,354,0.428,0.143,0.224,0.501,hsv
332,11.078,Torchere C,Light-Flare,0.8678,moyenne,542,270,624,341,0.561,0.111,0.17,0.435,hsv
333,11.111,Torchere A,Light-Flare,0.8922,bonne,169,132,229,223,0.371,0.134,0.328,0.499,hsv
333,11.111,Torchere B,Light-Flare,0.8096,moyenne,358,287,414,354,0.418,0.134,0.22,0.523,hsv
333,11.111,Torchere C,Light-Flare,0.8694,moyenne,544,272,624,341,0.547,0.124,0.203,0.452,hsv
334,11.144,Torchere A,Light-Flare,0.8952,bonne,169,132,229,223,0.352,0.135,0.313,0.505,hsv
334,11.144,Torchere B,Light-Flare,0.8254,moyenne,357,285,414,354,0.418,0.129,0.199,0.528,hsv
334,11.144,Torchere C,Light-Flare,0.8343,moyenne,543,280,625,341,0.493,0.147,0.204,0.481,hsv
335,11.178,Torchere A,Light-Flare,0.8912,bonne,167,130,230,222,0.386,0.141,0.35,0.493,hsv
335,11.178,Torchere B,Light-Flare,0.8433,moyenne,356,284,414,355,0.413,0.144,0.243,0.528,hsv
335,11.178,Torchere C,Light-Flare,0.8609,moyenne,543,281,624,341,0.494,0.159,0.227,0.491,hsv
336,11.211,Torchere A,Light-Flare,0.9000,bonne,167,128,230,222,0.377,0.147,0.324,0.492,hsv
336,11.211,Torchere B,Light-Flare,0.8133,moyenne,354,281,415,354,0.444,0.159,0.275,0.514,hsv
336,11.211,Torchere C,Light-Flare,0.8578,moyenne,540,282,624,342,0.489,0.165,0.199,0.485,hsv
337,11.245,Torchere A,Light-Flare,0.9012,moyenne,166,126,230,223,0.415,0.144,0.362,0.474,hsv
337,11.245,Torchere B,Light-Flare,0.8559,moyenne,353,280,415,354,0.444,0.177,0.294,0.512,hsv
337,11.245,Torchere C,Light-Flare,0.6726,moyenne,537,282,624,341,0.5,0.168,0.191,0.487,hsv
338,11.278,Torchere A,Light-Flare,0.9011,moyenne,165,122,231,222,0.445,0.149,0.39,0.458,hsv
338,11.278,Torchere B,Light-Flare,0.8798,moyenne,349,277,415,354,0.465,0.158,0.294,0.487,hsv
338,11.278,Torchere C,Medium-Flare,0.7536,mauvaise,534,279,624,341,0.521,0.164,0.195,0.467,hsv
339,11.311,Torchere A,Light-Flare,0.8986,moyenne,163,122,232,221,0.479,0.147,0.457,0.445,hsv
339,11.311,Torchere B,Light-Flare,0.8827,moyenne,347,276,415,354,0.494,0.135,0.335,0.476,hsv
339,11.311,Torchere C,Medium-Flare,0.4541,mauvaise,532,275,623,340,0.538,0.169,0.19,0.454,hsv
340,11.345,Torchere A,Light-Flare,0.9038,moyenne,161,120,232,221,0.496,0.157,0.459,0.427,hsv
340,11.345,Torchere B,Light-Flare,0.8404,moyenne,346,273,416,354,0.5,0.133,0.335,0.462,hsv
340,11.345,Torchere C,Light-Flare,0.8150,moyenne,527,274,624,341,0.553,0.162,0.176,0.433,hsv
341,11.378,Torchere A,Light-Flare,0.8898,moyenne,157,121,231,221,0.547,0.135,0.504,0.409,hsv
341,11.378,Torchere B,Light-Flare,0.8381,moyenne,345,270,415,354,0.515,0.158,0.309,0.456,hsv
341,11.378,Torchere C,Light-Flare,0.7121,moyenne,526,271,624,341,0.579,0.163,0.167,0.419,hsv
342,11.411,Torchere A,Light-Flare,0.8889,moyenne,157,121,232,221,0.536,0.11,0.483,0.397,hsv
342,11.411,Torchere B,Light-Flare,0.8295,moyenne,343,269,416,354,0.525,0.172,0.299,0.445,hsv
342,11.411,Torchere C,Medium-Flare,0.5618,mauvaise,524,269,623,341,0.587,0.167,0.163,0.408,hsv
343,11.445,Torchere A,Light-Flare,0.8932,moyenne,165,127,231,222,0.486,0.098,0.439,0.425,hsv
343,11.445,Torchere B,Light-Flare,0.7112,moyenne,342,266,415,354,0.533,0.199,0.349,0.435,hsv
343,11.445,Torchere C,Light-Flare,0.7826,moyenne,521,271,623,340,0.57,0.165,0.168,0.408,hsv
344,11.478,Torchere A,Light-Flare,0.8836,moyenne,167,137,230,223,0.442,0.1,0.396,0.452,hsv
344,11.478,Torchere B,Light-Flare,0.6468,moyenne,341,266,415,354,0.533,0.186,0.266,0.426,hsv
344,11.478,Torchere C,Medium-Flare,0.5937,mauvaise,513,268,623,340,0.618,0.129,0.148,0.373,hsv
345,11.511,Torchere A,Light-Flare,0.8782,moyenne,171,138,231,223,0.442,0.099,0.384,0.464,hsv
345,11.511,Torchere B,Medium-Flare,0.6878,mauvaise,338,264,415,354,0.566,0.166,0.296,0.401,hsv
345,11.511,Torchere B,Light-Flare,0.5147,mauvaise,338,265,415,354,0.561,0.167,0.295,0.404,hsv
345,11.511,Torchere C,Medium-Flare,0.5895,mauvaise,516,269,624,340,0.64,0.11,0.184,0.365,hsv
346,11.545,Torchere A,Light-Flare,0.8799,moyenne,170,136,231,222,0.449,0.101,0.39,0.462,hsv
346,11.545,Torchere B,Medium-Flare,0.8875,mauvaise,336,261,414,353,0.594,0.136,0.295,0.376,hsv
346,11.545,Torchere C,Medium-Flare,0.7768,mauvaise,523,270,624,340,0.62,0.108,0.184,0.375,hsv
347,11.578,Torchere A,Light-Flare,0.8896,moyenne,169,134,230,222,0.456,0.099,0.404,0.467,hsv
347,11.578,Torchere B,Medium-Flare,0.4305,mauvaise,340,263,415,353,0.619,0.105,0.354,0.373,hsv
347,11.578,Torchere C,Medium-Flare,0.8078,mauvaise,530,270,624,340,0.611,0.105,0.171,0.387,hsv
347,11.578,Torchere C,Light-Flare,0.4882,mauvaise,530,271,624,341,0.61,0.105,0.172,0.387,hsv
348,11.612,Torchere A,Light-Flare,0.8862,moyenne,174,132,231,222,0.407,0.103,0.347,0.491,hsv
348,11.612,Torchere B,Light-Flare,0.8363,moyenne,355,283,415,354,0.496,0.179,0.301,0.474,hsv
348,11.612,Torchere C,Medium-Flare,0.6783,mauvaise,530,271,624,341,0.606,0.095,0.16,0.388,hsv
349,11.645,Torchere A,Light-Flare,0.8967,bonne,174,132,231,222,0.383,0.102,0.319,0.501,hsv
349,11.645,Torchere B,Light-Flare,0.7207,moyenne,349,281,416,355,0.559,0.169,0.353,0.43,hsv
349,11.645,Torchere C,Light-Flare,0.7508,moyenne,524,269,626,341,0.641,0.085,0.158,0.37,hsv
350,11.678,Torchere A,Light-Flare,0.8975,bonne,175,130,231,223,0.382,0.101,0.328,0.506,hsv
350,11.678,Torchere B,Light-Flare,0.7648,moyenne,348,282,415,353,0.55,0.17,0.36,0.435,hsv
350,11.678,Torchere C,Light-Flare,0.8202,moyenne,539,269,625,342,0.586,0.087,0.212,0.403,hsv
351,11.712,Torchere A,Light-Flare,0.8755,moyenne,170,131,231,224,0.408,0.106,0.34,0.488,hsv
351,11.712,Torchere B,Light-Flare,0.8339,moyenne,346,282,417,353,0.555,0.13,0.284,0.406,hsv
351,11.712,Torchere C,Light-Flare,0.8671,moyenne,545,269,627,342,0.578,0.088,0.24,0.414,hsv
352,11.745,Torchere A,Light-Flare,0.8909,bonne,170,131,230,224,0.4,0.128,0.338,0.494,hsv
352,11.745,Torchere B,Light-Flare,0.8294,moyenne,352,284,417,353,0.548,0.099,0.294,0.421,hsv
352,11.745,Torchere C,Light-Flare,0.7907,moyenne,548,269,627,341,0.573,0.082,0.239,0.428,hsv
353,11.778,Torchere A,Light-Flare,0.8993,moyenne,167,131,230,225,0.435,0.127,0.355,0.468,hsv
353,11.778,Torchere B,Light-Flare,0.8632,moyenne,354,282,416,353,0.549,0.085,0.272,0.425,hsv
353,11.778,Torchere C,Light-Flare,0.8238,moyenne,548,269,625,341,0.555,0.095,0.224,0.441,hsv
354,11.812,Torchere A,Light-Flare,0.8876,moyenne,166,133,231,223,0.451,0.124,0.417,0.465,hsv
354,11.812,Torchere B,Light-Flare,0.8487,moyenne,354,282,416,352,0.559,0.081,0.291,0.436,hsv
354,11.812,Torchere C,Light-Flare,0.7281,moyenne,548,278,623,340,0.479,0.123,0.221,0.497,hsv
355,11.845,Torchere A,Light-Flare,0.8765,bonne,167,137,230,220,0.386,0.123,0.38,0.483,hsv
355,11.845,Torchere B,Light-Flare,0.7286,moyenne,356,282,416,353,0.536,0.088,0.271,0.451,hsv
355,11.845,Torchere C,Medium-Flare,0.6453,mauvaise,542,279,624,341,0.503,0.123,0.211,0.475,hsv
356,11.879,Torchere A,Light-Flare,0.8507,bonne,171,143,231,221,0.346,0.131,0.323,0.516,hsv
356,11.879,Torchere B,Light-Flare,0.7931,moyenne,358,281,417,352,0.521,0.1,0.24,0.469,hsv
356,11.879,Torchere C,Medium-Flare,0.6905,mauvaise,541,279,625,340,0.504,0.13,0.205,0.472,hsv
357,11.912,Torchere A,Light-Flare,0.8729,bonne,171,143,231,222,0.347,0.146,0.306,0.517,hsv
357,11.912,Torchere B,Light-Flare,0.8690,moyenne,357,282,416,354,0.508,0.117,0.246,0.478,hsv
357,11.912,Torchere C,Medium-Flare,0.7637,mauvaise,539,275,625,340,0.53,0.121,0.171,0.445,hsv
358,11.945,Torchere A,Light-Flare,0.8592,bonne,169,142,231,222,0.397,0.136,0.362,0.503,hsv
358,11.945,Torchere B,Light-Flare,0.8562,moyenne,355,279,416,354,0.539,0.132,0.346,0.467,hsv
358,11.945,Torchere C,Medium-Flare,0.7065,mauvaise,536,274,624,340,0.566,0.111,0.2,0.43,hsv
358,11.945,Torchere C,Light-Flare,0.4165,mauvaise,538,274,625,339,0.555,0.114,0.207,0.437,hsv
359,11.979,Torchere A,Light-Flare,0.8706,moyenne,169,140,231,222,0.413,0.15,0.389,0.497,hsv
359,11.979,Torchere B,Light-Flare,0.8592,moyenne,351,277,417,354,0.561,0.125,0.346,0.444,hsv
359,11.979,Torchere C,Light-Flare,0.6566,moyenne,552,274,624,339,0.486,0.162,0.188,0.489,hsv
360,12.012,Torchere A,Light-Flare,0.8882,moyenne,164,138,231,221,0.456,0.14,0.426,0.471,hsv
360,12.012,Torchere B,Light-Flare,0.7458,moyenne,347,273,416,354,0.576,0.108,0.305,0.423,hsv
360,12.012,Torchere C,Light-Flare,0.8693,moyenne,550,273,625,340,0.503,0.156,0.144,0.472,hsv
361,12.045,Torchere A,Light-Flare,0.8656,moyenne,162,135,230,222,0.504,0.147,0.472,0.452,hsv
361,12.045,Torchere B,Light-Flare,0.8253,moyenne,344,270,416,355,0.604,0.109,0.326,0.405,hsv
361,12.045,Torchere C,Light-Flare,0.8726,moyenne,551,271,625,340,0.52,0.148,0.168,0.467,hsv
362,12.079,Torchere A,Light-Flare,0.8887,moyenne,162,137,230,222,0.479,0.137,0.444,0.452,hsv
362,12.079,Torchere B,Medium-Flare,0.6492,mauvaise,342,270,415,355,0.591,0.128,0.3,0.4,hsv
362,12.079,Torchere B,Light-Flare,0.4896,mauvaise,342,270,415,355,0.591,0.128,0.3,0.4,hsv
362,12.079,Torchere C,Light-Flare,0.8076,moyenne,548,269,625,340,0.536,0.137,0.118,0.446,hsv
363,12.112,Torchere A,Light-Flare,0.8912,moyenne,161,136,230,222,0.515,0.111,0.48,0.437,hsv
363,12.112,Torchere B,Light-Flare,0.7911,moyenne,345,276,415,355,0.562,0.142,0.284,0.422,hsv
363,12.112,Torchere C,Light-Flare,0.7451,moyenne,551,271,625,341,0.516,0.141,0.163,0.458,hsv
364,12.145,Torchere A,Light-Flare,0.8952,moyenne,161,133,230,223,0.515,0.097,0.472,0.429,hsv
364,12.145,Torchere B,Light-Flare,0.8131,moyenne,347,275,416,355,0.559,0.147,0.282,0.416,hsv
364,12.145,Torchere C,Light-Flare,0.6236,mauvaise,553,270,626,341,0.515,0.134,0.166,0.456,hsv
364,12.145,Torchere C,Medium-Flare,0.4212,mauvaise,553,271,626,341,0.508,0.136,0.164,0.46,hsv
365,12.179,Torchere A,Light-Flare,0.8829,moyenne,158,130,231,223,0.561,0.082,0.526,0.412,hsv
365,12.179,Torchere B,Light-Flare,0.8100,moyenne,346,273,417,354,0.585,0.135,0.33,0.397,hsv
365,12.179,Torchere C,Light-Flare,0.8217,moyenne,554,270,625,340,0.498,0.134,0.177,0.469,hsv
366,12.212,Torchere A,Light-Flare,0.8814,moyenne,166,136,230,223,0.452,0.091,0.411,0.467,hsv
366,12.212,Torchere B,Light-Flare,0.8833,moyenne,345,277,417,353,0.592,0.129,0.297,0.4,hsv
366,12.212,Torchere C,Light-Flare,0.8805,moyenne,552,268,625,341,0.513,0.129,0.142,0.455,hsv
367,12.246,Torchere A,Light-Flare,0.8856,moyenne,168,136,229,222,0.424,0.091,0.388,0.494,hsv
367,12.246,Torchere B,Light-Flare,0.8830,moyenne,351,274,417,353,0.587,0.111,0.317,0.404,hsv
367,12.246,Torchere C,Light-Flare,0.8897,moyenne,549,268,624,341,0.521,0.108,0.155,0.451,hsv
368,12.279,Torchere A,Light-Flare,0.8965,moyenne,167,135,228,223,0.411,0.094,0.371,0.494,hsv
368,12.279,Torchere B,Light-Flare,0.8694,moyenne,348,271,418,353,0.619,0.08,0.291,0.385,hsv
368,12.279,Torchere C,Light-Flare,0.8956,moyenne,552,274,624,341,0.475,0.134,0.148,0.487,hsv
369,12.312,Torchere A,Light-Flare,0.8951,moyenne,167,131,229,222,0.451,0.088,0.441,0.487,hsv
369,12.312,Torchere B,Light-Flare,0.8679,moyenne,347,273,418,354,0.63,0.086,0.322,0.387,hsv
369,12.312,Torchere C,Light-Flare,0.8737,moyenne,549,273,624,341,0.502,0.146,0.184,0.477,hsv
370,12.346,Torchere A,Light-Flare,0.8907,moyenne,166,129,228,222,0.425,0.087,0.412,0.493,hsv
370,12.346,Torchere B,Light-Flare,0.8490,moyenne,344,287,417,354,0.551,0.088,0.314,0.43,hsv
370,12.346,Torchere C,Light-Flare,0.8728,moyenne,548,271,623,341,0.499,0.167,0.179,0.472,hsv
371,12.379,Torchere A,Light-Flare,0.8879,moyenne,167,128,229,222,0.405,0.099,0.394,0.501,hsv
371,12.379,Torchere B,Light-Flare,0.8378,moyenne,344,287,417,353,0.549,0.099,0.321,0.442,hsv
371,12.379,Torchere C,Light-Flare,0.8395,moyenne,544,267,623,340,0.542,0.155,0.181,0.449,hsv
372,12.412,Torchere A,Light-Flare,0.8879,moyenne,165,127,229,222,0.403,0.139,0.389,0.502,hsv
372,12.412,Torchere B,Light-Flare,0.8645,moyenne,342,291,416,353,0.526,0.111,0.28,0.463,hsv
372,12.412,Torchere C,Light-Flare,0.8703,moyenne,543,268,624,341,0.536,0.158,0.166,0.442,hsv
373,12.446,Torchere A,Light-Flare,0.8928,moyenne,165,125,230,222,0.427,0.142,0.416,0.499,hsv
373,12.446,Torchere B,Light-Flare,0.8502,moyenne,341,290,416,353,0.531,0.14,0.321,0.464,hsv
373,12.446,Torchere C,Light-Flare,0.4285,moyenne,538,266,624,341,0.563,0.118,0.17,0.415,hsv
374,12.479,Torchere A,Light-Flare,0.8916,moyenne,163,124,229,221,0.402,0.149,0.386,0.502,hsv
374,12.479,Torchere B,Light-Flare,0.8375,moyenne,342,288,416,353,0.519,0.178,0.297,0.473,hsv
374,12.479,Torchere C,Light-Flare,0.8747,moyenne,539,265,623,341,0.576,0.107,0.169,0.407,hsv
375,12.513,Torchere A,Light-Flare,0.8939,moyenne,161,120,230,220,0.431,0.137,0.401,0.484,hsv
375,12.513,Torchere B,Light-Flare,0.7801,moyenne,342,286,416,353,0.52,0.2,0.311,0.469,hsv
375,12.513,Torchere C,Light-Flare,0.8814,moyenne,534,265,623,340,0.621,0.081,0.175,0.392,hsv
376,12.546,Torchere A,Light-Flare,0.8955,moyenne,157,118,230,221,0.462,0.141,0.443,0.469,hsv
376,12.546,Torchere B,Light-Flare,0.6980,moyenne,338,284,416,353,0.543,0.192,0.286,0.441,hsv
376,12.546,Torchere C,Light-Flare,0.8813,moyenne,538,270,622,340,0.58,0.101,0.206,0.419,hsv
377,12.579,Torchere A,Light-Flare,0.8904,moyenne,155,117,230,221,0.465,0.154,0.432,0.463,hsv
377,12.579,Torchere B,Light-Flare,0.8192,moyenne,341,283,418,353,0.552,0.182,0.324,0.436,hsv
377,12.579,Torchere C,Light-Flare,0.8514,moyenne,543,271,623,340,0.564,0.115,0.249,0.434,hsv
378,12.613,Torchere A,Light-Flare,0.8956,moyenne,153,114,230,222,0.478,0.149,0.442,0.439,hsv
378,12.613,Torchere B,Light-Flare,0.8452,moyenne,337,281,417,353,0.568,0.165,0.281,0.415,hsv
378,12.613,Torchere C,Light-Flare,0.8382,moyenne,544,274,623,341,0.533,0.123,0.183,0.449,hsv
379,12.646,Torchere A,Light-Flare,0.8815,moyenne,156,117,231,222,0.478,0.144,0.455,0.441,hsv
379,12.646,Torchere B,Light-Flare,0.6725,mauvaise,339,280,418,352,0.576,0.141,0.313,0.411,hsv
379,12.646,Torchere B,Medium-Flare,0.4198,mauvaise,339,278,418,352,0.587,0.138,0.31,0.405,hsv
379,12.646,Torchere C,Light-Flare,0.8531,moyenne,546,273,623,341,0.537,0.131,0.202,0.459,hsv
380,12.679,Torchere A,Light-Flare,0.8974,moyenne,155,116,230,221,0.475,0.144,0.444,0.433,hsv
380,12.679,Torchere B,Light-Flare,0.8564,moyenne,340,277,417,353,0.575,0.127,0.232,0.401,hsv
380,12.679,Torchere C,Light-Flare,0.8654,moyenne,546,271,624,341,0.526,0.136,0.188,0.452,hsv
381,12.713,Torchere A,Light-Flare,0.9099,moyenne,153,117,230,221,0.502,0.135,0.491,0.418,hsv
381,12.713,Torchere B,Light-Flare,0.8636,moyenne,341,273,417,353,0.604,0.106,0.238,0.392,hsv
381,12.713,Torchere C,Light-Flare,0.8546,moyenne,543,268,623,340,0.551,0.137,0.16,0.438,hsv
382,12.746,Torchere A,Light-Flare,0.8912,moyenne,148,115,230,222,0.546,0.124,0.519,0.388,hsv
382,12.746,Torchere B,Light-Flare,0.7706,moyenne,338,269,417,354,0.621,0.093,0.231,0.375,hsv
382,12.746,Torchere C,Light-Flare,0.8203,moyenne,541,267,624,342,0.576,0.131,0.158,0.416,hsv
383,12.779,Torchere A,Medium-Flare,0.7604,mauvaise,145,111,230,221,0.61,0.103,0.569,0.36,hsv
383,12.779,Torchere A,Light-Flare,0.6387,mauvaise,148,110,230,222,0.606,0.105,0.57,0.364,hsv
383,12.779,Torchere B,Light-Flare,0.8130,moyenne,336,282,417,354,0.603,0.105,0.272,0.404,hsv
383,12.779,Torchere C,Light-Flare,0.8017,moyenne,538,266,624,342,0.601,0.115,0.192,0.4,hsv
384,12.813,Torchere A,Light-Flare,0.8492,moyenne,164,123,230,223,0.502,0.104,0.478,0.411,hsv
384,12.813,Torchere B,Light-Flare,0.8574,moyenne,333,282,416,355,0.601,0.1,0.281,0.398,hsv
384,12.813,Torchere C,Light-Flare,0.7968,mauvaise,538,265,623,341,0.607,0.107,0.177,0.395,hsv
384,12.813,Torchere C,Medium-Flare,0.7757,mauvaise,539,266,623,340,0.593,0.111,0.182,0.404,hsv
385,12.846,Torchere A,Light-Flare,0.8706,moyenne,161,124,231,223,0.576,0.075,0.576,0.387,hsv
385,12.846,Torchere B,Light-Flare,0.8531,mauvaise,330,279,414,354,0.616,0.091,0.327,0.393,hsv
385,12.846,Torchere B,Medium-Flare,0.4137,mauvaise,331,277,413,353,0.614,0.092,0.322,0.396,hsv
385,12.846,Torchere C,Medium-Flare,0.5257,mauvaise,548,263,623,341,0.589,0.109,0.188,0.415,hsv
385,12.846,Torchere C,Light-Flare,0.4170,mauvaise,548,263,623,342,0.593,0.108,0.188,0.412,hsv
386,12.880,Torchere A,Light-Flare,0.8509,bonne,175,146,231,222,0.36,0.073,0.335,0.508,hsv
386,12.880,Torchere B,Light-Flare,0.8613,moyenne,330,284,415,354,0.594,0.096,0.3,0.41,hsv
386,12.880,Torchere C,Light-Flare,0.6899,moyenne,548,259,623,341,0.611,0.107,0.177,0.403,hsv
387,12.913,Torchere A,Light-Flare,0.8931,bonne,175,144,230,222,0.348,0.089,0.304,0.523,hsv
387,12.913,Torchere B,Light-Flare,0.8696,moyenne,337,284,415,354,0.558,0.115,0.321,0.439,hsv
387,12.913,Torchere C,Light-Flare,0.8209,moyenne,546,258,623,340,0.632,0.104,0.2,0.394,hsv
388,12.946,Torchere A,Light-Flare,0.9039,bonne,174,144,229,222,0.343,0.1,0.283,0.538,hsv
388,12.946,Torchere B,Light-Flare,0.8424,moyenne,339,284,415,354,0.536,0.133,0.293,0.452,hsv
388,12.946,Torchere C,Light-Flare,0.7982,moyenne,547,263,624,340,0.611,0.116,0.206,0.409,hsv
389,12.980,Torchere A,Light-Flare,0.8968,bonne,171,140,229,222,0.388,0.091,0.336,0.519,hsv
389,12.980,Torchere B,Light-Flare,0.8010,moyenne,338,285,415,354,0.525,0.13,0.347,0.454,hsv
389,12.980,Torchere C,Light-Flare,0.8560,moyenne,557,273,623,340,0.497,0.157,0.229,0.49,hsv
390,13.013,Torchere A,Light-Flare,0.9002,moyenne,169,134,229,222,0.407,0.095,0.345,0.504,hsv
390,13.013,Torchere B,Light-Flare,0.7322,moyenne,338,286,416,354,0.513,0.156,0.314,0.462,hsv
390,13.013,Torchere C,Light-Flare,0.8351,moyenne,556,272,623,339,0.487,0.188,0.189,0.491,hsv
391,13.046,Torchere A,Light-Flare,0.9083,moyenne,168,129,229,222,0.419,0.109,0.37,0.497,hsv
391,13.046,Torchere B,Light-Flare,0.6372,moyenne,338,285,416,353,0.519,0.198,0.31,0.466,hsv
391,13.046,Torchere C,Dark-Flare,0.5301,mauvaise,551,269,623,340,0.533,0.168,0.172,0.452,hsv
392,13.080,Torchere A,Light-Flare,0.8994,moyenne,165,127,230,222,0.438,0.143,0.394,0.479,hsv
392,13.080,Torchere B,Light-Flare,0.7865,moyenne,337,284,416,354,0.532,0.211,0.313,0.452,hsv
392,13.080,Torchere C,Dark-Flare,0.4785,mauvaise,549,269,623,341,0.522,0.157,0.17,0.435,hsv
393,13.113,Torchere A,Light-Flare,0.8971,moyenne,163,125,230,221,0.472,0.149,0.445,0.467,hsv
393,13.113,Torchere B,Light-Flare,0.8460,moyenne,339,282,416,353,0.526,0.209,0.312,0.45,hsv
393,13.113,Torchere C,Light-Flare,0.8042,moyenne,548,268,622,341,0.535,0.124,0.168,0.421,hsv
394,13.146,Torchere A,Light-Flare,0.8892,moyenne,162,122,230,221,0.466,0.159,0.446,0.452,hsv
394,13.146,Torchere B,Light-Flare,0.8531,moyenne,336,281,415,354,0.537,0.213,0.25,0.434,hsv
394,13.146,Torchere C,Light-Flare,0.8410,moyenne,547,265,622,341,0.579,0.1,0.171,0.405,hsv
395,13.180,Torchere A,Light-Flare,0.8779,moyenne,163,122,230,222,0.485,0.14,0.46,0.441,hsv
395,13.180,Torchere B,Light-Flare,0.8802,moyenne,337,280,414,354,0.538,0.193,0.276,0.424,hsv
395,13.180,Torchere C,Light-Flare,0.8736,moyenne,549,265,622,341,0.567,0.079,0.171,0.413,hsv
396,13.213,Torchere A,Light-Flare,0.8096,moyenne,164,122,229,222,0.45,0.141,0.426,0.445,hsv
396,13.213,Torchere B,Light-Flare,0.5817,moyenne,336,278,416,353,0.551,0.141,0.261,0.4,hsv
396,13.213,Torchere C,Light-Flare,0.7970,moyenne,547,263,623,342,0.6,0.083,0.174,0.401,hsv
397,13.247,Torchere A,Light-Flare,0.8346,moyenne,164,130,230,222,0.426,0.137,0.396,0.464,hsv
397,13.247,Torchere B,Light-Flare,0.5701,moyenne,334,275,416,353,0.603,0.113,0.313,0.377,hsv
397,13.247,Torchere C,Light-Flare,0.6979,moyenne,547,264,623,340,0.602,0.087,0.199,0.412,hsv
398,13.280,Torchere A,Light-Flare,0.8569,moyenne,164,128,230,222,0.425,0.122,0.393,0.462,hsv
398,13.280,Torchere B,Light-Flare,0.6250,moyenne,329,272,417,353,0.63,0.08,0.224,0.351,hsv
398,13.280,Torchere C,Light-Flare,0.7825,moyenne,555,276,623,340,0.489,0.122,0.197,0.489,hsv
399,13.313,Torchere A,Light-Flare,0.8790,moyenne,165,125,230,222,0.433,0.129,0.417,0.459,hsv
399,13.313,Torchere C,Light-Flare,0.7822,moyenne,552,276,622,340,0.487,0.125,0.213,0.486,hsv
400,13.347,Torchere A,Light-Flare,0.8696,moyenne,163,121,231,222,0.473,0.122,0.441,0.432,hsv
400,13.347,Torchere B,Light-Flare,0.6583,moyenne,349,291,416,354,0.518,0.092,0.284,0.458,hsv
400,13.347,Torchere C,Light-Flare,0.7870,moyenne,549,276,622,341,0.51,0.127,0.234,0.475,hsv
401,13.380,Torchere A,Light-Flare,0.8523,moyenne,165,120,229,221,0.46,0.103,0.439,0.441,hsv
401,13.380,Torchere B,Light-Flare,0.8428,moyenne,353,293,416,354,0.474,0.106,0.296,0.497,hsv
401,13.380,Torchere C,Light-Flare,0.8745,moyenne,546,274,623,341,0.525,0.122,0.223,0.456,hsv
402,13.413,Torchere A,Light-Flare,0.8367,moyenne,162,120,229,221,0.51,0.09,0.489,0.424,hsv
402,13.413,Torchere B,Light-Flare,0.8588,moyenne,350,290,415,353,0.499,0.118,0.308,0.493,hsv
402,13.413,Torchere C,Light-Flare,0.8767,moyenne,544,273,624,340,0.538,0.111,0.191,0.45,hsv
403,13.447,Torchere A,Light-Flare,0.8772,moyenne,165,118,229,222,0.491,0.095,0.477,0.423,hsv
403,13.447,Torchere B,Light-Flare,0.8827,moyenne,348,290,415,353,0.492,0.128,0.256,0.496,hsv
403,13.447,Torchere C,Light-Flare,0.8686,moyenne,542,271,623,341,0.553,0.096,0.228,0.437,hsv
404,13.480,Torchere A,Light-Flare,0.8805,bonne,177,130,229,222,0.333,0.131,0.315,0.511,hsv
404,13.480,Torchere B,Light-Flare,0.8818,moyenne,348,289,415,354,0.498,0.154,0.26,0.493,hsv
404,13.480,Torchere C,Light-Flare,0.8682,moyenne,543,270,623,341,0.561,0.088,0.271,0.435,hsv
405,13.514,Torchere A,Light-Flare,0.8927,bonne,177,130,230,222,0.378,0.147,0.352,0.5,hsv
405,13.514,Torchere B,Light-Flare,0.8605,moyenne,347,288,415,354,0.468,0.181,0.215,0.492,hsv
405,13.514,Torchere C,Light-Flare,0.8798,moyenne,546,273,624,341,0.511,0.077,0.203,0.452,hsv
406,13.547,Torchere A,Light-Flare,0.8362,moyenne,176,128,232,221,0.419,0.154,0.393,0.475,hsv
406,13.547,Torchere B,Light-Flare,0.8604,moyenne,345,287,417,354,0.502,0.204,0.29,0.473,hsv
406,13.547,Torchere C,Light-Flare,0.8640,moyenne,545,278,625,341,0.526,0.085,0.224,0.469,hsv
407,13.580,Torchere A,Light-Flare,0.8885,moyenne,173,127,232,223,0.46,0.119,0.439,0.445,hsv
407,13.580,Torchere B,Light-Flare,0.8490,moyenne,341,287,416,353,0.495,0.214,0.269,0.467,hsv
407,13.580,Torchere C,Light-Flare,0.8948,moyenne,548,282,624,342,0.474,0.121,0.196,0.512,hsv
408,13.614,Torchere A,Light-Flare,0.8948,moyenne,174,126,231,222,0.446,0.121,0.418,0.454,hsv
408,13.614,Torchere B,Light-Flare,0.8209,moyenne,341,286,416,353,0.498,0.214,0.324,0.461,hsv
408,13.614,Torchere C,Light-Flare,0.8999,moyenne,544,279,625,341,0.501,0.124,0.21,0.492,hsv
409,13.647,Torchere A,Light-Flare,0.8921,moyenne,172,125,231,222,0.467,0.117,0.437,0.441,hsv
409,13.647,Torchere B,Light-Flare,0.8663,moyenne,339,283,417,353,0.506,0.192,0.281,0.433,hsv
409,13.647,Torchere C,Light-Flare,0.8876,moyenne,541,277,625,342,0.524,0.149,0.195,0.48,hsv
410,13.680,Torchere A,Light-Flare,0.8450,moyenne,171,127,231,222,0.463,0.102,0.433,0.434,hsv
410,13.680,Torchere B,Light-Flare,0.7655,moyenne,336,280,416,354,0.574,0.156,0.316,0.404,hsv
410,13.680,Torchere C,Light-Flare,0.8103,moyenne,540,277,624,341,0.515,0.171,0.212,0.492,hsv
411,13.714,Torchere A,Light-Flare,0.8852,moyenne,176,128,230,223,0.415,0.09,0.382,0.459,hsv
411,13.714,Torchere B,Light-Flare,0.5948,mauvaise,333,280,416,354,0.575,0.123,0.294,0.386,hsv
411,13.714,Torchere B,Medium-Flare,0.4641,mauvaise,332,279,417,354,0.59,0.118,0.298,0.379,hsv
411,13.714,Torchere C,Light-Flare,0.8644,moyenne,537,275,624,340,0.515,0.184,0.204,0.479,hsv
412,13.747,Torchere A,Light-Flare,0.8807,bonne,178,130,230,221,0.388,0.092,0.349,0.482,hsv
412,13.747,Torchere B,Light-Flare,0.8356,moyenne,343,280,415,354,0.544,0.099,0.277,0.407,hsv
412,13.747,Torchere C,Light-Flare,0.8740,moyenne,536,275,624,340,0.499,0.188,0.226,0.477,hsv
413,13.780,Torchere A,Light-Flare,0.8863,bonne,178,129,231,221,0.397,0.095,0.348,0.481,hsv
413,13.780,Torchere B,Light-Flare,0.8647,moyenne,350,282,415,354,0.507,0.093,0.27,0.43,hsv
413,13.780,Torchere C,Light-Flare,0.8683,moyenne,536,274,625,341,0.51,0.181,0.207,0.461,hsv
414,13.814,Torchere A,Light-Flare,0.8778,moyenne,178,127,230,221,0.407,0.109,0.321,0.48,hsv
414,13.814,Torchere B,Light-Flare,0.8535,moyenne,349,282,415,354,0.548,0.072,0.343,0.419,hsv
414,13.814,Torchere C,Light-Flare,0.7790,moyenne,535,274,625,341,0.515,0.156,0.185,0.454,hsv
415,13.847,Torchere A,Light-Flare,0.8772,bonne,177,137,230,222,0.375,0.111,0.292,0.507,hsv
415,13.847,Torchere B,Light-Flare,0.7687,moyenne,353,285,416,355,0.527,0.081,0.317,0.44,hsv
415,13.847,Torchere C,Light-Flare,0.7562,moyenne,536,273,625,340,0.51,0.165,0.156,0.451,hsv
416,13.881,Torchere A,Light-Flare,0.8866,bonne,178,142,229,222,0.328,0.129,0.281,0.542,hsv
416,13.881,Torchere B,Light-Flare,0.8708,moyenne,355,293,414,354,0.451,0.114,0.318,0.506,hsv
416,13.881,Torchere C,Light-Flare,0.8582,moyenne,534,272,623,341,0.538,0.142,0.201,0.432,hsv
417,13.914,Torchere A,Light-Flare,0.8991,bonne,175,143,229,222,0.326,0.126,0.298,0.537,hsv
417,13.914,Torchere B,Light-Flare,0.8579,moyenne,354,295,415,355,0.439,0.125,0.249,0.511,hsv
417,13.914,Torchere C,Light-Flare,0.8252,moyenne,533,270,623,341,0.551,0.136,0.158,0.414,hsv
418,13.947,Torchere A,Light-Flare,0.8821,bonne,172,141,229,222,0.362,0.122,0.321,0.523,hsv
418,13.947,Torchere B,Light-Flare,0.8804,moyenne,353,291,414,354,0.446,0.138,0.279,0.503,hsv
418,13.947,Torchere C,Light-Flare,0.7918,moyenne,540,269,623,341,0.566,0.156,0.18,0.423,hsv
419,13.981,Torchere A,Light-Flare,0.8763,bonne,169,138,228,222,0.365,0.125,0.326,0.511,hsv
419,13.981,Torchere B,Light-Flare,0.8740,moyenne,351,288,414,354,0.484,0.14,0.306,0.48,hsv
419,13.981,Torchere C,Light-Flare,0.8626,moyenne,552,271,623,341,0.495,0.195,0.174,0.465,hsv
420,14.014,Torchere A,Light-Flare,0.8815,moyenne,164,135,230,222,0.453,0.112,0.429,0.473,hsv
420,14.014,Torchere B,Light-Flare,0.8534,moyenne,349,285,414,354,0.52,0.14,0.344,0.455,hsv
420,14.014,Torchere C,Light-Flare,0.8240,moyenne,552,270,622,341,0.503,0.179,0.194,0.449,hsv
421,14.047,Torchere A,Light-Flare,0.8795,moyenne,164,130,230,223,0.46,0.117,0.432,0.458,hsv
421,14.047,Torchere B,Light-Flare,0.8027,moyenne,347,285,413,354,0.521,0.154,0.341,0.446,hsv
421,14.047,Torchere C,Light-Flare,0.8163,moyenne,549,269,623,341,0.533,0.13,0.178,0.415,hsv
422,14.081,Torchere A,Light-Flare,0.8988,moyenne,164,128,230,222,0.463,0.114,0.436,0.457,hsv
422,14.081,Torchere B,Light-Flare,0.8538,moyenne,348,284,414,355,0.539,0.144,0.352,0.436,hsv
422,14.081,Torchere C,Light-Flare,0.8859,moyenne,553,271,623,342,0.534,0.091,0.222,0.42,hsv
423,14.114,Torchere A,Light-Flare,0.8886,moyenne,163,126,231,222,0.479,0.121,0.46,0.447,hsv
423,14.114,Torchere B,Light-Flare,0.8765,moyenne,347,282,413,354,0.537,0.142,0.307,0.433,hsv
423,14.114,Torchere C,Light-Flare,0.8790,moyenne,551,272,624,341,0.543,0.058,0.244,0.412,hsv
424,14.147,Torchere A,Light-Flare,0.8452,moyenne,162,121,230,222,0.496,0.119,0.476,0.428,hsv
424,14.147,Torchere B,Light-Flare,0.8616,moyenne,346,283,414,354,0.548,0.137,0.343,0.425,hsv
424,14.147,Torchere C,Light-Flare,0.8532,moyenne,548,276,624,340,0.557,0.038,0.257,0.421,hsv
425,14.181,Torchere A,Light-Flare,0.8841,moyenne,163,118,230,223,0.518,0.089,0.463,0.409,hsv
425,14.181,Torchere B,Light-Flare,0.8432,moyenne,345,287,414,354,0.525,0.141,0.303,0.431,hsv
425,14.181,Torchere C,Light-Flare,0.8078,moyenne,558,278,624,342,0.51,0.038,0.205,0.467,hsv
426,14.214,Torchere A,Light-Flare,0.8641,moyenne,168,137,231,222,0.429,0.112,0.36,0.484,hsv
426,14.214,Torchere B,Light-Flare,0.8664,moyenne,344,285,415,354,0.579,0.121,0.333,0.411,hsv
426,14.214,Torchere C,Light-Flare,0.8514,moyenne,562,281,624,342,0.468,0.052,0.229,0.516,hsv
427,14.248,Torchere A,Light-Flare,0.8457,moyenne,167,135,231,222,0.425,0.124,0.365,0.481,hsv
427,14.248,Torchere B,Light-Flare,0.8778,moyenne,347,283,415,353,0.549,0.13,0.294,0.42,hsv
427,14.248,Torchere C,Light-Flare,0.8606,moyenne,559,279,625,342,0.481,0.054,0.218,0.502,hsv
428,14.281,Torchere A,Light-Flare,0.8560,moyenne,168,133,231,222,0.429,0.124,0.384,0.479,hsv
428,14.281,Torchere B,Light-Flare,0.8644,moyenne,351,283,414,353,0.522,0.142,0.296,0.443,hsv
428,14.281,Torchere C,Light-Flare,0.8267,moyenne,558,278,624,341,0.47,0.07,0.284,0.516,hsv
429,14.314,Torchere A,Light-Flare,0.8574,moyenne,169,132,231,222,0.411,0.132,0.373,0.474,hsv
429,14.314,Torchere B,Light-Flare,0.8646,moyenne,351,282,414,354,0.533,0.153,0.273,0.443,hsv
429,14.314,Torchere C,Medium-Flare,0.5427,mauvaise,556,277,624,341,0.47,0.107,0.209,0.514,hsv
429,14.314,Torchere C,Light-Flare,0.4721,mauvaise,555,277,623,341,0.47,0.107,0.21,0.513,hsv
430,14.348,Torchere A,Light-Flare,0.8983,moyenne,171,132,231,223,0.416,0.124,0.344,0.471,hsv
430,14.348,Torchere B,Light-Flare,0.8376,moyenne,349,282,414,353,0.53,0.151,0.281,0.444,hsv
430,14.348,Torchere C,Light-Flare,0.7464,moyenne,555,276,624,340,0.459,0.149,0.204,0.517,hsv
431,14.381,Torchere A,Light-Flare,0.8893,bonne,174,130,231,222,0.379,0.109,0.314,0.484,hsv
431,14.381,Torchere B,Light-Flare,0.7332,moyenne,348,281,414,354,0.531,0.15,0.292,0.436,hsv
431,14.381,Torchere C,Medium-Flare,0.5075,mauvaise,554,275,624,340,0.444,0.208,0.154,0.514,hsv
431,14.381,Torchere C,Light-Flare,0.4528,mauvaise,554,274,625,340,0.459,0.202,0.16,0.504,hsv
432,14.414,Torchere A,Light-Flare,0.8963,bonne,175,129,231,221,0.377,0.116,0.335,0.495,hsv
432,14.414,Torchere B,Light-Flare,0.7628,moyenne,345,280,414,353,0.543,0.134,0.342,0.427,hsv
432,14.414,Torchere C,Light-Flare,0.6499,moyenne,552,275,624,339,0.447,0.229,0.185,0.507,hsv
433,14.448,Torchere A,Light-Flare,0.8910,bonne,174,127,231,221,0.373,0.112,0.325,0.493,hsv
433,14.448,Torchere B,Light-Flare,0.5733,moyenne,342,278,415,353,0.578,0.121,0.352,0.406,hsv
433,14.448,Torchere C,Light-Flare,0.5872,moyenne,551,272,624,340,0.452,0.209,0.174,0.474,hsv
434,14.481,Torchere A,Light-Flare,0.8885,moyenne,172,126,231,222,0.401,0.125,0.35,0.486,hsv
434,14.481,Torchere B,Light-Flare,0.6603,moyenne,340,279,415,354,0.607,0.109,0.376,0.4,hsv
434,14.481,Torchere C,Light-Flare,0.5192,moyenne,550,270,625,341,0.519,0.156,0.189,0.439,hsv
435,14.514,Torchere A,Light-Flare,0.8904,moyenne,168,124,231,222,0.431,0.133,0.377,0.471,hsv
435,14.514,Torchere B,Light-Flare,0.8471,moyenne,338,279,416,354,0.603,0.11,0.366,0.396,hsv
435,14.514,Torchere C,Light-Flare,0.6896,moyenne,549,272,624,341,0.516,0.136,0.197,0.434,hsv
436,14.548,Torchere A,Light-Flare,0.8955,moyenne,166,123,231,223,0.46,0.151,0.427,0.46,hsv
436,14.548,Torchere B,Light-Flare,0.8095,moyenne,336,277,414,354,0.617,0.116,0.409,0.391,hsv
436,14.548,Torchere C,Light-Flare,0.8520,moyenne,550,272,624,340,0.539,0.114,0.2,0.437,hsv
437,14.581,Torchere A,Light-Flare,0.8950,moyenne,164,122,231,222,0.473,0.16,0.434,0.45,hsv
437,14.581,Torchere B,Light-Flare,0.6965,moyenne,333,275,415,354,0.641,0.103,0.368,0.372,hsv
437,14.581,Torchere C,Light-Flare,0.8481,moyenne,550,271,623,341,0.535,0.096,0.215,0.436,hsv
438,14.615,Torchere A,Light-Flare,0.9074,moyenne,163,122,231,222,0.486,0.158,0.432,0.449,hsv
438,14.615,Torchere B,Light-Flare,0.7820,moyenne,337,278,415,354,0.617,0.108,0.388,0.385,hsv
438,14.615,Torchere C,Light-Flare,0.8605,moyenne,552,274,623,340,0.504,0.092,0.213,0.468,hsv
439,14.648,Torchere A,Light-Flare,0.8963,moyenne,160,119,232,222,0.528,0.145,0.473,0.421,hsv
439,14.648,Torchere B,Light-Flare,0.8148,moyenne,335,275,416,355,0.656,0.084,0.354,0.359,hsv
439,14.648,Torchere C,Light-Flare,0.8827,moyenne,559,274,623,340,0.451,0.1,0.2,0.515,hsv
440,14.681,Torchere A,Light-Flare,0.8931,moyenne,159,117,232,222,0.561,0.145,0.515,0.402,hsv
440,14.681,Torchere B,Light-Flare,0.8646,moyenne,354,280,415,354,0.576,0.109,0.345,0.426,hsv
440,14.681,Torchere C,Light-Flare,0.8905,moyenne,557,272,624,341,0.481,0.128,0.209,0.499,hsv
441,14.715,Torchere A,Light-Flare,0.9092,moyenne,158,118,232,223,0.555,0.124,0.508,0.386,hsv
441,14.715,Torchere B,Light-Flare,0.8255,moyenne,352,279,415,355,0.585,0.101,0.298,0.413,hsv
441,14.715,Torchere C,Light-Flare,0.8711,moyenne,554,270,624,341,0.497,0.142,0.208,0.48,hsv
442,14.748,Torchere A,Light-Flare,0.8844,moyenne,162,124,233,222,0.515,0.103,0.46,0.397,hsv
442,14.748,Torchere B,Light-Flare,0.8219,moyenne,353,289,415,355,0.53,0.105,0.318,0.449,hsv
442,14.748,Torchere C,Light-Flare,0.8778,moyenne,552,268,624,341,0.518,0.139,0.197,0.469,hsv
443,14.781,Torchere A,Light-Flare,0.8857,moyenne,162,124,232,222,0.561,0.079,0.503,0.393,hsv
443,14.781,Torchere B,Light-Flare,0.8214,moyenne,352,292,414,354,0.497,0.123,0.28,0.477,hsv
443,14.781,Torchere C,Light-Flare,0.7869,moyenne,545,266,624,341,0.557,0.128,0.177,0.434,hsv
444,14.815,Torchere A,Light-Flare,0.8874,bonne,171,144,231,222,0.392,0.097,0.32,0.497,hsv
444,14.815,Torchere B,Light-Flare,0.8100,moyenne,350,292,414,355,0.512,0.143,0.309,0.472,hsv
444,14.815,Torchere C,Light-Flare,0.8461,moyenne,545,264,624,340,0.568,0.111,0.196,0.429,hsv
445,14.848,Torchere A,Light-Flare,0.8836,bonne,172,140,231,223,0.389,0.087,0.329,0.5,hsv
445,14.848,Torchere B,Light-Flare,0.7620,mauvaise,347,291,415,355,0.523,0.145,0.296,0.464,hsv
445,14.848,Torchere B,Medium-Flare,0.5154,mauvaise,346,291,415,354,0.524,0.145,0.304,0.465,hsv
445,14.848,Torchere C,Light-Flare,0.8566,moyenne,544,263,624,342,0.593,0.083,0.206,0.412,hsv
446,14.882,Torchere A,Light-Flare,0.8853,moyenne,169,133,232,223,0.448,0.077,0.386,0.471,hsv
446,14.882,Torchere B,Light-Flare,0.7985,moyenne,342,289,413,354,0.54,0.137,0.314,0.455,hsv
446,14.882,Torchere C,Light-Flare,0.8497,moyenne,550,261,625,342,0.591,0.078,0.194,0.421,hsv
447,14.915,Torchere A,Light-Flare,0.8788,moyenne,169,131,232,222,0.423,0.103,0.337,0.477,hsv
447,14.915,Torchere B,Light-Flare,0.7439,moyenne,342,287,414,354,0.542,0.125,0.258,0.448,hsv
447,14.915,Torchere C,Light-Flare,0.8470,moyenne,551,263,625,342,0.577,0.087,0.226,0.43,hsv
448,14.948,Torchere A,Light-Flare,0.8885,moyenne,168,131,232,221,0.437,0.123,0.361,0.479,hsv
448,14.948,Torchere B,Light-Flare,0.8023,moyenne,341,287,415,354,0.545,0.107,0.276,0.445,hsv
448,14.948,Torchere C,Light-Flare,0.8826,moyenne,556,280,625,341,0.457,0.162,0.253,0.528,hsv
449,14.982,Torchere A,Light-Flare,0.8941,moyenne,170,130,231,221,0.417,0.13,0.345,0.492,hsv
449,14.982,Torchere B,Light-Flare,0.7816,moyenne,338,286,415,354,0.558,0.128,0.312,0.437,hsv
449,14.982,Torchere C,Light-Flare,0.8669,moyenne,553,277,624,340,0.458,0.192,0.204,0.51,hsv
450,15.015,Torchere A,Light-Flare,0.8974,moyenne,170,128,230,221,0.422,0.139,0.352,0.488,hsv
450,15.015,Torchere B,Medium-Flare,0.7877,mauvaise,337,287,414,354,0.548,0.156,0.314,0.451,hsv
450,15.015,Torchere C,Light-Flare,0.8737,moyenne,552,275,624,341,0.495,0.181,0.191,0.485,hsv
451,15.048,Torchere A,Light-Flare,0.8732,moyenne,168,126,229,223,0.431,0.154,0.384,0.468,hsv
451,15.048,Torchere B,Medium-Flare,0.7905,mauvaise,333,286,415,353,0.556,0.158,0.306,0.446,hsv
451,15.048,Torchere C,Light-Flare,0.8668,moyenne,552,275,623,341,0.485,0.164,0.189,0.484,hsv
452,15.082,Torchere A,Light-Flare,0.8948,moyenne,167,124,231,221,0.489,0.145,0.447,0.442,hsv
452,15.082,Torchere B,Medium-Flare,0.6438,mauvaise,333,282,414,352,0.559,0.173,0.357,0.443,hsv
452,15.082,Torchere C,Light-Flare,0.8472,moyenne,551,274,623,341,0.505,0.145,0.216,0.47,hsv
453,15.115,Torchere A,Light-Flare,0.8802,moyenne,165,125,230,221,0.519,0.13,0.483,0.421,hsv
453,15.115,Torchere B,Light-Flare,0.5826,mauvaise,332,281,415,351,0.56,0.173,0.327,0.438,hsv
453,15.115,Torchere B,Medium-Flare,0.4591,mauvaise,332,281,416,352,0.571,0.168,0.328,0.431,hsv
453,15.115,Torchere C,Light-Flare,0.8626,moyenne,550,273,622,341,0.5,0.123,0.171,0.465,hsv
454,15.148,Torchere A,Light-Flare,0.8470,bonne,175,146,229,222,0.371,0.145,0.339,0.52,hsv
454,15.148,Torchere B,Medium-Flare,0.4315,mauvaise,330,278,415,352,0.593,0.157,0.333,0.419,hsv
454,15.148,Torchere C,Light-Flare,0.8568,moyenne,550,276,623,341,0.482,0.115,0.183,0.475,hsv
455,15.182,Torchere A,Light-Flare,0.8530,moyenne,171,146,230,222,0.411,0.125,0.368,0.493,hsv
455,15.182,Torchere C,Light-Flare,0.8680,moyenne,548,277,622,341,0.477,0.119,0.182,0.479,hsv
456,15.215,Torchere A,Light-Flare,0.8797,moyenne,171,145,230,221,0.402,0.111,0.349,0.499,hsv
456,15.215,Torchere B,Light-Flare,0.8679,moyenne,330,276,415,353,0.594,0.128,0.298,0.398,hsv
456,15.215,Torchere C,Light-Flare,0.8550,moyenne,544,275,623,341,0.521,0.101,0.219,0.456,hsv
457,15.249,Torchere A,Light-Flare,0.8583,moyenne,170,142,230,222,0.414,0.102,0.359,0.489,hsv
457,15.249,Torchere B,Light-Flare,0.7885,moyenne,327,275,415,352,0.611,0.115,0.331,0.385,hsv
457,15.249,Torchere C,Light-Flare,0.8241,moyenne,542,274,623,341,0.525,0.097,0.18,0.449,hsv
458,15.282,Torchere A,Light-Flare,0.8837,bonne,174,142,230,222,0.362,0.116,0.309,0.525,hsv
458,15.282,Torchere B,Light-Flare,0.8418,moyenne,327,272,417,353,0.65,0.091,0.402,0.365,hsv
458,15.282,Torchere C,Light-Flare,0.5769,mauvaise,540,273,623,341,0.552,0.084,0.199,0.439,hsv
458,15.282,Torchere C,Medium-Flare,0.4838,mauvaise,541,274,623,341,0.54,0.087,0.196,0.447,hsv
459,15.315,Torchere A,Light-Flare,0.8820,bonne,172,140,230,222,0.364,0.116,0.309,0.52,hsv
459,15.315,Torchere B,Light-Flare,0.5343,moyenne,333,278,417,353,0.609,0.082,0.349,0.392,hsv
459,15.315,Torchere C,Light-Flare,0.8183,moyenne,541,271,624,342,0.567,0.095,0.197,0.432,hsv
460,15.349,Torchere A,Light-Flare,0.8810,bonne,172,138,229,222,0.353,0.128,0.307,0.528,hsv
460,15.349,Torchere B,Light-Flare,0.8536,moyenne,345,283,415,352,0.544,0.103,0.332,0.462,hsv
460,15.349,Torchere C,Light-Flare,0.8714,moyenne,544,271,624,340,0.533,0.116,0.27,0.452,hsv
461,15.382,Torchere A,Light-Flare,0.8802,moyenne,169,136,230,223,0.405,0.126,0.351,0.503,hsv
461,15.382,Torchere B,Light-Flare,0.7451,moyenne,343,281,416,352,0.555,0.112,0.313,0.452,hsv
461,15.382,Torchere C,Light-Flare,0.8662,moyenne,545,272,625,341,0.517,0.115,0.214,0.456,hsv
462,15.415,Torchere A,Light-Flare,0.8860,moyenne,165,134,230,222,0.42,0.119,0.363,0.479,hsv
462,15.415,Torchere B,Medium-Flare,0.5989,mauvaise,341,280,416,352,0.544,0.137,0.275,0.447,hsv
462,15.415,Torchere B,Light-Flare,0.4838,mauvaise,341,281,415,352,0.531,0.141,0.265,0.455,hsv
462,15.415,Torchere C,Light-Flare,0.8561,moyenne,544,270,625,340,0.534,0.124,0.257,0.453,hsv
463,15.449,Torchere A,Light-Flare,0.8443,moyenne,162,133,230,222,0.446,0.116,0.396,0.466,hsv
463,15.449,Torchere B,Medium-Flare,0.7702,mauvaise,341,279,415,352,0.537,0.154,0.294,0.451,hsv
463,15.449,Torchere C,Light-Flare,0.8399,moyenne,540,268,626,341,0.579,0.126,0.255,0.433,hsv
464,15.482,Torchere A,Light-Flare,0.8533,moyenne,161,131,230,223,0.454,0.113,0.417,0.456,hsv
464,15.482,Torchere B,Medium-Flare,0.7270,mauvaise,337,277,416,353,0.567,0.152,0.277,0.423,hsv
464,15.482,Torchere C,Light-Flare,0.8384,moyenne,537,268,625,341,0.577,0.136,0.252,0.431,hsv
465,15.515,Torchere A,Light-Flare,0.5046,moyenne,160,129,229,223,0.478,0.109,0.434,0.449,hsv
465,15.515,Torchere B,Light-Flare,0.5872,moyenne,334,277,417,352,0.587,0.136,0.337,0.408,hsv
465,15.515,Torchere C,Light-Flare,0.7940,moyenne,537,267,625,340,0.583,0.142,0.243,0.432,hsv
