frame_idx,timestamp_sec,torchere,class_name,confidence,qualite,x1,y1,x2,y2,dark_ratio,flame_ratio,smoke_ratio,mean_intensity,classif_source
1,0.033,Torchere A,Light-Flare,0.8871,inactive,161,144,228,222,,,,,svm
1,0.033,Torchere B,Light-Flare,0.7785,inactive,340,285,418,352,,,,,svm
1,0.033,Torchere C,Dark-Flare,0.6739,inactive,543,272,624,340,,,,,svm
2,0.067,Torchere A,Light-Flare,0.8881,inactive,161,154,227,222,,,,,svm
2,0.067,Torchere B,Light-Flare,0.7604,inactive,339,286,418,352,,,,,svm
2,0.067,Torchere C,Medium-Flare,0.4480,inactive,543,269,623,340,,,,,svm
3,0.100,Torchere A,Light-Flare,0.8931,inactive,158,155,228,223,,,,,svm
3,0.100,Torchere B,Light-Flare,0.8323,inactive,336,283,418,353,,,,,svm
3,0.100,Torchere C,Light-Flare,0.7304,inactive,538,268,623,341,,,,,svm
3,0.100,Torchere C,Medium-Flare,0.5238,inactive,538,268,623,341,,,,,svm
4,0.133,Torchere A,Light-Flare,0.8985,inactive,154,151,228,223,,,,,svm
4,0.133,Torchere B,Light-Flare,0.8732,inactive,333,282,418,352,,,,,svm
4,0.133,Torchere C,Light-Flare,0.7420,inactive,537,272,624,341,,,,,svm
4,0.133,Torchere C,Medium-Flare,0.4100,inactive,538,272,623,341,,,,,svm
5,0.167,Torchere A,Light-Flare,0.8995,moyenne,150,147,228,223,,,,,svm
5,0.167,Torchere B,Light-Flare,0.8692,bonne,333,280,417,352,,,,,svm
5,0.167,Torchere C,Light-Flare,0.8258,bonne,551,279,624,340,,,,,svm
6,0.200,Torchere A,Light-Flare,0.8895,moyenne,148,148,228,223,,,,,svm
6,0.200,Torchere B,Light-Flare,0.8159,moyenne,333,280,416,353,,,,,svm
6,0.200,Torchere C,Light-Flare,0.8129,bonne,546,278,623,340,,,,,svm
7,0.234,Torchere A,Light-Flare,0.8902,moyenne,146,149,228,223,,,,,svm
7,0.234,Torchere B,Light-Flare,0.8028,moyenne,330,278,416,352,,,,,svm
7,0.234,Torchere C,Light-Flare,0.7980,bonne,552,278,623,339,,,,,svm
8,0.267,Torchere A,Light-Flare,0.8834,moyenne,142,147,228,223,,,,,svm
8,0.267,Torchere B,Light-Flare,0.7043,moyenne,331,279,416,352,,,,,svm
8,0.267,Torchere B,Medium-Flare,0.4001,moyenne,333,280,416,352,,,,,svm
8,0.267,Torchere C,Light-Flare,0.8402,bonne,557,277,623,341,,,,,svm
9,0.300,Torchere A,Light-Flare,0.8858,moyenne,142,145,229,223,,,,,svm
9,0.300,Torchere B,Medium-Flare,0.7790,moyenne,332,278,417,351,,,,,svm
9,0.300,Torchere C,Light-Flare,0.7205,bonne,555,276,624,341,,,,,svm
10,0.334,Torchere A,Light-Flare,0.8858,moyenne,151,153,229,222,,,,,svm
10,0.334,Torchere B,Medium-Flare,0.7380,moyenne,340,284,417,352,,,,,svm
10,0.334,Torchere C,Light-Flare,0.8447,bonne,553,273,623,340,,,,,svm
11,0.367,Torchere A,Light-Flare,0.8862,bonne,150,153,228,222,,,,,svm
11,0.367,Torchere B,Medium-Flare,0.6564,moyenne,338,283,417,352,,,,,svm
11,0.367,Torchere C,Light-Flare,0.8624,bonne,551,272,623,341,,,,,svm
12,0.400,Torchere A,Light-Flare,0.8926,moyenne,149,156,228,222,,,,,svm
12,0.400,Torchere B,Medium-Flare,0.5852,moyenne,335,278,416,352,,,,,svm
12,0.400,Torchere C,Light-Flare,0.8312,bonne,548,271,623,341,,,,,svm
13,0.434,Torchere A,Light-Flare,0.8782,bonne,144,155,226,222,,,,,svm
13,0.434,Torchere B,Light-Flare,0.6091,bonne,336,283,415,353,,,,,svm
13,0.434,Torchere B,Medium-Flare,0.5811,bonne,336,282,415,352,,,,,svm
13,0.434,Torchere C,Light-Flare,0.8780,bonne,546,271,623,341,,,,,svm
14,0.467,Torchere A,Light-Flare,0.8756,bonne,142,153,227,223,,,,,svm
14,0.467,Torchere B,Medium-Flare,0.7503,moyenne,336,281,416,353,,,,,svm
14,0.467,Torchere C,Light-Flare,0.8586,bonne,546,271,622,342,,,,,svm
15,0.501,Torchere A,Light-Flare,0.8650,bonne,140,150,227,223,,,,,svm
15,0.501,Torchere B,Light-Flare,0.7828,moyenne,335,281,416,355,,,,,svm
15,0.501,Torchere C,Light-Flare,0.8613,bonne,545,271,622,341,,,,,svm
16,0.534,Torchere A,Light-Flare,0.8719,moyenne,143,148,227,222,,,,,svm
16,0.534,Torchere B,Light-Flare,0.7809,bonne,335,283,415,354,,,,,svm
16,0.534,Torchere C,Light-Flare,0.8563,bonne,544,271,622,341,,,,,svm
17,0.567,Torchere A,Light-Flare,0.8541,bonne,166,147,227,223,,,,,svm
17,0.567,Torchere B,Light-Flare,0.8542,moyenne,337,285,415,354,,,,,svm
17,0.567,Torchere C,Light-Flare,0.7206,bonne,541,269,623,341,,,,,svm
18,0.601,Torchere A,Light-Flare,0.8697,moyenne,160,145,227,223,,,,,svm
18,0.601,Torchere B,Light-Flare,0.8205,moyenne,359,285,415,354,,,,,svm
18,0.601,Torchere C,Medium-Flare,0.6700,bonne,540,264,623,340,,,,,svm
19,0.634,Torchere A,Light-Flare,0.8839,moyenne,159,142,227,223,,,,,svm
19,0.634,Torchere B,Light-Flare,0.8488,moyenne,356,284,416,353,,,,,svm
19,0.634,Torchere C,Medium-Flare,0.4954,bonne,535,263,624,339,,,,,svm
20,0.667,Torchere A,Light-Flare,0.8943,moyenne,156,142,227,223,,,,,svm
20,0.667,Torchere B,Light-Flare,0.8656,moyenne,353,283,417,352,,,,,svm
20,0.667,Torchere C,Medium-Flare,0.6065,moyenne,537,261,623,339,,,,,svm
20,0.667,Torchere C,Light-Flare,0.5829,moyenne,539,262,623,340,,,,,svm
21,0.701,Torchere A,Light-Flare,0.8845,moyenne,155,144,227,222,,,,,svm
21,0.701,Torchere B,Light-Flare,0.8778,moyenne,350,282,418,353,,,,,svm
21,0.701,Torchere C,Light-Flare,0.7602,moyenne,539,261,623,340,,,,,svm
21,0.701,Torchere C,Medium-Flare,0.5058,moyenne,537,260,623,340,,,,,svm
22,0.734,Torchere A,Light-Flare,0.8908,moyenne,159,144,226,223,,,,,svm
22,0.734,Torchere B,Light-Flare,0.8141,bonne,348,282,419,352,,,,,svm
22,0.734,Torchere C,Light-Flare,0.4598,moyenne,546,257,623,341,,,,,svm
22,0.734,Torchere C,Medium-Flare,0.3293,moyenne,543,257,623,341,,,,,svm
23,0.767,Torchere A,Light-Flare,0.8956,bonne,161,142,226,223,,,,,svm
23,0.767,Torchere B,Light-Flare,0.8738,bonne,344,282,419,353,,,,,svm
24,0.801,Torchere A,Light-Flare,0.8864,moyenne,162,141,227,223,,,,,svm
24,0.801,Torchere B,Light-Flare,0.8076,bonne,342,280,418,352,,,,,svm
25,0.834,Torchere A,Light-Flare,0.9006,bonne,164,139,226,224,,,,,svm
25,0.834,Torchere B,Light-Flare,0.7696,moyenne,337,276,418,353,,,,,svm
25,0.834,Torchere C,Light-Flare,0.7435,bonne,539,254,624,340,,,,,svm
26,0.868,Torchere A,Light-Flare,0.9051,moyenne,160,139,227,223,,,,,svm
26,0.868,Torchere B,Light-Flare,0.7553,bonne,332,272,419,353,,,,,svm
26,0.868,Torchere B,Medium-Flare,0.2923,bonne,332,272,419,351,,,,,svm
26,0.868,Torchere C,Light-Flare,0.7232,bonne,556,282,623,340,,,,,svm
26,0.868,Torchere C,Medium-Flare,0.2839,bonne,548,276,624,340,,,,,svm
27,0.901,Torchere A,Light-Flare,0.9026,moyenne,161,137,226,221,,,,,svm
27,0.901,Torchere B,Light-Flare,0.8055,moyenne,332,270,418,352,,,,,svm
27,0.901,Torchere C,Medium-Flare,0.6451,bonne,535,247,627,340,,,,,svm
28,0.934,Torchere A,Light-Flare,0.8977,moyenne,159,135,227,221,,,,,svm
28,0.934,Torchere B,Medium-Flare,0.3062,mauvaise,340,269,416,351,,,,,svm
28,0.934,Torchere B,Dark-Flare,0.3024,mauvaise,340,269,416,350,,,,,svm
28,0.934,Torchere C,Light-Flare,0.4163,bonne,544,270,625,340,,,,,svm
29,0.968,Torchere A,Light-Flare,0.8869,moyenne,158,139,227,222,,,,,svm
29,0.968,Torchere B,Medium-Flare,0.5511,moyenne,336,268,417,351,,,,,svm
29,0.968,Torchere B,Light-Flare,0.3482,moyenne,337,268,417,352,,,,,svm
29,0.968,Torchere C,Light-Flare,0.7377,bonne,533,253,625,341,,,,,svm
30,1.001,Torchere A,Light-Flare,0.8916,moyenne,158,142,227,223,,,,,svm
30,1.001,Torchere B,Light-Flare,0.7842,moyenne,362,288,415,353,,,,,svm
30,1.001,Torchere C,Light-Flare,0.7607,bonne,545,265,624,341,,,,,svm
31,1.034,Torchere A,Light-Flare,0.8960,moyenne,162,142,226,223,,,,,svm
31,1.034,Torchere B,Light-Flare,0.8225,moyenne,358,292,415,354,,,,,svm
31,1.034,Torchere C,Light-Flare,0.8542,bonne,552,272,623,341,,,,,svm
32,1.068,Torchere A,Light-Flare,0.8930,moyenne,160,144,226,223,,,,,svm
32,1.068,Torchere B,Light-Flare,0.8385,moyenne,358,294,416,353,,,,,svm
32,1.068,Torchere C,Light-Flare,0.8755,bonne,554,270,623,341,,,,,svm
33,1.101,Torchere A,Light-Flare,0.8958,moyenne,161,156,226,223,,,,,svm
33,1.101,Torchere B,Light-Flare,0.8521,moyenne,355,293,415,354,,,,,svm
33,1.101,Torchere C,Light-Flare,0.8863,bonne,552,270,622,340,,,,,svm
34,1.134,Torchere A,Light-Flare,0.8993,moyenne,159,154,226,223,,,,,svm
34,1.134,Torchere B,Light-Flare,0.8686,moyenne,354,292,415,354,,,,,svm
34,1.134,Torchere C,Light-Flare,0.8671,bonne,551,268,623,341,,,,,svm
35,1.168,Torchere A,Light-Flare,0.8962,moyenne,156,155,226,223,,,,,svm
35,1.168,Torchere B,Light-Flare,0.8647,bonne,353,290,414,353,,,,,svm
35,1.168,Torchere C,Light-Flare,0.7994,bonne,550,267,623,341,,,,,svm
36,1.201,Torchere A,Light-Flare,0.8947,moyenne,155,154,226,222,,,,,svm
36,1.201,Torchere B,Light-Flare,0.8637,bonne,350,289,415,353,,,,,svm
36,1.201,Torchere C,Light-Flare,0.7733,moyenne,547,266,622,341,,,,,svm
37,1.235,Torchere A,Light-Flare,0.9031,bonne,155,155,225,222,,,,,svm
37,1.235,Torchere B,Light-Flare,0.8724,moyenne,348,286,415,353,,,,,svm
37,1.235,Torchere C,Medium-Flare,0.6205,moyenne,543,266,623,340,,,,,svm
38,1.268,Torchere A,Light-Flare,0.8947,moyenne,161,154,225,222,,,,,svm
38,1.268,Torchere B,Light-Flare,0.8800,moyenne,347,285,415,352,,,,,svm
38,1.268,Torchere C,Light-Flare,0.8290,moyenne,540,264,623,340,,,,,svm
39,1.301,Torchere A,Light-Flare,0.8929,moyenne,159,153,226,222,,,,,svm
39,1.301,Torchere B,Light-Flare,0.8445,moyenne,344,283,414,353,,,,,svm
39,1.301,Torchere C,Light-Flare,0.7648,moyenne,538,264,622,341,,,,,svm
39,1.301,Torchere C,Medium-Flare,0.6232,moyenne,538,264,623,341,,,,,svm
40,1.335,Torchere A,Light-Flare,0.8977,moyenne,157,153,226,222,,,,,svm
40,1.335,Torchere B,Light-Flare,0.8821,bonne,343,281,414,352,,,,,svm
40,1.335,Torchere C,Light-Flare,0.7324,moyenne,541,262,622,340,,,,,svm
40,1.335,Torchere C,Medium-Flare,0.6877,moyenne,540,261,622,339,,,,,svm
41,1.368,Torchere A,Light-Flare,0.8962,bonne,154,151,226,223,,,,,svm
41,1.368,Torchere B,Light-Flare,0.8608,bonne,341,279,414,354,,,,,svm
41,1.368,Torchere C,Light-Flare,0.9002,bonne,551,263,621,341,,,,,svm
42,1.401,Torchere A,Light-Flare,0.8920,moyenne,158,152,227,223,,,,,svm
42,1.401,Torchere B,Light-Flare,0.8089,bonne,340,280,416,352,,,,,svm
42,1.401,Torchere C,Light-Flare,0.8173,moyenne,548,264,622,340,,,,,svm
43,1.435,Torchere A,Light-Flare,0.8831,moyenne,156,150,228,223,,,,,svm
43,1.435,Torchere B,Light-Flare,0.7427,bonne,339,275,416,352,,,,,svm
43,1.435,Torchere C,Light-Flare,0.6044,moyenne,546,264,622,341,,,,,svm
44,1.468,Torchere A,Light-Flare,0.8764,moyenne,154,151,227,224,,,,,svm
44,1.468,Torchere B,Light-Flare,0.8508,bonne,336,273,415,352,,,,,svm
44,1.468,Torchere C,Light-Flare,0.8164,moyenne,549,268,622,341,,,,,svm
45,1.502,Torchere A,Light-Flare,0.8851,moyenne,153,150,229,223,,,,,svm
45,1.502,Torchere B,Light-Flare,0.8236,bonne,333,272,415,352,,,,,svm
45,1.502,Torchere C,Light-Flare,0.8292,bonne,553,284,622,341,,,,,svm
46,1.535,Torchere A,Light-Flare,0.8788,moyenne,153,150,228,223,,,,,svm
46,1.535,Torchere B,Light-Flare,0.8112,moyenne,333,277,416,352,,,,,svm
46,1.535,Torchere C,Light-Flare,0.8632,bonne,562,285,622,341,,,,,svm
47,1.568,Torchere A,Light-Flare,0.8918,moyenne,152,149,228,223,,,,,svm
47,1.568,Torchere B,Light-Flare,0.7794,bonne,333,277,416,352,,,,,svm
47,1.568,Torchere C,Light-Flare,0.8702,bonne,560,284,622,339,,,,,svm
48,1.602,Torchere A,Light-Flare,0.8932,moyenne,151,149,227,223,,,,,svm
48,1.602,Torchere B,Light-Flare,0.7551,bonne,334,277,416,352,,,,,svm
48,1.602,Torchere C,Light-Flare,0.8480,bonne,559,283,623,339,,,,,svm
49,1.635,Torchere A,Light-Flare,0.8942,moyenne,150,149,227,224,,,,,svm
49,1.635,Torchere B,Light-Flare,0.8433,bonne,336,275,416,353,,,,,svm
49,1.635,Torchere C,Light-Flare,0.8891,bonne,558,283,623,342,,,,,svm
50,1.668,Torchere A,Light-Flare,0.8994,moyenne,152,148,226,225,,,,,svm
50,1.668,Torchere B,Light-Flare,0.7431,moyenne,337,274,416,353,,,,,svm
50,1.668,Torchere C,Light-Flare,0.8836,bonne,556,283,623,342,,,,,svm
51,1.702,Torchere A,Light-Flare,0.8987,moyenne,149,150,228,223,,,,,svm
51,1.702,Torchere B,Light-Flare,0.7664,moyenne,336,271,417,353,,,,,svm
51,1.702,Torchere C,Light-Flare,0.8956,bonne,554,279,623,342,,,,,svm
52,1.735,Torchere A,Light-Flare,0.8934,moyenne,147,149,228,222,,,,,svm
52,1.735,Torchere B,Light-Flare,0.8058,moyenne,348,273,416,352,,,,,svm
52,1.735,Torchere C,Light-Flare,0.8900,bonne,551,279,624,341,,,,,svm
53,1.768,Torchere A,Light-Flare,0.8802,bonne,142,146,227,222,,,,,svm
53,1.768,Torchere B,Light-Flare,0.6214,moyenne,347,272,417,353,,,,,svm
53,1.768,Torchere B,Medium-Flare,0.4310,moyenne,347,271,417,353,,,,,svm
53,1.768,Torchere C,Light-Flare,0.8887,bonne,545,276,624,342,,,,,svm
54,1.802,Torchere A,Light-Flare,0.8145,bonne,137,146,228,223,,,,,svm
54,1.802,Torchere A,Medium-Flare,0.4474,bonne,136,146,227,223,,,,,svm
54,1.802,Torchere B,Medium-Flare,0.7634,moyenne,345,271,416,353,,,,,svm
54,1.802,Torchere C,Light-Flare,0.8926,bonne,543,272,624,341,,,,,svm
55,1.835,Torchere A,Light-Flare,0.8205,moyenne,136,148,227,224,,,,,svm
55,1.835,Torchere A,Medium-Flare,0.5811,moyenne,137,148,227,223,,,,,svm
55,1.835,Torchere B,Light-Flare,0.6678,moyenne,342,265,418,352,,,,,svm
55,1.835,Torchere B,Medium-Flare,0.4405,moyenne,341,266,419,353,,,,,svm
55,1.835,Torchere C,Light-Flare,0.8935,bonne,545,271,624,341,,,,,svm
56,1.869,Torchere A,Light-Flare,0.8431,moyenne,144,146,227,223,,,,,svm
56,1.869,Torchere B,Light-Flare,0.7674,moyenne,343,264,417,352,,,,,svm
56,1.869,Torchere C,Light-Flare,0.7484,bonne,545,269,624,341,,,,,svm
57,1.902,Torchere A,Light-Flare,0.8374,bonne,141,146,227,223,,,,,svm
57,1.902,Torchere A,Medium-Flare,0.3152,bonne,137,144,228,224,,,,,svm
57,1.902,Torchere B,Light-Flare,0.5683,moyenne,342,261,416,353,,,,,svm
57,1.902,Torchere C,Light-Flare,0.8337,bonne,542,268,624,340,,,,,svm
58,1.935,Torchere A,Light-Flare,0.8251,moyenne,146,147,227,223,,,,,svm
58,1.935,Torchere A,Medium-Flare,0.3465,moyenne,137,144,227,224,,,,,svm
58,1.935,Torchere B,Light-Flare,0.8548,moyenne,345,265,416,355,,,,,svm
58,1.935,Torchere C,Light-Flare,0.8487,bonne,541,269,624,341,,,,,svm
59,1.969,Torchere A,Light-Flare,0.8498,moyenne,149,147,227,224,,,,,svm
59,1.969,Torchere B,Light-Flare,0.7955,moyenne,350,277,415,353,,,,,svm
59,1.969,Torchere C,Light-Flare,0.8460,bonne,542,269,624,341,,,,,svm
60,2.002,Torchere A,Light-Flare,0.8868,bonne,166,157,226,224,,,,,svm
60,2.002,Torchere B,Light-Flare,0.8508,moyenne,354,283,415,353,,,,,svm
60,2.002,Torchere C,Light-Flare,0.8429,bonne,547,270,624,340,,,,,svm
61,2.035,Torchere A,Light-Flare,0.8876,moyenne,163,156,226,223,,,,,svm
61,2.035,Torchere B,Light-Flare,0.8545,moyenne,353,285,417,353,,,,,svm
61,2.035,Torchere C,Light-Flare,0.8332,bonne,543,272,625,341,,,,,svm
62,2.069,Torchere A,Light-Flare,0.8919,moyenne,162,156,226,223,,,,,svm
62,2.069,Torchere B,Light-Flare,0.8246,moyenne,353,285,416,353,,,,,svm
62,2.069,Torchere C,Light-Flare,0.8133,bonne,544,271,624,340,,,,,svm
63,2.102,Torchere A,Light-Flare,0.8881,moyenne,162,156,226,223,,,,,svm
63,2.102,Torchere B,Light-Flare,0.6768,moyenne,350,283,415,353,,,,,svm
63,2.102,Torchere C,Light-Flare,0.7818,bonne,551,268,623,340,,,,,svm
64,2.135,Torchere A,Light-Flare,0.8856,moyenne,163,156,227,223,,,,,svm
64,2.135,Torchere B,Light-Flare,0.8519,moyenne,351,281,416,352,,,,,svm
64,2.135,Torchere C,Light-Flare,0.8515,moyenne,553,265,623,340,,,,,svm
65,2.169,Torchere A,Light-Flare,0.8806,bonne,168,157,227,224,,,,,svm
65,2.169,Torchere B,Light-Flare,0.8577,moyenne,349,279,417,353,,,,,svm
65,2.169,Torchere C,Light-Flare,0.8466,bonne,551,264,624,339,,,,,svm
66,2.202,Torchere A,Light-Flare,0.8857,moyenne,167,154,227,224,,,,,svm
66,2.202,Torchere B,Light-Flare,0.8463,moyenne,347,275,418,353,,,,,svm
66,2.202,Torchere C,Light-Flare,0.7677,moyenne,548,263,624,340,,,,,svm
67,2.236,Torchere A,Light-Flare,0.8837,moyenne,163,151,227,224,,,,,svm
67,2.236,Torchere B,Light-Flare,0.8313,moyenne,347,273,417,353,,,,,svm
67,2.236,Torchere C,Light-Flare,0.8291,moyenne,547,261,624,340,,,,,svm
68,2.269,Torchere A,Light-Flare,0.8916,moyenne,159,149,227,223,,,,,svm
68,2.269,Torchere B,Light-Flare,0.8279,moyenne,347,271,419,353,,,,,svm
68,2.269,Torchere C,Light-Flare,0.8419,moyenne,549,261,624,340,,,,,svm
69,2.302,Torchere A,Light-Flare,0.8915,moyenne,156,148,227,223,,,,,svm
69,2.302,Torchere B,Light-Flare,0.8456,moyenne,350,273,419,353,,,,,svm
69,2.302,Torchere C,Light-Flare,0.8958,bonne,551,261,623,340,,,,,svm
70,2.336,Torchere A,Light-Flare,0.8599,moyenne,153,147,227,222,,,,,svm
70,2.336,Torchere B,Light-Flare,0.7149,mauvaise,347,270,419,353,,,,,svm
70,2.336,Torchere B,Dark-Flare,0.5856,mauvaise,348,271,418,353,,,,,svm
70,2.336,Torchere C,Light-Flare,0.8904,bonne,550,263,623,340,,,,,svm
71,2.369,Torchere A,Medium-Flare,0.6421,moyenne,148,147,227,223,,,,,svm
71,2.369,Torchere A,Light-Flare,0.6078,moyenne,148,147,227,222,,,,,svm
71,2.369,Torchere B,Light-Flare,0.8681,moyenne,346,268,418,352,,,,,svm
71,2.369,Torchere C,Light-Flare,0.8830,moyenne,548,260,623,340,,,,,svm
72,2.402,Torchere A,Light-Flare,0.7871,moyenne,146,149,227,223,,,,,svm
72,2.402,Torchere B,Light-Flare,0.8215,moyenne,344,266,418,352,,,,,svm
72,2.402,Torchere C,Light-Flare,0.7869,moyenne,547,260,623,340,,,,,svm
73,2.436,Torchere A,Medium-Flare,0.7999,moyenne,144,148,227,223,,,,,svm
73,2.436,Torchere B,Light-Flare,0.7320,moyenne,343,264,417,351,,,,,svm
73,2.436,Torchere C,Light-Flare,0.8358,bonne,547,256,624,340,,,,,svm
74,2.469,Torchere A,Light-Flare,0.7649,moyenne,145,149,227,224,,,,,svm
74,2.469,Torchere A,Medium-Flare,0.5226,moyenne,145,149,228,224,,,,,svm
74,2.469,Torchere B,Light-Flare,0.8339,moyenne,336,264,418,352,,,,,svm
74,2.469,Torchere C,Light-Flare,0.5893,moyenne,555,282,623,340,,,,,svm
74,2.469,Torchere C,Medium-Flare,0.3711,moyenne,551,278,624,340,,,,,svm
75,2.502,Torchere A,Light-Flare,0.8580,moyenne,147,149,225,224,,,,,svm
75,2.502,Torchere B,Medium-Flare,0.3590,moyenne,336,262,418,353,,,,,svm
75,2.502,Torchere C,Medium-Flare,0.6084,bonne,554,280,624,340,,,,,svm
75,2.502,Torchere C,Light-Flare,0.5276,bonne,554,279,624,339,,,,,svm
76,2.536,Torchere A,Light-Flare,0.8973,moyenne,154,147,226,223,,,,,svm
76,2.536,Torchere B,Medium-Flare,0.7469,moyenne,334,259,418,352,,,,,svm
76,2.536,Torchere C,Medium-Flare,0.8566,bonne,551,279,624,339,,,,,svm
77,2.569,Torchere A,Light-Flare,0.9001,moyenne,154,145,226,223,,,,,svm
77,2.569,Torchere B,Medium-Flare,0.5052,bonne,332,260,417,352,,,,,svm
77,2.569,Torchere B,Light-Flare,0.3865,bonne,332,260,416,352,,,,,svm
77,2.569,Torchere C,Medium-Flare,0.6869,bonne,546,275,625,339,,,,,svm
78,2.603,Torchere A,Light-Flare,0.9020,moyenne,153,144,226,223,,,,,svm
78,2.603,Torchere B,Medium-Flare,0.8673,moyenne,335,262,416,352,,,,,svm
78,2.603,Torchere C,Medium-Flare,0.4840,bonne,549,274,624,339,,,,,svm
79,2.636,Torchere A,Light-Flare,0.9083,moyenne,151,143,227,223,,,,,svm
79,2.636,Torchere B,Medium-Flare,0.8066,moyenne,334,264,415,351,,,,,svm
79,2.636,Torchere C,Light-Flare,0.5977,bonne,546,272,625,339,,,,,svm
80,2.669,Torchere A,Light-Flare,0.8975,moyenne,156,141,227,224,,,,,svm
80,2.669,Torchere B,Light-Flare,0.7686,moyenne,336,270,415,352,,,,,svm
80,2.669,Torchere C,Dark-Flare,0.3993,mauvaise,544,270,624,340,,,,,svm
80,2.669,Torchere C,Light-Flare,0.3973,mauvaise,544,270,623,340,,,,,svm
81,2.703,Torchere A,Light-Flare,0.9197,moyenne,153,141,227,223,,,,,svm
81,2.703,Torchere B,Light-Flare,0.6381,moyenne,336,270,415,353,,,,,svm
81,2.703,Torchere B,Medium-Flare,0.5291,moyenne,336,270,415,352,,,,,svm
81,2.703,Torchere C,Medium-Flare,0.8166,moyenne,540,267,623,340,,,,,svm
82,2.736,Torchere A,Light-Flare,0.8916,moyenne,153,141,227,224,,,,,svm
82,2.736,Torchere B,Light-Flare,0.7908,moyenne,361,297,414,354,,,,,svm
82,2.736,Torchere B,Light-Flare,0.6015,moyenne,335,268,415,353,,,,,svm
82,2.736,Torchere C,Medium-Flare,0.8720,moyenne,536,263,622,340,,,,,svm
83,2.769,Torchere A,Light-Flare,0.8885,moyenne,160,139,225,224,,,,,svm
83,2.769,Torchere B,Light-Flare,0.7840,moyenne,358,295,414,354,,,,,svm
83,2.769,Torchere C,Medium-Flare,0.7087,moyenne,536,260,622,340,,,,,svm
84,2.803,Torchere A,Light-Flare,0.8879,moyenne,160,146,225,225,,,,,svm
84,2.803,Torchere B,Light-Flare,0.8127,moyenne,358,288,416,354,,,,,svm
84,2.803,Torchere C,Medium-Flare,0.8754,moyenne,536,259,622,340,,,,,svm
85,2.836,Torchere A,Light-Flare,0.8936,moyenne,164,149,225,224,,,,,svm
85,2.836,Torchere B,Light-Flare,0.8423,moyenne,357,286,416,353,,,,,svm
85,2.836,Torchere C,Light-Flare,0.6749,moyenne,534,261,624,341,,,,,svm
86,2.870,Torchere A,Light-Flare,0.8988,moyenne,162,153,225,223,,,,,svm
86,2.870,Torchere B,Light-Flare,0.8486,moyenne,353,290,417,352,,,,,svm
86,2.870,Torchere C,Light-Flare,0.8538,moyenne,530,258,623,340,,,,,svm
87,2.903,Torchere A,Light-Flare,0.8997,moyenne,160,154,226,223,,,,,svm
87,2.903,Torchere B,Light-Flare,0.8509,moyenne,348,288,418,353,,,,,svm
87,2.903,Torchere C,Light-Flare,0.5208,moyenne,556,278,622,342,,,,,svm
87,2.903,Torchere C,Medium-Flare,0.4934,moyenne,544,270,623,341,,,,,svm
88,2.936,Torchere A,Light-Flare,0.9035,bonne,157,151,226,224,,,,,svm
88,2.936,Torchere B,Light-Flare,0.8658,moyenne,346,290,417,353,,,,,svm
88,2.936,Torchere C,Light-Flare,0.4415,bonne,540,268,623,342,,,,,svm
88,2.936,Torchere C,Medium-Flare,0.4217,bonne,543,269,623,342,,,,,svm
89,2.970,Torchere A,Light-Flare,0.9073,moyenne,158,149,226,222,,,,,svm
89,2.970,Torchere B,Light-Flare,0.8839,moyenne,343,286,416,353,,,,,svm
89,2.970,Torchere C,Light-Flare,0.5081,bonne,542,268,623,340,,,,,svm
89,2.970,Torchere C,Medium-Flare,0.4009,bonne,542,268,623,339,,,,,svm
90,3.003,Torchere A,Light-Flare,0.9022,moyenne,155,147,226,222,,,,,svm
90,3.003,Torchere B,Light-Flare,0.8461,moyenne,341,285,416,353,,,,,svm
90,3.003,Torchere C,Light-Flare,0.6696,bonne,544,268,624,339,,,,,svm
91,3.036,Torchere A,Light-Flare,0.8818,moyenne,152,142,226,222,,,,,svm
91,3.036,Torchere B,Light-Flare,0.8262,moyenne,341,282,418,353,,,,,svm
91,3.036,Torchere C,Light-Flare,0.6537,bonne,542,267,624,340,,,,,svm
91,3.036,Torchere C,Medium-Flare,0.5711,bonne,542,266,624,340,,,,,svm
92,3.070,Torchere A,Light-Flare,0.8956,moyenne,149,138,227,223,,,,,svm
92,3.070,Torchere B,Light-Flare,0.8380,moyenne,351,282,418,353,,,,,svm
92,3.070,Torchere C,Medium-Flare,0.8471,bonne,541,264,624,340,,,,,svm
93,3.103,Torchere A,Light-Flare,0.8917,moyenne,146,143,228,224,,,,,svm
93,3.103,Torchere B,Light-Flare,0.8776,moyenne,351,280,417,353,,,,,svm
93,3.103,Torchere C,Medium-Flare,0.7757,bonne,540,263,624,341,,,,,svm
93,3.103,Torchere C,Light-Flare,0.4023,bonne,539,262,624,340,,,,,svm
94,3.136,Torchere A,Light-Flare,0.8906,moyenne,146,144,228,223,,,,,svm
94,3.136,Torchere B,Light-Flare,0.8853,moyenne,349,278,417,353,,,,,svm
94,3.136,Torchere C,Medium-Flare,0.5561,moyenne,541,262,624,340,,,,,svm
94,3.136,Torchere C,Light-Flare,0.4621,moyenne,539,261,624,340,,,,,svm
95,3.170,Torchere A,Light-Flare,0.9049,moyenne,153,147,227,223,,,,,svm
95,3.170,Torchere B,Light-Flare,0.8658,moyenne,346,276,417,353,,,,,svm
95,3.170,Torchere C,Medium-Flare,0.6916,bonne,541,259,624,340,,,,,svm
96,3.203,Torchere A,Light-Flare,0.9037,moyenne,151,148,226,222,,,,,svm
96,3.203,Torchere B,Light-Flare,0.8438,moyenne,342,272,418,354,,,,,svm
96,3.203,Torchere C,Light-Flare,0.8365,bonne,538,255,624,341,,,,,svm
97,3.237,Torchere A,Light-Flare,0.8954,moyenne,151,152,227,222,,,,,svm
97,3.237,Torchere B,Light-Flare,0.8617,moyenne,347,273,417,352,,,,,svm
97,3.237,Torchere C,Light-Flare,0.7191,moyenne,539,258,624,340,,,,,svm
98,3.270,Torchere A,Light-Flare,0.8897,moyenne,150,150,227,224,,,,,svm
98,3.270,Torchere B,Light-Flare,0.8586,moyenne,352,281,416,354,,,,,svm
98,3.270,Torchere C,Light-Flare,0.8156,bonne,543,257,624,341,,,,,svm
99,3.303,Torchere A,Light-Flare,0.9045,moyenne,155,150,227,224,,,,,svm
99,3.303,Torchere B,Light-Flare,0.8439,moyenne,353,280,416,353,,,,,svm
99,3.303,Torchere C,Light-Flare,0.7677,bonne,541,259,624,341,,,,,svm
100,3.337,Torchere A,Light-Flare,0.9060,moyenne,153,149,227,223,,,,,svm
100,3.337,Torchere B,Light-Flare,0.8736,moyenne,352,279,416,353,,,,,svm
100,3.337,Torchere C,Medium-Flare,0.7348,bonne,538,257,625,340,,,,,svm
101,3.370,Torchere A,Light-Flare,0.9053,moyenne,154,147,227,224,,,,,svm
101,3.370,Torchere B,Light-Flare,0.8726,bonne,351,277,416,353,,,,,svm
101,3.370,Torchere C,Medium-Flare,0.3561,bonne,537,272,624,340,,,,,svm
102,3.403,Torchere A,Light-Flare,0.8935,moyenne,154,147,226,223,,,,,svm
102,3.403,Torchere B,Light-Flare,0.8281,bonne,348,274,416,353,,,,,svm
102,3.403,Torchere C,Medium-Flare,0.6189,bonne,537,272,624,340,,,,,svm
102,3.403,Torchere C,Light-Flare,0.3377,bonne,536,272,623,341,,,,,svm
103,3.437,Torchere A,Light-Flare,0.8926,moyenne,153,147,226,223,,,,,svm
103,3.437,Torchere B,Light-Flare,0.8661,moyenne,345,270,415,353,,,,,svm
103,3.437,Torchere C,Light-Flare,0.8832,bonne,533,270,623,340,,,,,svm
104,3.470,Torchere A,Light-Flare,0.8947,moyenne,150,151,226,223,,,,,svm
104,3.470,Torchere B,Light-Flare,0.8632,moyenne,342,267,415,354,,,,,svm
104,3.470,Torchere C,Light-Flare,0.8377,moyenne,530,270,622,341,,,,,svm
105,3.504,Torchere A,Light-Flare,0.8907,bonne,164,159,226,223,,,,,svm
105,3.504,Torchere B,Light-Flare,0.8656,moyenne,339,267,414,353,,,,,svm
105,3.504,Torchere C,Light-Flare,0.5987,mauvaise,529,269,622,341,,,,,svm
105,3.504,Torchere C,Dark-Flare,0.3430,mauvaise,530,269,622,341,,,,,svm
106,3.537,Torchere A,Light-Flare,0.8868,bonne,168,158,225,224,,,,,svm
106,3.537,Torchere B,Light-Flare,0.8377,moyenne,336,266,416,353,,,,,svm
106,3.537,Torchere C,Light-Flare,0.8173,moyenne,530,268,622,341,,,,,svm
107,3.570,Torchere A,Light-Flare,0.8875,bonne,167,156,226,224,,,,,svm
107,3.570,Torchere B,Light-Flare,0.5897,moyenne,337,266,418,353,,,,,svm
107,3.570,Torchere C,Light-Flare,0.7835,moyenne,545,265,624,341,,,,,svm
108,3.604,Torchere A,Light-Flare,0.8951,bonne,164,153,226,224,,,,,svm
108,3.604,Torchere C,Light-Flare,0.8228,moyenne,549,266,624,341,,,,,svm
109,3.637,Torchere A,Light-Flare,0.9089,moyenne,162,148,226,224,,,,,svm
109,3.637,Torchere B,Light-Flare,0.2985,moyenne,334,274,417,354,,,,,svm
109,3.637,Torchere C,Light-Flare,0.8351,bonne,554,270,624,341,,,,,svm
110,3.670,Torchere A,Light-Flare,0.9021,moyenne,159,150,227,224,,,,,svm
110,3.670,Torchere B,Light-Flare,0.5424,bonne,337,277,417,354,,,,,svm
110,3.670,Torchere C,Light-Flare,0.7563,bonne,556,280,624,341,,,,,svm
111,3.704,Torchere A,Light-Flare,0.8989,moyenne,158,152,227,224,,,,,svm
111,3.704,Torchere B,Light-Flare,0.8440,moyenne,338,277,416,354,,,,,svm
111,3.704,Torchere C,Light-Flare,0.8837,bonne,555,280,624,340,,,,,svm
112,3.737,Torchere A,Light-Flare,0.9007,moyenne,158,153,228,224,,,,,svm
112,3.737,Torchere B,Light-Flare,0.8156,moyenne,353,273,416,353,,,,,svm
112,3.737,Torchere C,Light-Flare,0.7304,bonne,551,279,623,340,,,,,svm
113,3.770,Torchere A,Light-Flare,0.9007,moyenne,157,153,227,223,,,,,svm
113,3.770,Torchere B,Light-Flare,0.8032,moyenne,361,280,416,354,,,,,svm
113,3.770,Torchere C,Light-Flare,0.7125,bonne,549,277,623,340,,,,,svm
114,3.804,Torchere A,Light-Flare,0.9012,moyenne,156,152,227,224,,,,,svm
114,3.804,Torchere B,Light-Flare,0.7428,moyenne,363,286,416,353,,,,,svm
114,3.804,Torchere C,Light-Flare,0.8757,bonne,545,277,623,340,,,,,svm
115,3.837,Torchere A,Light-Flare,0.8930,moyenne,154,151,227,223,,,,,svm
115,3.837,Torchere B,Light-Flare,0.8204,moyenne,360,285,416,352,,,,,svm
115,3.837,Torchere C,Dark-Flare,0.4549,mauvaise,540,273,623,339,,,,,svm
115,3.837,Torchere C,Medium-Flare,0.4042,mauvaise,539,273,623,339,,,,,svm
116,3.871,Torchere A,Light-Flare,0.8986,moyenne,160,152,227,224,,,,,svm
116,3.871,Torchere B,Light-Flare,0.8106,moyenne,360,288,416,352,,,,,svm
116,3.871,Torchere C,Light-Flare,0.7823,bonne,540,276,624,340,,,,,svm
117,3.904,Torchere A,Light-Flare,0.8924,moyenne,157,152,227,224,,,,,svm
117,3.904,Torchere B,Light-Flare,0.8343,moyenne,362,291,416,353,,,,,svm
117,3.904,Torchere C,Light-Flare,0.8434,bonne,547,280,623,340,,,,,svm
118,3.937,Torchere A,Light-Flare,0.8853,moyenne,154,152,227,224,,,,,svm
118,3.937,Torchere B,Light-Flare,0.7123,bonne,359,291,416,353,,,,,svm
118,3.937,Torchere C,Light-Flare,0.8603,bonne,547,281,623,340,,,,,svm
119,3.971,Torchere A,Light-Flare,0.8915,moyenne,156,152,227,224,,,,,svm
119,3.971,Torchere B,Light-Flare,0.8373,moyenne,357,288,416,353,,,,,svm
119,3.971,Torchere C,Light-Flare,0.8560,bonne,544,282,624,341,,,,,svm
120,4.004,Torchere A,Light-Flare,0.8792,moyenne,163,154,226,224,,,,,svm
120,4.004,Torchere B,Light-Flare,0.8620,moyenne,357,287,417,353,,,,,svm
120,4.004,Torchere C,Light-Flare,0.8063,bonne,540,282,623,341,,,,,svm
120,4.004,Torchere C,Medium-Flare,0.4309,bonne,540,283,623,340,,,,,svm
121,4.037,Torchere A,Light-Flare,0.8939,moyenne,165,154,226,223,,,,,svm
121,4.037,Torchere B,Light-Flare,0.8565,moyenne,353,285,417,353,,,,,svm
121,4.037,Torchere C,Light-Flare,0.6869,bonne,538,281,623,341,,,,,svm
121,4.037,Torchere C,Medium-Flare,0.3656,bonne,539,282,624,340,,,,,svm
122,4.071,Torchere A,Light-Flare,0.8995,moyenne,162,153,226,223,,,,,svm
122,4.071,Torchere B,Light-Flare,0.8736,moyenne,350,284,419,353,,,,,svm
122,4.071,Torchere C,Light-Flare,0.7771,mauvaise,537,282,624,340,,,,,svm
122,4.071,Torchere C,Medium-Flare,0.4882,mauvaise,538,282,624,340,,,,,svm
123,4.104,Torchere A,Light-Flare,0.8971,moyenne,157,152,225,223,,,,,svm
123,4.104,Torchere B,Light-Flare,0.8732,moyenne,348,282,418,353,,,,,svm
123,4.104,Torchere C,Light-Flare,0.6929,mauvaise,537,281,623,340,,,,,svm
123,4.104,Torchere C,Medium-Flare,0.4632,mauvaise,538,281,623,339,,,,,svm
124,4.137,Torchere A,Light-Flare,0.9022,moyenne,156,149,227,223,,,,,svm
124,4.137,Torchere B,Light-Flare,0.8630,moyenne,352,282,417,351,,,,,svm
124,4.137,Torchere C,Light-Flare,0.7520,bonne,543,283,623,340,,,,,svm
125,4.171,Torchere A,Light-Flare,0.9044,moyenne,154,148,225,223,,,,,svm
125,4.171,Torchere B,Light-Flare,0.8845,moyenne,355,283,417,351,,,,,svm
125,4.171,Torchere C,Light-Flare,0.5813,bonne,544,282,624,341,,,,,svm
126,4.204,Torchere A,Light-Flare,0.8984,moyenne,151,147,226,223,,,,,svm
126,4.204,Torchere B,Light-Flare,0.8753,moyenne,357,280,417,352,,,,,svm
126,4.204,Torchere C,Light-Flare,0.5493,bonne,544,280,624,341,,,,,svm
126,4.204,Torchere C,Medium-Flare,0.5379,bonne,544,280,624,341,,,,,svm
127,4.238,Torchere A,Light-Flare,0.8993,moyenne,154,152,227,222,,,,,svm
127,4.238,Torchere B,Light-Flare,0.8799,moyenne,357,279,416,351,,,,,svm
127,4.238,Torchere C,Light-Flare,0.8365,bonne,543,280,624,341,,,,,svm
128,4.271,Torchere A,Light-Flare,0.8826,moyenne,150,152,227,224,,,,,svm
128,4.271,Torchere B,Light-Flare,0.8685,moyenne,353,276,417,352,,,,,svm
128,4.271,Torchere C,Light-Flare,0.8872,bonne,541,279,624,342,,,,,svm
129,4.304,Torchere A,Light-Flare,0.8810,moyenne,148,151,228,224,,,,,svm
129,4.304,Torchere B,Light-Flare,0.8731,moyenne,350,275,417,352,,,,,svm
129,4.304,Torchere C,Light-Flare,0.8965,bonne,539,279,624,341,,,,,svm
130,4.338,Torchere A,Light-Flare,0.8421,moyenne,146,149,228,224,,,,,svm
130,4.338,Torchere B,Light-Flare,0.8721,moyenne,351,275,417,352,,,,,svm
130,4.338,Torchere C,Light-Flare,0.8963,bonne,537,279,623,341,,,,,svm
131,4.371,Torchere A,Light-Flare,0.8313,moyenne,147,149,228,223,,,,,svm
131,4.371,Torchere B,Light-Flare,0.6985,moyenne,349,273,416,352,,,,,svm
131,4.371,Torchere C,Light-Flare,0.8058,bonne,536,278,624,340,,,,,svm
131,4.371,Torchere C,Medium-Flare,0.5341,bonne,536,278,623,339,,,,,svm
132,4.404,Torchere A,Light-Flare,0.8916,moyenne,150,149,228,223,,,,,svm
132,4.404,Torchere B,Medium-Flare,0.6161,moyenne,345,275,417,353,,,,,svm
132,4.404,Torchere C,Light-Flare,0.8513,moyenne,534,277,624,341,,,,,svm
133,4.438,Torchere A,Light-Flare,0.8903,moyenne,150,147,227,222,,,,,svm
133,4.438,Torchere B,Medium-Flare,0.7643,moyenne,343,277,416,353,,,,,svm
133,4.438,Torchere C,Light-Flare,0.4074,moyenne,533,275,624,340,,,,,svm
133,4.438,Torchere C,Medium-Flare,0.3611,moyenne,533,275,625,340,,,,,svm
134,4.471,Torchere A,Light-Flare,0.8620,moyenne,146,146,228,223,,,,,svm
134,4.471,Torchere B,Light-Flare,0.7931,moyenne,343,276,417,352,,,,,svm
134,4.471,Torchere C,Light-Flare,0.8246,moyenne,535,274,625,341,,,,,svm
135,4.505,Torchere A,Light-Flare,0.8602,moyenne,143,147,228,223,,,,,svm
135,4.505,Torchere B,Light-Flare,0.8049,moyenne,341,275,415,352,,,,,svm
135,4.505,Torchere C,Light-Flare,0.8545,bonne,556,274,624,340,,,,,svm
136,4.538,Torchere A,Light-Flare,0.6779,moyenne,142,143,227,223,,,,,svm
136,4.538,Torchere B,Light-Flare,0.6748,moyenne,345,277,417,352,,,,,svm
136,4.538,Torchere C,Light-Flare,0.8714,bonne,553,272,624,340,,,,,svm
137,4.571,Torchere A,Light-Flare,0.8436,moyenne,153,143,226,223,,,,,svm
137,4.571,Torchere B,Light-Flare,0.8455,moyenne,345,277,417,353,,,,,svm
137,4.571,Torchere C,Light-Flare,0.8759,bonne,553,271,624,340,,,,,svm
138,4.605,Torchere A,Light-Flare,0.8857,moyenne,151,141,227,222,,,,,svm
138,4.605,Torchere B,Light-Flare,0.8663,moyenne,344,276,417,353,,,,,svm
138,4.605,Torchere C,Light-Flare,0.8908,bonne,551,268,623,340,,,,,svm
139,4.638,Torchere A,Light-Flare,0.8777,moyenne,149,140,227,223,,,,,svm
139,4.638,Torchere B,Light-Flare,0.8278,moyenne,343,272,417,353,,,,,svm
139,4.638,Torchere C,Light-Flare,0.8540,bonne,548,267,623,340,,,,,svm
140,4.671,Torchere A,Light-Flare,0.8918,moyenne,146,138,228,223,,,,,svm
140,4.671,Torchere B,Light-Flare,0.8571,moyenne,344,269,419,353,,,,,svm
140,4.671,Torchere C,Light-Flare,0.8062,bonne,547,266,625,340,,,,,svm
141,4.705,Torchere A,Light-Flare,0.8642,moyenne,141,135,227,224,,,,,svm
141,4.705,Torchere B,Light-Flare,0.8654,moyenne,355,275,418,353,,,,,svm
141,4.705,Torchere C,Light-Flare,0.8213,moyenne,543,265,624,341,,,,,svm
142,4.738,Torchere A,Light-Flare,0.8683,moyenne,139,134,227,224,,,,,svm
142,4.738,Torchere B,Light-Flare,0.8583,moyenne,353,285,418,353,,,,,svm
142,4.738,Torchere C,Light-Flare,0.8017,bonne,541,264,624,340,,,,,svm
143,4.771,Torchere A,Light-Flare,0.8648,moyenne,135,136,227,224,,,,,svm
143,4.771,Torchere B,Light-Flare,0.8140,moyenne,352,282,418,353,,,,,svm
143,4.771,Torchere C,Light-Flare,0.8590,bonne,540,263,624,340,,,,,svm
144,4.805,Torchere A,Light-Flare,0.8257,moyenne,128,135,227,223,,,,,svm
144,4.805,Torchere B,Light-Flare,0.8755,moyenne,352,283,418,353,,,,,svm
144,4.805,Torchere C,Light-Flare,0.8700,moyenne,542,267,623,341,,,,,svm
145,4.838,Torchere A,Light-Flare,0.8714,moyenne,127,131,228,222,,,,,svm
145,4.838,Torchere B,Light-Flare,0.8795,moyenne,352,281,417,353,,,,,svm
145,4.838,Torchere C,Light-Flare,0.8608,moyenne,545,268,624,341,,,,,svm
146,4.872,Torchere A,Light-Flare,0.8776,moyenne,126,134,228,223,,,,,svm
146,4.872,Torchere B,Light-Flare,0.8404,moyenne,349,277,418,354,,,,,svm
146,4.872,Torchere C,Light-Flare,0.8734,bonne,541,265,623,340,,,,,svm
147,4.905,Torchere A,Light-Flare,0.8909,moyenne,132,135,227,222,,,,,svm
147,4.905,Torchere B,Light-Flare,0.8466,moyenne,350,293,419,354,,,,,svm
147,4.905,Torchere C,Light-Flare,0.8726,bonne,547,263,623,341,,,,,svm
148,4.938,Torchere A,Light-Flare,0.9020,moyenne,140,137,227,223,,,,,svm
148,4.938,Torchere B,Light-Flare,0.8082,moyenne,350,293,418,355,,,,,svm
148,4.938,Torchere C,Light-Flare,0.7993,bonne,547,263,624,341,,,,,svm
149,4.972,Torchere A,Medium-Flare,0.6596,moyenne,143,137,227,223,,,,,svm
149,4.972,Torchere A,Light-Flare,0.5792,moyenne,145,139,226,223,,,,,svm
149,4.972,Torchere B,Light-Flare,0.7997,bonne,348,290,417,355,,,,,svm
149,4.972,Torchere C,Light-Flare,0.6739,bonne,545,260,624,340,,,,,svm
150,5.005,Torchere A,Light-Flare,0.7336,moyenne,143,138,226,223,,,,,svm
150,5.005,Torchere B,Light-Flare,0.7275,moyenne,343,289,417,354,,,,,svm
150,5.005,Torchere B,Medium-Flare,0.4594,moyenne,343,288,417,354,,,,,svm
150,5.005,Torchere C,Light-Flare,0.6907,moyenne,547,272,623,339,,,,,svm
151,5.038,Torchere A,Light-Flare,0.8085,moyenne,145,142,227,224,,,,,svm
151,5.038,Torchere B,Light-Flare,0.7295,bonne,340,287,416,353,,,,,svm
151,5.038,Torchere C,Light-Flare,0.8314,moyenne,547,271,622,339,,,,,svm
152,5.072,Torchere A,Light-Flare,0.8864,moyenne,154,148,227,224,,,,,svm
152,5.072,Torchere B,Light-Flare,0.8214,bonne,338,286,415,353,,,,,svm
152,5.072,Torchere C,Light-Flare,0.8263,moyenne,546,272,623,339,,,,,svm
153,5.105,Torchere A,Light-Flare,0.8792,moyenne,157,148,227,222,,,,,svm
153,5.105,Torchere B,Light-Flare,0.7703,bonne,338,286,415,353,,,,,svm
153,5.105,Torchere C,Light-Flare,0.8587,bonne,550,283,623,339,,,,,svm
154,5.138,Torchere A,Light-Flare,0.9032,moyenne,157,148,226,223,,,,,svm
154,5.138,Torchere B,Light-Flare,0.8055,bonne,336,285,415,354,,,,,svm
154,5.138,Torchere C,Light-Flare,0.8768,bonne,548,281,624,341,,,,,svm
155,5.172,Torchere A,Light-Flare,0.8608,moyenne,154,146,226,223,,,,,svm
155,5.172,Torchere B,Medium-Flare,0.5698,bonne,339,282,417,354,,,,,svm
155,5.172,Torchere C,Light-Flare,0.7388,bonne,543,280,624,341,,,,,svm
156,5.205,Torchere A,Light-Flare,0.8916,moyenne,151,144,226,223,,,,,svm
156,5.205,Torchere B,Light-Flare,0.7858,moyenne,338,283,418,355,,,,,svm
156,5.205,Torchere C,Light-Flare,0.6936,bonne,540,279,624,341,,,,,svm
157,5.239,Torchere A,Light-Flare,0.8769,moyenne,147,143,227,223,,,,,svm
157,5.239,Torchere B,Light-Flare,0.7524,moyenne,346,285,418,353,,,,,svm
157,5.239,Torchere C,Medium-Flare,0.5672,bonne,540,282,624,341,,,,,svm
157,5.239,Torchere C,Light-Flare,0.3610,bonne,540,283,624,341,,,,,svm
158,5.272,Torchere A,Light-Flare,0.8418,moyenne,144,140,227,223,,,,,svm
158,5.272,Torchere B,Medium-Flare,0.5990,moyenne,345,286,418,354,,,,,svm
158,5.272,Torchere B,Light-Flare,0.5063,moyenne,344,284,418,355,,,,,svm
158,5.272,Torchere C,Light-Flare,0.7642,bonne,535,280,625,340,,,,,svm
159,5.305,Torchere A,Light-Flare,0.8304,moyenne,139,135,227,223,,,,,svm
159,5.305,Torchere B,Light-Flare,0.6933,moyenne,348,283,416,353,,,,,svm
159,5.305,Torchere B,Medium-Flare,0.4721,moyenne,348,283,417,353,,,,,svm
159,5.305,Torchere C,Medium-Flare,0.6758,mauvaise,530,282,624,339,,,,,svm
159,5.305,Torchere C,Light-Flare,0.5957,mauvaise,530,281,624,341,,,,,svm
160,5.339,Torchere A,Light-Flare,0.7239,moyenne,138,134,227,223,,,,,svm
160,5.339,Torchere B,Light-Flare,0.8367,moyenne,348,283,417,355,,,,,svm
160,5.339,Torchere C,Light-Flare,0.8396,bonne,529,279,624,341,,,,,svm
161,5.372,Torchere A,Light-Flare,0.8293,moyenne,131,129,228,223,,,,,svm
161,5.372,Torchere B,Medium-Flare,0.6830,moyenne,350,291,417,354,,,,,svm
161,5.372,Torchere B,Light-Flare,0.6494,moyenne,352,293,417,356,,,,,svm
161,5.372,Torchere C,Medium-Flare,0.7245,bonne,526,279,624,340,,,,,svm
162,5.405,Torchere A,Light-Flare,0.8518,moyenne,159,147,227,223,,,,,svm
162,5.405,Torchere B,Light-Flare,0.7272,moyenne,349,293,417,354,,,,,svm
162,5.405,Torchere C,Light-Flare,0.7937,moyenne,529,278,623,340,,,,,svm
162,5.405,Torchere C,Medium-Flare,0.5330,moyenne,528,276,623,340,,,,,svm
163,5.439,Torchere A,Light-Flare,0.8929,moyenne,162,148,226,223,,,,,svm
163,5.439,Torchere B,Light-Flare,0.8167,moyenne,348,292,418,353,,,,,svm
163,5.439,Torchere C,Light-Flare,0.8636,bonne,532,278,623,341,,,,,svm
163,5.439,Torchere C,Medium-Flare,0.5581,bonne,533,279,623,340,,,,,svm
164,5.472,Torchere A,Light-Flare,0.8959,moyenne,159,145,226,223,,,,,svm
164,5.472,Torchere B,Light-Flare,0.8280,moyenne,344,291,418,353,,,,,svm
164,5.472,Torchere C,Light-Flare,0.8640,moyenne,532,277,623,342,,,,,svm
165,5.506,Torchere A,Light-Flare,0.8997,moyenne,159,140,226,223,,,,,svm
165,5.506,Torchere B,Light-Flare,0.5096,moyenne,342,289,419,353,,,,,svm
165,5.506,Torchere B,Medium-Flare,0.3155,moyenne,342,289,418,352,,,,,svm
165,5.506,Torchere C,Light-Flare,0.8531,mauvaise,536,276,623,342,,,,,svm
166,5.539,Torchere A,Light-Flare,0.9178,moyenne,158,136,227,222,,,,,svm
166,5.539,Torchere B,Light-Flare,0.8469,moyenne,340,286,418,353,,,,,svm
166,5.539,Torchere C,Light-Flare,0.8252,bonne,537,274,623,341,,,,,svm
167,5.572,Torchere A,Light-Flare,0.9089,moyenne,158,135,227,224,,,,,svm
167,5.572,Torchere B,Light-Flare,0.5672,moyenne,340,286,417,353,,,,,svm
167,5.572,Torchere B,Medium-Flare,0.5258,moyenne,341,285,417,352,,,,,svm
167,5.572,Torchere C,Medium-Flare,0.3663,bonne,534,274,624,340,,,,,svm
168,5.606,Torchere A,Light-Flare,0.9078,moyenne,156,138,227,222,,,,,svm
168,5.606,Torchere B,Medium-Flare,0.7498,moyenne,340,284,418,352,,,,,svm
168,5.606,Torchere C,Medium-Flare,0.7842,moyenne,530,272,624,340,,,,,svm
169,5.639,Torchere A,Light-Flare,0.8970,moyenne,161,147,226,223,,,,,svm
169,5.639,Torchere B,Light-Flare,0.6685,moyenne,343,281,418,352,,,,,svm
169,5.639,Torchere C,Medium-Flare,0.8840,mauvaise,526,269,624,339,,,,,svm
170,5.672,Torchere A,Light-Flare,0.8972,moyenne,159,147,227,223,,,,,svm
170,5.672,Torchere B,Light-Flare,0.7474,moyenne,349,277,418,353,,,,,svm
170,5.672,Torchere C,Medium-Flare,0.7850,moyenne,540,268,625,339,,,,,svm
171,5.706,Torchere A,Light-Flare,0.9028,moyenne,157,146,227,224,,,,,svm
171,5.706,Torchere B,Light-Flare,0.7786,moyenne,347,278,418,352,,,,,svm
171,5.706,Torchere C,Light-Flare,0.6768,moyenne,544,269,624,341,,,,,svm
172,5.739,Torchere A,Light-Flare,0.9060,moyenne,155,145,226,224,,,,,svm
172,5.739,Torchere B,Light-Flare,0.7361,moyenne,349,278,418,353,,,,,svm
172,5.739,Torchere C,Light-Flare,0.7432,moyenne,547,272,625,340,,,,,svm
173,5.772,Torchere A,Light-Flare,0.8925,moyenne,153,144,226,224,,,,,svm
173,5.772,Torchere B,Light-Flare,0.8038,moyenne,349,277,418,352,,,,,svm
173,5.772,Torchere C,Light-Flare,0.8058,moyenne,548,279,625,341,,,,,svm
174,5.806,Torchere A,Light-Flare,0.9034,moyenne,152,141,227,223,,,,,svm
174,5.806,Torchere B,Light-Flare,0.8464,moyenne,344,277,418,352,,,,,svm
174,5.806,Torchere C,Light-Flare,0.8458,bonne,551,277,626,340,,,,,svm
175,5.839,Torchere A,Light-Flare,0.9099,moyenne,150,137,227,223,,,,,svm
175,5.839,Torchere B,Light-Flare,0.8359,moyenne,346,283,417,352,,,,,svm
175,5.839,Torchere C,Light-Flare,0.7616,bonne,553,279,625,340,,,,,svm
176,5.873,Torchere A,Light-Flare,0.8764,moyenne,149,146,227,223,,,,,svm
176,5.873,Torchere B,Light-Flare,0.7409,moyenne,344,283,417,352,,,,,svm
176,5.873,Torchere C,Light-Flare,0.6779,bonne,552,280,624,341,,,,,svm
177,5.906,Torchere A,Light-Flare,0.6271,moyenne,145,147,227,223,,,,,svm
177,5.906,Torchere A,Medium-Flare,0.5502,moyenne,145,146,227,222,,,,,svm
177,5.906,Torchere B,Light-Flare,0.8443,bonne,343,282,418,352,,,,,svm
177,5.906,Torchere C,Light-Flare,0.7317,bonne,554,280,623,341,,,,,svm
178,5.939,Torchere A,Light-Flare,0.8174,moyenne,144,145,226,223,,,,,svm
178,5.939,Torchere B,Light-Flare,0.8460,moyenne,339,281,418,352,,,,,svm
178,5.939,Torchere C,Light-Flare,0.7756,bonne,551,277,624,339,,,,,svm
179,5.973,Torchere A,Light-Flare,0.8292,moyenne,146,144,226,223,,,,,svm
179,5.973,Torchere B,Medium-Flare,0.5792,moyenne,336,277,418,351,,,,,svm
179,5.973,Torchere B,Light-Flare,0.5439,moyenne,336,278,418,352,,,,,svm
179,5.973,Torchere C,Light-Flare,0.8268,bonne,549,275,624,341,,,,,svm
180,6.006,Torchere A,Light-Flare,0.8924,moyenne,143,140,227,223,,,,,svm
180,6.006,Torchere B,Light-Flare,0.6945,moyenne,338,278,418,353,,,,,svm
180,6.006,Torchere B,Medium-Flare,0.5104,moyenne,338,277,419,352,,,,,svm
180,6.006,Torchere C,Light-Flare,0.8632,moyenne,546,271,624,341,,,,,svm
181,6.039,Torchere A,Light-Flare,0.9019,moyenne,162,139,228,222,,,,,svm
181,6.039,Torchere B,Light-Flare,0.5197,moyenne,336,278,418,353,,,,,svm
181,6.039,Torchere B,Medium-Flare,0.3887,moyenne,337,277,418,352,,,,,svm
181,6.039,Torchere C,Light-Flare,0.8443,moyenne,544,268,623,340,,,,,svm
182,6.073,Torchere A,Light-Flare,0.9102,moyenne,162,138,228,223,,,,,svm
182,6.073,Torchere B,Light-Flare,0.7265,moyenne,336,277,419,353,,,,,svm
182,6.073,Torchere C,Light-Flare,0.8607,moyenne,547,269,623,341,,,,,svm
183,6.106,Torchere A,Light-Flare,0.8808,moyenne,160,136,227,224,,,,,svm
183,6.106,Torchere B,Medium-Flare,0.5535,moyenne,333,274,419,351,,,,,svm
183,6.106,Torchere B,Light-Flare,0.5215,moyenne,334,273,419,352,,,,,svm
183,6.106,Torchere C,Light-Flare,0.8676,moyenne,546,281,624,341,,,,,svm
184,6.139,Torchere A,Light-Flare,0.9168,moyenne,157,134,228,222,,,,,svm
184,6.139,Torchere B,Medium-Flare,0.5598,moyenne,328,272,419,351,,,,,svm
184,6.139,Torchere B,Light-Flare,0.5151,moyenne,329,271,419,353,,,,,svm
184,6.139,Torchere C,Light-Flare,0.8740,moyenne,544,282,624,341,,,,,svm
185,6.173,Torchere A,Light-Flare,0.9124,moyenne,155,132,229,222,,,,,svm
185,6.173,Torchere B,Medium-Flare,0.5930,moyenne,329,274,419,351,,,,,svm
185,6.173,Torchere B,Light-Flare,0.3953,moyenne,331,274,419,353,,,,,svm
185,6.173,Torchere C,Light-Flare,0.8513,moyenne,543,280,624,340,,,,,svm
186,6.206,Torchere A,Light-Flare,0.8716,moyenne,152,134,228,221,,,,,svm
186,6.206,Torchere B,Light-Flare,0.7727,moyenne,328,272,420,353,,,,,svm
186,6.206,Torchere C,Light-Flare,0.8554,moyenne,549,278,623,341,,,,,svm
187,6.240,Torchere A,Light-Flare,0.8778,moyenne,153,135,227,222,,,,,svm
187,6.240,Torchere B,Light-Flare,0.7558,moyenne,357,282,419,353,,,,,svm
187,6.240,Torchere C,Light-Flare,0.8376,bonne,553,278,623,341,,,,,svm
188,6.273,Torchere A,Light-Flare,0.8987,moyenne,151,135,228,223,,,,,svm
188,6.273,Torchere B,Light-Flare,0.8414,moyenne,358,281,419,353,,,,,svm
188,6.273,Torchere C,Light-Flare,0.8723,moyenne,551,276,623,341,,,,,svm
189,6.306,Torchere A,Light-Flare,0.8369,moyenne,149,133,229,222,,,,,svm
189,6.306,Torchere B,Light-Flare,0.8511,moyenne,357,279,419,352,,,,,svm
189,6.306,Torchere C,Light-Flare,0.6841,bonne,548,276,623,341,,,,,svm
190,6.340,Torchere A,Light-Flare,0.7534,moyenne,151,131,228,224,,,,,svm
190,6.340,Torchere B,Light-Flare,0.8493,moyenne,355,276,419,353,,,,,svm
190,6.340,Torchere C,Light-Flare,0.8348,bonne,544,274,623,340,,,,,svm
191,6.373,Torchere A,Light-Flare,0.8850,moyenne,150,131,228,222,,,,,svm
191,6.373,Torchere B,Light-Flare,0.7888,moyenne,352,275,420,353,,,,,svm
191,6.373,Torchere C,Medium-Flare,0.5527,bonne,539,272,625,340,,,,,svm
192,6.406,Torchere A,Light-Flare,0.7159,moyenne,149,129,228,223,,,,,svm
192,6.406,Torchere B,Light-Flare,0.7635,moyenne,353,278,419,353,,,,,svm
192,6.406,Torchere C,Light-Flare,0.8759,bonne,541,274,625,340,,,,,svm
193,6.440,Torchere A,Medium-Flare,0.7299,moyenne,150,127,228,222,,,,,svm
193,6.440,Torchere B,Light-Flare,0.8557,moyenne,352,282,418,353,,,,,svm
193,6.440,Torchere C,Light-Flare,0.8636,moyenne,540,271,624,339,,,,,svm
194,6.473,Torchere A,Light-Flare,0.8285,moyenne,150,126,228,225,,,,,svm
194,6.473,Torchere B,Light-Flare,0.8798,moyenne,348,278,417,354,,,,,svm
194,6.473,Torchere C,Light-Flare,0.8401,bonne,544,272,624,340,,,,,svm
195,6.506,Torchere A,Light-Flare,0.8145,moyenne,152,121,228,224,,,,,svm
195,6.506,Torchere B,Light-Flare,0.8871,moyenne,349,276,416,354,,,,,svm
195,6.506,Torchere C,Light-Flare,0.8635,bonne,544,274,624,341,,,,,svm
196,6.540,Torchere A,Light-Flare,0.8663,moyenne,152,121,228,224,,,,,svm
196,6.540,Torchere B,Light-Flare,0.9077,moyenne,345,272,416,354,,,,,svm
196,6.540,Torchere C,Light-Flare,0.8686,bonne,543,274,624,341,,,,,svm
197,6.573,Torchere A,Light-Flare,0.9018,moyenne,166,133,227,224,,,,,svm
197,6.573,Torchere B,Light-Flare,0.8899,moyenne,344,285,417,353,,,,,svm
197,6.573,Torchere C,Light-Flare,0.8729,bonne,545,269,623,341,,,,,svm
198,6.607,Torchere A,Light-Flare,0.9061,moyenne,164,139,227,222,,,,,svm
198,6.607,Torchere B,Light-Flare,0.8816,moyenne,341,287,417,353,,,,,svm
198,6.607,Torchere C,Light-Flare,0.8698,moyenne,541,267,624,342,,,,,svm
199,6.640,Torchere A,Light-Flare,0.9101,moyenne,162,137,228,224,,,,,svm
199,6.640,Torchere B,Light-Flare,0.8666,moyenne,338,286,416,353,,,,,svm
199,6.640,Torchere C,Light-Flare,0.8799,moyenne,544,267,623,342,,,,,svm
200,6.673,Torchere A,Light-Flare,0.9144,moyenne,160,137,228,223,,,,,svm
200,6.673,Torchere B,Light-Flare,0.8760,moyenne,335,283,416,353,,,,,svm
200,6.673,Torchere C,Light-Flare,0.8568,moyenne,540,269,624,341,,,,,svm
201,6.707,Torchere A,Light-Flare,0.9140,moyenne,160,136,228,223,,,,,svm
201,6.707,Torchere B,Light-Flare,0.8621,moyenne,345,283,416,353,,,,,svm
201,6.707,Torchere C,Light-Flare,0.8593,bonne,550,275,625,341,,,,,svm
202,6.740,Torchere A,Light-Flare,0.9142,moyenne,158,135,228,223,,,,,svm
202,6.740,Torchere B,Light-Flare,0.8744,moyenne,347,283,416,354,,,,,svm
202,6.740,Torchere C,Light-Flare,0.8715,bonne,547,274,625,341,,,,,svm
203,6.773,Torchere A,Light-Flare,0.9085,moyenne,155,133,228,224,,,,,svm
203,6.773,Torchere B,Light-Flare,0.8797,moyenne,345,288,417,354,,,,,svm
203,6.773,Torchere C,Light-Flare,0.8639,bonne,544,273,625,341,,,,,svm
204,6.807,Torchere A,Light-Flare,0.9049,moyenne,153,132,228,224,,,,,svm
204,6.807,Torchere B,Light-Flare,0.8874,moyenne,345,287,417,353,,,,,svm
204,6.807,Torchere C,Light-Flare,0.8651,moyenne,540,271,625,341,,,,,svm
205,6.840,Torchere A,Light-Flare,0.9132,moyenne,151,133,228,222,,,,,svm
205,6.840,Torchere B,Light-Flare,0.8557,moyenne,351,288,417,353,,,,,svm
205,6.840,Torchere C,Light-Flare,0.8612,moyenne,540,268,625,341,,,,,svm
206,6.874,Torchere A,Light-Flare,0.9064,moyenne,158,139,227,224,,,,,svm
206,6.874,Torchere B,Light-Flare,0.8705,moyenne,350,285,417,353,,,,,svm
206,6.874,Torchere C,Light-Flare,0.8645,bonne,541,275,625,341,,,,,svm
207,6.907,Torchere A,Light-Flare,0.8951,moyenne,163,140,226,224,,,,,svm
207,6.907,Torchere B,Light-Flare,0.8917,moyenne,350,282,417,355,,,,,svm
207,6.907,Torchere C,Light-Flare,0.8600,moyenne,536,276,625,341,,,,,svm
208,6.940,Torchere A,Light-Flare,0.9023,moyenne,163,138,227,222,,,,,svm
208,6.940,Torchere B,Light-Flare,0.8572,moyenne,348,279,417,354,,,,,svm
208,6.940,Torchere C,Light-Flare,0.7650,bonne,534,275,624,342,,,,,svm
209,6.974,Torchere A,Light-Flare,0.8938,moyenne,163,139,227,224,,,,,svm
209,6.974,Torchere B,Light-Flare,0.8639,moyenne,343,275,416,355,,,,,svm
209,6.974,Torchere C,Light-Flare,0.7944,moyenne,529,275,623,341,,,,,svm
209,6.974,Torchere C,Medium-Flare,0.5075,moyenne,528,273,623,341,,,,,svm
210,7.007,Torchere A,Light-Flare,0.8800,moyenne,169,148,226,223,,,,,svm
210,7.007,Torchere B,Light-Flare,0.8677,bonne,344,273,415,354,,,,,svm
210,7.007,Torchere C,Light-Flare,0.8407,moyenne,527,275,625,342,,,,,svm
211,7.040,Torchere A,Light-Flare,0.9027,moyenne,169,145,226,223,,,,,svm
211,7.040,Torchere B,Light-Flare,0.8718,moyenne,357,270,415,353,,,,,svm
211,7.040,Torchere C,Light-Flare,0.8372,moyenne,528,279,625,340,,,,,svm
211,7.040,Torchere C,Medium-Flare,0.3015,moyenne,528,278,625,340,,,,,svm
212,7.074,Torchere A,Light-Flare,0.8958,moyenne,166,143,225,224,,,,,svm
212,7.074,Torchere B,Light-Flare,0.8586,moyenne,354,268,418,353,,,,,svm
212,7.074,Torchere C,Light-Flare,0.8623,moyenne,523,280,624,341,,,,,svm
213,7.107,Torchere A,Light-Flare,0.8972,moyenne,164,140,226,224,,,,,svm
213,7.107,Torchere B,Light-Flare,0.7824,moyenne,357,275,418,354,,,,,svm
213,7.107,Torchere C,Light-Flare,0.8483,moyenne,527,279,625,340,,,,,svm
214,7.140,Torchere A,Light-Flare,0.9114,moyenne,160,140,226,223,,,,,svm
214,7.140,Torchere B,Light-Flare,0.8630,moyenne,353,278,418,354,,,,,svm
214,7.140,Torchere C,Light-Flare,0.8699,moyenne,541,282,624,341,,,,,svm
215,7.174,Torchere A,Light-Flare,0.9097,moyenne,162,138,227,223,,,,,svm
215,7.174,Torchere B,Light-Flare,0.8513,moyenne,359,276,417,353,,,,,svm
215,7.174,Torchere C,Light-Flare,0.8763,bonne,541,281,624,341,,,,,svm
216,7.207,Torchere A,Light-Flare,0.9012,moyenne,160,138,227,222,,,,,svm
216,7.207,Torchere B,Light-Flare,0.8431,moyenne,358,286,416,353,,,,,svm
216,7.207,Torchere C,Light-Flare,0.8886,bonne,539,278,624,342,,,,,svm
217,7.241,Torchere A,Light-Flare,0.8840,moyenne,158,139,227,224,,,,,svm
217,7.241,Torchere B,Light-Flare,0.8761,moyenne,360,285,415,354,,,,,svm
217,7.241,Torchere C,Light-Flare,0.9056,mauvaise,537,279,624,342,,,,,svm
218,7.274,Torchere A,Light-Flare,0.8921,moyenne,155,138,227,226,,,,,svm
218,7.274,Torchere B,Light-Flare,0.8153,bonne,359,283,415,354,,,,,svm
218,7.274,Torchere C,Light-Flare,0.8649,moyenne,542,280,624,341,,,,,svm
219,7.307,Torchere A,Light-Flare,0.8634,moyenne,159,143,226,225,,,,,svm
219,7.307,Torchere B,Light-Flare,0.8466,moyenne,356,282,415,354,,,,,svm
219,7.307,Torchere C,Light-Flare,0.8833,bonne,555,280,623,341,,,,,svm
220,7.341,Torchere A,Light-Flare,0.8953,moyenne,167,146,225,225,,,,,svm
220,7.341,Torchere B,Light-Flare,0.8554,moyenne,354,277,416,354,,,,,svm
220,7.341,Torchere C,Light-Flare,0.8808,moyenne,553,279,624,341,,,,,svm
221,7.374,Torchere A,Light-Flare,0.8962,moyenne,168,144,226,224,,,,,svm
221,7.374,Torchere B,Light-Flare,0.8726,moyenne,349,273,417,354,,,,,svm
221,7.374,Torchere C,Light-Flare,0.8664,moyenne,551,280,625,342,,,,,svm
222,7.407,Torchere A,Light-Flare,0.8930,moyenne,165,142,227,223,,,,,svm
222,7.407,Torchere B,Light-Flare,0.8507,moyenne,356,272,416,354,,,,,svm
222,7.407,Torchere C,Light-Flare,0.8603,bonne,554,279,625,341,,,,,svm
223,7.441,Torchere A,Light-Flare,0.8975,moyenne,161,137,227,224,,,,,svm
223,7.441,Torchere B,Light-Flare,0.8651,moyenne,355,269,416,354,,,,,svm
223,7.441,Torchere C,Light-Flare,0.8608,bonne,557,278,625,339,,,,,svm
224,7.474,Torchere A,Light-Flare,0.8849,moyenne,156,135,228,224,,,,,svm
224,7.474,Torchere B,Light-Flare,0.8392,moyenne,357,269,416,354,,,,,svm
224,7.474,Torchere C,Light-Flare,0.8738,bonne,554,277,624,340,,,,,svm
225,7.508,Torchere A,Light-Flare,0.8728,moyenne,151,134,228,224,,,,,svm
225,7.508,Torchere B,Light-Flare,0.8547,moyenne,358,275,416,355,,,,,svm
225,7.508,Torchere C,Light-Flare,0.8746,bonne,551,274,624,341,,,,,svm
226,7.541,Torchere A,Light-Flare,0.8756,moyenne,151,132,228,224,,,,,svm
226,7.541,Torchere B,Light-Flare,0.8608,moyenne,363,279,417,354,,,,,svm
226,7.541,Torchere C,Light-Flare,0.8817,bonne,550,274,623,340,,,,,svm
227,7.574,Torchere A,Light-Flare,0.8770,moyenne,150,132,228,225,,,,,svm
227,7.574,Torchere B,Light-Flare,0.8673,moyenne,361,275,418,354,,,,,svm
227,7.574,Torchere C,Light-Flare,0.8711,bonne,548,271,623,340,,,,,svm
228,7.608,Torchere A,Light-Flare,0.9095,moyenne,160,137,227,224,,,,,svm
228,7.608,Torchere B,Light-Flare,0.8634,moyenne,359,273,418,354,,,,,svm
228,7.608,Torchere C,Light-Flare,0.7644,bonne,547,269,623,341,,,,,svm
229,7.641,Torchere A,Light-Flare,0.9071,moyenne,159,133,227,224,,,,,svm
229,7.641,Torchere B,Light-Flare,0.8851,moyenne,358,269,416,355,,,,,svm
229,7.641,Torchere C,Light-Flare,0.8177,moyenne,545,268,624,341,,,,,svm
229,7.641,Torchere C,Medium-Flare,0.2879,moyenne,542,269,624,341,,,,,svm
230,7.674,Torchere A,Light-Flare,0.8843,moyenne,155,131,226,225,,,,,svm
230,7.674,Torchere B,Light-Flare,0.8848,moyenne,354,271,416,353,,,,,svm
230,7.674,Torchere C,Light-Flare,0.8086,moyenne,543,267,624,340,,,,,svm
231,7.708,Torchere A,Light-Flare,0.9008,moyenne,152,129,226,223,,,,,svm
231,7.708,Torchere B,Light-Flare,0.8791,moyenne,352,274,416,353,,,,,svm
231,7.708,Torchere C,Light-Flare,0.6971,moyenne,541,264,624,341,,,,,svm
231,7.708,Torchere C,Medium-Flare,0.5702,moyenne,541,265,625,341,,,,,svm
232,7.741,Torchere A,Medium-Flare,0.7901,moyenne,149,127,227,224,,,,,svm
232,7.741,Torchere A,Light-Flare,0.4862,moyenne,149,127,227,224,,,,,svm
232,7.741,Torchere B,Light-Flare,0.8881,moyenne,350,272,416,354,,,,,svm
232,7.741,Torchere C,Light-Flare,0.8247,moyenne,543,265,625,341,,,,,svm
232,7.741,Torchere C,Medium-Flare,0.5916,moyenne,542,265,625,341,,,,,svm
233,7.774,Torchere A,Light-Flare,0.7998,moyenne,148,126,227,224,,,,,svm
233,7.774,Torchere B,Light-Flare,0.9068,moyenne,348,271,416,354,,,,,svm
233,7.774,Torchere C,Light-Flare,0.8572,moyenne,545,274,624,341,,,,,svm
234,7.808,Torchere A,Medium-Flare,0.6514,moyenne,144,124,229,225,,,,,svm
234,7.808,Torchere B,Light-Flare,0.8662,moyenne,347,263,416,356,,,,,svm
234,7.808,Torchere C,Light-Flare,0.8715,moyenne,546,273,624,342,,,,,svm
235,7.841,Torchere A,Light-Flare,0.6936,moyenne,149,121,228,225,,,,,svm
235,7.841,Torchere B,Light-Flare,0.8294,moyenne,348,264,417,355,,,,,svm
235,7.841,Torchere C,Light-Flare,0.8647,moyenne,545,273,623,342,,,,,svm
236,7.875,Torchere A,Light-Flare,0.8442,moyenne,172,153,227,224,,,,,svm
236,7.875,Torchere B,Light-Flare,0.6624,moyenne,344,258,416,354,,,,,svm
236,7.875,Torchere C,Light-Flare,0.8660,moyenne,544,272,623,341,,,,,svm
237,7.908,Torchere A,Light-Flare,0.8729,moyenne,171,151,227,223,,,,,svm
237,7.908,Torchere B,Light-Flare,0.7704,moyenne,352,280,418,354,,,,,svm
237,7.908,Torchere C,Light-Flare,0.8512,bonne,544,272,623,340,,,,,svm
238,7.941,Torchere A,Light-Flare,0.8935,bonne,169,150,227,223,,,,,svm
238,7.941,Torchere B,Light-Flare,0.7945,moyenne,351,275,416,354,,,,,svm
238,7.941,Torchere C,Light-Flare,0.8401,moyenne,542,269,623,341,,,,,svm
239,7.975,Torchere A,Light-Flare,0.8892,moyenne,168,150,227,222,,,,,svm
239,7.975,Torchere B,Light-Flare,0.8146,moyenne,353,276,417,354,,,,,svm
239,7.975,Torchere C,Light-Flare,0.8509,moyenne,539,267,623,342,,,,,svm
239,7.975,Torchere C,Medium-Flare,0.3299,moyenne,541,268,623,341,,,,,svm
240,8.008,Torchere A,Light-Flare,0.8878,moyenne,164,149,227,223,,,,,svm
240,8.008,Torchere B,Light-Flare,0.8767,moyenne,357,277,416,354,,,,,svm
240,8.008,Torchere C,Light-Flare,0.8532,moyenne,539,263,624,341,,,,,svm
241,8.041,Torchere A,Light-Flare,0.8823,moyenne,164,148,228,223,,,,,svm
241,8.041,Torchere B,Light-Flare,0.8594,moyenne,356,275,416,352,,,,,svm
241,8.041,Torchere C,Light-Flare,0.8313,mauvaise,538,265,625,341,,,,,svm
242,8.075,Torchere A,Light-Flare,0.8940,moyenne,164,146,228,223,,,,,svm
242,8.075,Torchere B,Light-Flare,0.8697,moyenne,354,272,416,352,,,,,svm
242,8.075,Torchere C,Light-Flare,0.8032,bonne,546,278,624,341,,,,,svm
243,8.108,Torchere A,Light-Flare,0.8906,bonne,164,147,227,223,,,,,svm
243,8.108,Torchere B,Light-Flare,0.8841,moyenne,354,269,415,352,,,,,svm
243,8.108,Torchere C,Light-Flare,0.8649,bonne,550,278,623,341,,,,,svm
244,8.141,Torchere A,Light-Flare,0.8885,moyenne,163,147,227,223,,,,,svm
244,8.141,Torchere B,Light-Flare,0.8467,moyenne,359,286,415,353,,,,,svm
244,8.141,Torchere C,Light-Flare,0.8704,bonne,549,277,623,341,,,,,svm
245,8.175,Torchere A,Light-Flare,0.8956,moyenne,161,148,227,223,,,,,svm
245,8.175,Torchere B,Light-Flare,0.8388,moyenne,360,288,415,353,,,,,svm
245,8.175,Torchere C,Light-Flare,0.8737,bonne,545,277,623,341,,,,,svm
246,8.208,Torchere A,Light-Flare,0.8897,moyenne,160,145,227,224,,,,,svm
246,8.208,Torchere B,Light-Flare,0.8340,moyenne,359,289,415,354,,,,,svm
246,8.208,Torchere C,Light-Flare,0.8748,bonne,543,276,623,340,,,,,svm
247,8.242,Torchere A,Light-Flare,0.8986,moyenne,161,142,227,223,,,,,svm
247,8.242,Torchere B,Light-Flare,0.8219,moyenne,357,289,416,354,,,,,svm
247,8.242,Torchere C,Light-Flare,0.8155,bonne,540,274,624,340,,,,,svm
248,8.275,Torchere A,Light-Flare,0.8958,moyenne,162,140,227,223,,,,,svm
248,8.275,Torchere B,Light-Flare,0.8433,moyenne,355,287,416,354,,,,,svm
248,8.275,Torchere C,Light-Flare,0.8004,bonne,541,273,624,340,,,,,svm
249,8.308,Torchere A,Light-Flare,0.8930,moyenne,160,139,227,223,,,,,svm
249,8.308,Torchere B,Light-Flare,0.8445,moyenne,353,286,416,354,,,,,svm
249,8.308,Torchere C,Light-Flare,0.8355,bonne,546,271,625,340,,,,,svm
250,8.342,Torchere A,Light-Flare,0.9027,moyenne,159,137,227,223,,,,,svm
250,8.342,Torchere B,Light-Flare,0.7860,bonne,348,285,416,354,,,,,svm
250,8.342,Torchere C,Light-Flare,0.8733,bonne,551,269,624,340,,,,,svm
251,8.375,Torchere A,Light-Flare,0.9018,moyenne,162,136,227,223,,,,,svm
251,8.375,Torchere B,Light-Flare,0.7527,moyenne,344,281,416,352,,,,,svm
251,8.375,Torchere C,Light-Flare,0.8140,bonne,550,268,624,340,,,,,svm
252,8.408,Torchere A,Light-Flare,0.8975,moyenne,159,135,228,222,,,,,svm
252,8.408,Torchere B,Light-Flare,0.6616,moyenne,350,279,416,355,,,,,svm
252,8.408,Torchere B,Medium-Flare,0.3430,moyenne,350,279,417,354,,,,,svm
252,8.408,Torchere C,Light-Flare,0.8156,bonne,546,266,623,341,,,,,svm
253,8.442,Torchere A,Light-Flare,0.9064,moyenne,160,133,227,222,,,,,svm
253,8.442,Torchere B,Medium-Flare,0.5263,moyenne,350,279,417,354,,,,,svm
253,8.442,Torchere C,Light-Flare,0.8668,bonne,544,265,622,340,,,,,svm
254,8.475,Torchere A,Light-Flare,0.9062,moyenne,160,131,227,221,,,,,svm
254,8.475,Torchere B,Light-Flare,0.8154,moyenne,350,278,417,352,,,,,svm
254,8.475,Torchere C,Light-Flare,0.8879,mauvaise,543,263,623,340,,,,,svm
255,8.508,Torchere A,Light-Flare,0.8971,moyenne,163,129,227,221,,,,,svm
255,8.508,Torchere B,Light-Flare,0.8301,moyenne,345,274,417,353,,,,,svm
255,8.508,Torchere C,Light-Flare,0.8532,moyenne,543,261,622,339,,,,,svm
256,8.542,Torchere A,Light-Flare,0.9007,moyenne,165,128,227,221,,,,,svm
256,8.542,Torchere B,Light-Flare,0.8865,moyenne,345,273,418,353,,,,,svm
256,8.542,Torchere C,Light-Flare,0.7429,moyenne,540,262,622,340,,,,,svm
257,8.575,Torchere A,Light-Flare,0.9000,moyenne,166,126,227,222,,,,,svm
257,8.575,Torchere B,Light-Flare,0.8532,moyenne,339,269,418,353,,,,,svm
257,8.575,Torchere C,Light-Flare,0.6665,moyenne,541,265,622,340,,,,,svm
257,8.575,Torchere C,Medium-Flare,0.6146,moyenne,540,262,622,339,,,,,svm
258,8.609,Torchere A,Light-Flare,0.9051,moyenne,167,124,228,225,,,,,svm
258,8.609,Torchere B,Light-Flare,0.8118,moyenne,344,265,417,354,,,,,svm
258,8.609,Torchere C,Light-Flare,0.8651,moyenne,546,270,622,341,,,,,svm
259,8.642,Torchere A,Light-Flare,0.9061,moyenne,165,124,228,225,,,,,svm
259,8.642,Torchere B,Light-Flare,0.8330,moyenne,345,266,417,353,,,,,svm
259,8.642,Torchere C,Light-Flare,0.8901,moyenne,545,271,622,340,,,,,svm
260,8.675,Torchere A,Light-Flare,0.9040,moyenne,164,124,228,223,,,,,svm
260,8.675,Torchere B,Light-Flare,0.8401,moyenne,360,279,418,353,,,,,svm
260,8.675,Torchere C,Light-Flare,0.8641,moyenne,541,266,622,340,,,,,svm
261,8.709,Torchere A,Light-Flare,0.8925,moyenne,164,123,228,224,,,,,svm
261,8.709,Torchere B,Light-Flare,0.8327,moyenne,359,279,418,353,,,,,svm
261,8.709,Torchere C,Light-Flare,0.8490,moyenne,550,267,623,340,,,,,svm
262,8.742,Torchere A,Light-Flare,0.9050,moyenne,163,125,228,222,,,,,svm
262,8.742,Torchere B,Light-Flare,0.8401,moyenne,357,277,418,353,,,,,svm
262,8.742,Torchere C,Light-Flare,0.8172,moyenne,548,267,623,340,,,,,svm
263,8.775,Torchere A,Light-Flare,0.9125,moyenne,161,129,227,223,,,,,svm
263,8.775,Torchere B,Light-Flare,0.8504,moyenne,356,274,417,353,,,,,svm
263,8.775,Torchere C,Light-Flare,0.8730,moyenne,544,266,622,340,,,,,svm
264,8.809,Torchere A,Light-Flare,0.9162,moyenne,157,131,227,223,,,,,svm
264,8.809,Torchere B,Light-Flare,0.8758,moyenne,354,273,418,353,,,,,svm
264,8.809,Torchere C,Light-Flare,0.7081,moyenne,545,265,623,340,,,,,svm
264,8.809,Torchere C,Medium-Flare,0.3903,moyenne,545,266,622,340,,,,,svm
265,8.842,Torchere A,Light-Flare,0.9061,moyenne,153,130,227,223,,,,,svm
265,8.842,Torchere B,Light-Flare,0.8503,moyenne,353,267,419,352,,,,,svm
265,8.842,Torchere C,Light-Flare,0.8565,moyenne,545,269,623,341,,,,,svm
266,8.876,Torchere A,Light-Flare,0.9145,moyenne,159,131,227,223,,,,,svm
266,8.876,Torchere B,Light-Flare,0.8650,moyenne,350,265,418,352,,,,,svm
266,8.876,Torchere C,Light-Flare,0.8955,moyenne,546,269,623,341,,,,,svm
267,8.909,Torchere A,Light-Flare,0.9136,moyenne,160,131,227,223,,,,,svm
267,8.909,Torchere B,Light-Flare,0.8783,moyenne,353,264,418,353,,,,,svm
267,8.909,Torchere C,Light-Flare,0.8690,moyenne,542,266,622,341,,,,,svm
268,8.942,Torchere A,Light-Flare,0.9125,moyenne,162,141,226,223,,,,,svm
268,8.942,Torchere B,Light-Flare,0.9002,moyenne,351,263,417,354,,,,,svm
268,8.942,Torchere C,Light-Flare,0.8856,moyenne,544,263,622,340,,,,,svm
269,8.976,Torchere A,Light-Flare,0.9092,moyenne,161,139,226,223,,,,,svm
269,8.976,Torchere B,Light-Flare,0.8380,moyenne,353,271,416,354,,,,,svm
269,8.976,Torchere C,Light-Flare,0.8770,moyenne,546,263,621,341,,,,,svm
270,9.009,Torchere A,Light-Flare,0.9128,moyenne,159,134,227,223,,,,,svm
270,9.009,Torchere B,Light-Flare,0.8492,moyenne,357,285,415,354,,,,,svm
270,9.009,Torchere C,Light-Flare,0.6062,moyenne,546,261,623,341,,,,,svm
270,9.009,Torchere C,Medium-Flare,0.4037,moyenne,546,261,623,341,,,,,svm
271,9.042,Torchere A,Light-Flare,0.9061,moyenne,159,132,227,223,,,,,svm
271,9.042,Torchere B,Light-Flare,0.8742,moyenne,356,288,415,354,,,,,svm
271,9.042,Torchere C,Light-Flare,0.8484,moyenne,545,271,623,341,,,,,svm
272,9.076,Torchere A,Light-Flare,0.8949,moyenne,160,138,227,223,,,,,svm
272,9.076,Torchere B,Light-Flare,0.8714,moyenne,354,290,414,353,,,,,svm
272,9.076,Torchere C,Light-Flare,0.8982,bonne,549,274,622,341,,,,,svm
273,9.109,Torchere A,Light-Flare,0.9012,moyenne,160,144,227,223,,,,,svm
273,9.109,Torchere B,Light-Flare,0.8840,moyenne,352,286,415,353,,,,,svm
273,9.109,Torchere C,Light-Flare,0.8891,moyenne,550,273,623,341,,,,,svm
274,9.142,Torchere A,Light-Flare,0.8879,moyenne,157,143,228,224,,,,,svm
274,9.142,Torchere B,Light-Flare,0.8143,moyenne,348,286,417,352,,,,,svm
274,9.142,Torchere C,Light-Flare,0.8941,moyenne,550,271,623,340,,,,,svm
275,9.176,Torchere A,Light-Flare,0.9004,moyenne,156,143,228,223,,,,,svm
275,9.176,Torchere B,Light-Flare,0.6788,moyenne,346,283,417,354,,,,,svm
275,9.176,Torchere C,Light-Flare,0.8733,bonne,545,271,623,340,,,,,svm
276,9.209,Torchere A,Light-Flare,0.8884,moyenne,155,141,227,223,,,,,svm
276,9.209,Torchere B,Light-Flare,0.8611,moyenne,344,283,417,353,,,,,svm
276,9.209,Torchere C,Light-Flare,0.8712,bonne,540,268,623,340,,,,,svm
277,9.243,Torchere A,Light-Flare,0.8996,moyenne,153,140,228,223,,,,,svm
277,9.243,Torchere B,Light-Flare,0.8830,moyenne,344,283,415,353,,,,,svm
277,9.243,Torchere C,Light-Flare,0.8786,bonne,541,267,624,340,,,,,svm
278,9.276,Torchere A,Light-Flare,0.9038,moyenne,151,139,228,222,,,,,svm
278,9.276,Torchere B,Light-Flare,0.8598,moyenne,340,288,415,353,,,,,svm
278,9.276,Torchere C,Light-Flare,0.8812,moyenne,540,268,623,339,,,,,svm
279,9.309,Torchere A,Light-Flare,0.9105,moyenne,151,136,229,221,,,,,svm
279,9.309,Torchere B,Light-Flare,0.8547,moyenne,342,285,415,353,,,,,svm
279,9.309,Torchere C,Light-Flare,0.8961,bonne,545,271,622,340,,,,,svm
280,9.343,Torchere A,Light-Flare,0.8898,moyenne,149,135,230,222,,,,,svm
280,9.343,Torchere B,Light-Flare,0.8389,moyenne,341,285,415,353,,,,,svm
280,9.343,Torchere C,Light-Flare,0.8865,bonne,544,269,623,339,,,,,svm
281,9.376,Torchere A,Light-Flare,0.8856,moyenne,148,133,229,223,,,,,svm
281,9.376,Torchere B,Light-Flare,0.7846,moyenne,341,281,415,353,,,,,svm
281,9.376,Torchere C,Light-Flare,0.8434,bonne,542,268,623,340,,,,,svm
282,9.409,Torchere A,Light-Flare,0.8995,moyenne,149,128,228,222,,,,,svm
282,9.409,Torchere B,Light-Flare,0.5029,moyenne,341,281,415,353,,,,,svm
282,9.409,Torchere B,Medium-Flare,0.3418,moyenne,341,279,415,353,,,,,svm
282,9.409,Torchere C,Light-Flare,0.5167,mauvaise,539,271,623,341,,,,,svm
282,9.409,Torchere C,Dark-Flare,0.2806,mauvaise,540,271,623,340,,,,,svm
283,9.443,Torchere A,Light-Flare,0.8736,moyenne,148,130,229,223,,,,,svm
283,9.443,Torchere B,Light-Flare,0.8471,moyenne,343,290,415,354,,,,,svm
283,9.443,Torchere C,Light-Flare,0.8113,moyenne,539,274,623,340,,,,,svm
284,9.476,Torchere A,Light-Flare,0.8775,moyenne,155,145,229,224,,,,,svm
284,9.476,Torchere B,Light-Flare,0.8569,bonne,340,289,415,354,,,,,svm
284,9.476,Torchere C,Light-Flare,0.8430,bonne,541,279,622,340,,,,,svm
284,9.476,Torchere C,Medium-Flare,0.5799,bonne,540,279,621,340,,,,,svm
285,9.510,Torchere A,Light-Flare,0.8892,moyenne,149,147,227,223,,,,,svm
285,9.510,Torchere B,Light-Flare,0.8569,bonne,336,287,415,354,,,,,svm
285,9.510,Torchere C,Light-Flare,0.8569,bonne,536,281,623,341,,,,,svm
285,9.510,Torchere C,Medium-Flare,0.6488,bonne,536,280,622,340,,,,,svm
286,9.543,Torchere A,Light-Flare,0.8804,moyenne,148,149,226,222,,,,,svm
286,9.543,Torchere B,Light-Flare,0.8062,moyenne,338,286,416,353,,,,,svm
286,9.543,Torchere C,Light-Flare,0.8374,bonne,535,279,622,342,,,,,svm
286,9.543,Torchere C,Medium-Flare,0.7905,bonne,535,279,622,342,,,,,svm
287,9.576,Torchere A,Light-Flare,0.8948,moyenne,156,148,226,223,,,,,svm
287,9.576,Torchere B,Light-Flare,0.8286,moyenne,354,286,415,353,,,,,svm
287,9.576,Torchere C,Light-Flare,0.8401,bonne,531,277,622,342,,,,,svm
287,9.576,Torchere C,Medium-Flare,0.7140,bonne,531,277,622,342,,,,,svm
288,9.610,Torchere A,Light-Flare,0.8906,moyenne,154,146,226,223,,,,,svm
288,9.610,Torchere B,Light-Flare,0.7993,bonne,355,286,415,353,,,,,svm
288,9.610,Torchere C,Light-Flare,0.8627,bonne,532,278,621,341,,,,,svm
288,9.610,Torchere C,Medium-Flare,0.4444,bonne,532,276,622,340,,,,,svm
289,9.643,Torchere A,Light-Flare,0.8842,moyenne,149,143,226,223,,,,,svm
289,9.643,Torchere B,Light-Flare,0.8347,moyenne,351,285,416,354,,,,,svm
289,9.643,Torchere C,Light-Flare,0.8487,moyenne,527,274,623,341,,,,,svm
290,9.676,Torchere A,Light-Flare,0.8964,bonne,144,140,226,222,,,,,svm
290,9.676,Torchere B,Light-Flare,0.8478,moyenne,348,284,416,353,,,,,svm
290,9.676,Torchere C,Light-Flare,0.8743,moyenne,551,275,622,341,,,,,svm
291,9.710,Torchere A,Light-Flare,0.9108,moyenne,147,139,227,222,,,,,svm
291,9.710,Torchere B,Light-Flare,0.8819,moyenne,347,282,416,353,,,,,svm
291,9.710,Torchere C,Light-Flare,0.9011,moyenne,552,276,621,341,,,,,svm
292,9.743,Torchere A,Light-Flare,0.8989,moyenne,147,137,227,222,,,,,svm
292,9.743,Torchere B,Light-Flare,0.8536,moyenne,348,281,417,353,,,,,svm
292,9.743,Torchere C,Light-Flare,0.8901,moyenne,557,277,622,340,,,,,svm
293,9.776,Torchere A,Light-Flare,0.8973,moyenne,145,135,227,222,,,,,svm
293,9.776,Torchere B,Light-Flare,0.8100,moyenne,346,284,416,353,,,,,svm
293,9.776,Torchere C,Light-Flare,0.8791,moyenne,556,278,623,341,,,,,svm
294,9.810,Torchere A,Light-Flare,0.9070,moyenne,143,134,227,222,,,,,svm
294,9.810,Torchere B,Light-Flare,0.8555,moyenne,350,283,416,353,,,,,svm
294,9.810,Torchere C,Light-Flare,0.8737,bonne,553,285,623,340,,,,,svm
295,9.843,Torchere A,Light-Flare,0.8972,bonne,140,131,228,222,,,,,svm
295,9.843,Torchere B,Light-Flare,0.8457,moyenne,352,283,417,353,,,,,svm
295,9.843,Torchere C,Light-Flare,0.7414,moyenne,550,285,624,341,,,,,svm
296,9.877,Torchere A,Light-Flare,0.9023,moyenne,137,128,228,221,,,,,svm
296,9.877,Torchere B,Light-Flare,0.8555,bonne,352,285,417,352,,,,,svm
296,9.877,Torchere C,Light-Flare,0.7963,moyenne,547,283,625,341,,,,,svm
297,9.910,Torchere A,Light-Flare,0.8967,moyenne,136,126,229,221,,,,,svm
297,9.910,Torchere B,Light-Flare,0.8624,moyenne,348,281,417,353,,,,,svm
297,9.910,Torchere C,Light-Flare,0.6938,bonne,552,279,624,340,,,,,svm
297,9.910,Torchere C,Medium-Flare,0.4381,bonne,552,280,623,341,,,,,svm
298,9.943,Torchere A,Light-Flare,0.8708,moyenne,135,132,229,222,,,,,svm
298,9.943,Torchere B,Light-Flare,0.8663,bonne,346,279,417,353,,,,,svm
298,9.943,Torchere C,Light-Flare,0.8681,bonne,549,280,623,341,,,,,svm
299,9.977,Torchere A,Light-Flare,0.8743,bonne,129,133,230,223,,,,,svm
299,9.977,Torchere B,Light-Flare,0.8708,bonne,342,274,416,352,,,,,svm
299,9.977,Torchere C,Light-Flare,0.8762,bonne,545,277,623,341,,,,,svm
300,10.010,Torchere A,Light-Flare,0.7274,bonne,125,135,231,223,,,,,svm
300,10.010,Torchere B,Light-Flare,0.8737,bonne,339,271,414,353,,,,,svm
300,10.010,Torchere C,Light-Flare,0.8726,bonne,542,277,623,341,,,,,svm
301,10.043,Torchere A,Light-Flare,0.8698,bonne,123,137,230,223,,,,,svm
301,10.043,Torchere B,Light-Flare,0.8700,bonne,338,269,414,353,,,,,svm
301,10.043,Torchere C,Light-Flare,0.8296,bonne,543,277,623,341,,,,,svm
302,10.077,Torchere A,Light-Flare,0.8366,mauvaise,121,137,229,224,,,,,svm
302,10.077,Torchere B,Light-Flare,0.8756,bonne,337,268,415,353,,,,,svm
302,10.077,Torchere C,Light-Flare,0.7425,bonne,542,277,623,340,,,,,svm
303,10.110,Torchere A,Light-Flare,0.7755,bonne,118,134,228,223,,,,,svm
303,10.110,Torchere A,Medium-Flare,0.4662,bonne,117,134,228,222,,,,,svm
303,10.110,Torchere B,Light-Flare,0.8713,bonne,336,266,415,353,,,,,svm
303,10.110,Torchere C,Medium-Flare,0.6015,bonne,537,273,624,339,,,,,svm
303,10.110,Torchere C,Light-Flare,0.5916,bonne,538,273,624,340,,,,,svm
304,10.143,Torchere A,Medium-Flare,0.5769,bonne,115,132,228,225,,,,,svm
304,10.143,Torchere A,Light-Flare,0.4072,bonne,118,133,227,224,,,,,svm
304,10.143,Torchere B,Light-Flare,0.8234,bonne,335,263,416,353,,,,,svm
304,10.143,Torchere C,Medium-Flare,0.7469,bonne,537,272,624,340,,,,,svm
305,10.177,Torchere A,Medium-Flare,0.6899,bonne,107,128,228,225,,,,,svm
305,10.177,Torchere A,Light-Flare,0.3013,bonne,108,128,228,225,,,,,svm
305,10.177,Torchere B,Light-Flare,0.8209,bonne,335,263,416,354,,,,,svm
305,10.177,Torchere C,Light-Flare,0.6264,moyenne,538,275,624,340,,,,,svm
305,10.177,Torchere C,Medium-Flare,0.4124,moyenne,537,274,625,339,,,,,svm
306,10.210,Torchere A,Light-Flare,0.5826,bonne,114,130,228,225,,,,,svm
306,10.210,Torchere A,Medium-Flare,0.5314,bonne,114,129,229,224,,,,,svm
306,10.210,Torchere B,Light-Flare,0.5450,bonne,338,263,417,353,,,,,svm
306,10.210,Torchere C,Medium-Flare,0.7140,bonne,538,273,624,339,,,,,svm
307,10.244,Torchere A,Light-Flare,0.8773,moyenne,146,136,226,224,,,,,svm
307,10.244,Torchere B,Light-Flare,0.4960,bonne,331,262,418,353,,,,,svm
307,10.244,Torchere C,Light-Flare,0.8171,moyenne,535,273,623,340,,,,,svm
308,10.277,Torchere A,Light-Flare,0.8885,moyenne,146,138,227,224,,,,,svm
308,10.277,Torchere B,Medium-Flare,0.3510,moyenne,337,257,416,353,,,,,svm
308,10.277,Torchere C,Medium-Flare,0.5557,bonne,534,274,624,340,,,,,svm
309,10.310,Torchere A,Light-Flare,0.8777,moyenne,146,137,226,220,,,,,svm
309,10.310,Torchere B,Medium-Flare,0.6190,moyenne,345,265,417,353,,,,,svm
309,10.310,Torchere C,Light-Flare,0.8270,bonne,543,278,623,340,,,,,svm
310,10.344,Torchere A,Light-Flare,0.8826,moyenne,156,137,227,224,,,,,svm
310,10.344,Torchere B,Light-Flare,0.7864,moyenne,342,285,417,352,,,,,svm
310,10.344,Torchere C,Light-Flare,0.8268,bonne,549,282,623,340,,,,,svm
311,10.377,Torchere A,Light-Flare,0.8953,moyenne,155,134,227,224,,,,,svm
311,10.377,Torchere B,Light-Flare,0.8469,moyenne,340,287,417,353,,,,,svm
311,10.377,Torchere C,Light-Flare,0.8184,bonne,547,283,623,340,,,,,svm
312,10.410,Torchere A,Light-Flare,0.8722,moyenne,153,134,227,224,,,,,svm
312,10.410,Torchere B,Light-Flare,0.7749,bonne,341,285,417,352,,,,,svm
312,10.410,Torchere C,Medium-Flare,0.8064,bonne,547,280,622,340,,,,,svm
312,10.410,Torchere C,Light-Flare,0.6639,bonne,547,281,621,340,,,,,svm
313,10.444,Torchere A,Light-Flare,0.8592,moyenne,150,130,226,225,,,,,svm
313,10.444,Torchere B,Medium-Flare,0.5427,moyenne,336,283,417,353,,,,,svm
313,10.444,Torchere B,Light-Flare,0.3560,moyenne,336,283,417,353,,,,,svm
313,10.444,Torchere B,Dark-Flare,0.2984,moyenne,336,283,417,353,,,,,svm
313,10.444,Torchere C,Light-Flare,0.5276,bonne,544,276,622,340,,,,,svm
313,10.444,Torchere C,Medium-Flare,0.5102,bonne,544,276,622,340,,,,,svm
314,10.477,Torchere A,Light-Flare,0.8852,moyenne,149,130,227,223,,,,,svm
314,10.477,Torchere B,Dark-Flare,0.5848,mauvaise,333,282,417,353,,,,,svm
314,10.477,Torchere B,Light-Flare,0.5189,mauvaise,333,283,417,353,,,,,svm
314,10.477,Torchere C,Medium-Flare,0.5237,bonne,542,272,623,340,,,,,svm
314,10.477,Torchere C,Light-Flare,0.4842,bonne,542,272,622,340,,,,,svm
315,10.511,Torchere A,Light-Flare,0.8827,moyenne,153,129,226,224,,,,,svm
315,10.511,Torchere B,Dark-Flare,0.6135,mauvaise,330,280,418,353,,,,,svm
315,10.511,Torchere C,Light-Flare,0.8758,bonne,541,270,622,341,,,,,svm
316,10.544,Torchere A,Light-Flare,0.7727,moyenne,151,133,226,223,,,,,svm
316,10.544,Torchere B,Medium-Flare,0.4195,bonne,326,278,418,353,,,,,svm
316,10.544,Torchere C,Light-Flare,0.6712,bonne,536,268,624,340,,,,,svm
317,10.577,Torchere A,Light-Flare,0.7482,moyenne,151,138,226,223,,,,,svm
317,10.577,Torchere A,Medium-Flare,0.3142,moyenne,150,138,226,223,,,,,svm
317,10.577,Torchere C,Light-Flare,0.8516,bonne,535,268,624,340,,,,,svm
318,10.611,Torchere A,Light-Flare,0.7522,moyenne,154,139,227,223,,,,,svm
318,10.611,Torchere A,Medium-Flare,0.5322,moyenne,153,137,227,223,,,,,svm
318,10.611,Torchere B,Medium-Flare,0.7762,bonne,320,268,416,352,,,,,svm
318,10.611,Torchere C,Light-Flare,0.7700,bonne,531,266,624,340,,,,,svm
319,10.644,Torchere A,Light-Flare,0.8597,moyenne,155,138,227,224,,,,,svm
319,10.644,Torchere B,Medium-Flare,0.7778,bonne,318,263,417,354,,,,,svm
320,10.677,Torchere A,Light-Flare,0.8447,moyenne,162,137,227,224,,,,,svm
320,10.677,Torchere B,Light-Flare,0.6134,bonne,325,287,415,353,,,,,svm
320,10.677,Torchere B,Medium-Flare,0.2975,bonne,322,279,415,353,,,,,svm
320,10.677,Torchere C,Medium-Flare,0.7125,mauvaise,527,264,622,339,,,,,svm
320,10.677,Torchere C,Light-Flare,0.3122,mauvaise,527,264,622,340,,,,,svm
321,10.711,Torchere A,Light-Flare,0.7144,moyenne,161,135,227,224,,,,,svm
321,10.711,Torchere B,Light-Flare,0.8363,bonne,322,288,415,354,,,,,svm
321,10.711,Torchere C,Dark-Flare,0.4520,mauvaise,524,262,620,340,,,,,svm
322,10.744,Torchere A,Light-Flare,0.8910,moyenne,161,135,227,224,,,,,svm
322,10.744,Torchere B,Light-Flare,0.7765,bonne,321,288,415,353,,,,,svm
322,10.744,Torchere B,Medium-Flare,0.5191,bonne,320,285,414,352,,,,,svm
322,10.744,Torchere C,Dark-Flare,0.5961,mauvaise,523,262,622,341,,,,,svm
323,10.777,Torchere A,Light-Flare,0.8639,moyenne,157,136,227,225,,,,,svm
323,10.777,Torchere B,Light-Flare,0.6728,bonne,324,287,415,354,,,,,svm
323,10.777,Torchere B,Medium-Flare,0.6046,bonne,317,283,415,353,,,,,svm
323,10.777,Torchere C,Dark-Flare,0.6037,mauvaise,522,264,622,340,,,,,svm
323,10.777,Torchere C,Light-Flare,0.3820,mauvaise,522,265,622,340,,,,,svm
324,10.811,Torchere A,Light-Flare,0.8749,moyenne,162,135,227,222,,,,,svm
324,10.811,Torchere B,Light-Flare,0.6969,bonne,341,287,415,353,,,,,svm
324,10.811,Torchere C,Light-Flare,0.8262,bonne,533,268,622,340,,,,,svm
325,10.844,Torchere A,Light-Flare,0.8465,moyenne,165,136,227,225,,,,,svm
325,10.844,Torchere B,Medium-Flare,0.5919,bonne,339,285,414,354,,,,,svm
325,10.844,Torchere C,Light-Flare,0.8703,moyenne,542,268,622,341,,,,,svm
326,10.878,Torchere A,Light-Flare,0.8430,moyenne,164,134,228,224,,,,,svm
326,10.878,Torchere B,Light-Flare,0.7527,moyenne,357,286,414,355,,,,,svm
326,10.878,Torchere C,Light-Flare,0.8502,moyenne,553,279,621,342,,,,,svm
327,10.911,Torchere A,Light-Flare,0.8603,moyenne,168,135,227,223,,,,,svm
327,10.911,Torchere B,Light-Flare,0.5291,moyenne,353,285,415,355,,,,,svm
327,10.911,Torchere C,Light-Flare,0.8920,bonne,554,279,621,342,,,,,svm
328,10.944,Torchere A,Light-Flare,0.8377,moyenne,168,135,229,222,,,,,svm
328,10.944,Torchere B,Light-Flare,0.7935,bonne,357,286,414,354,,,,,svm
328,10.944,Torchere C,Light-Flare,0.8197,bonne,551,277,622,341,,,,,svm
329,10.978,Torchere A,Light-Flare,0.8282,moyenne,167,136,229,223,,,,,svm
329,10.978,Torchere B,Light-Flare,0.7265,moyenne,355,284,414,356,,,,,svm
329,10.978,Torchere B,Medium-Flare,0.5415,moyenne,356,284,414,355,,,,,svm
329,10.978,Torchere C,Light-Flare,0.8803,bonne,549,273,622,342,,,,,svm
330,11.011,Torchere A,Light-Flare,0.8420,moyenne,170,136,229,221,,,,,svm
330,11.011,Torchere B,Light-Flare,0.8304,moyenne,353,284,415,355,,,,,svm
330,11.011,Torchere C,Light-Flare,0.8753,bonne,546,270,623,341,,,,,svm
331,11.044,Torchere A,Light-Flare,0.8927,moyenne,170,134,230,223,,,,,svm
331,11.044,Torchere B,Light-Flare,0.8212,moyenne,350,285,415,354,,,,,svm
331,11.044,Torchere C,Light-Flare,0.8564,bonne,543,267,623,341,,,,,svm
332,11.078,Torchere A,Light-Flare,0.8908,moyenne,170,133,229,223,,,,,svm
332,11.078,Torchere B,Light-Flare,0.7841,moyenne,357,288,415,354,,,,,svm
332,11.078,Torchere C,Light-Flare,0.8678,moyenne,542,270,624,341,,,,,svm
333,11.111,Torchere A,Light-Flare,0.8922,moyenne,169,132,229,223,,,,,svm
333,11.111,Torchere B,Light-Flare,0.8096,moyenne,358,287,414,354,,,,,svm
333,11.111,Torchere C,Light-Flare,0.8694,bonne,544,272,624,341,,,,,svm
334,11.144,Torchere A,Light-Flare,0.8952,moyenne,169,132,229,223,,,,,svm
334,11.144,Torchere B,Light-Flare,0.8254,moyenne,357,285,414,354,,,,,svm
334,11.144,Torchere C,Light-Flare,0.8343,bonne,543,280,625,341,,,,,svm
335,11.178,Torchere A,Light-Flare,0.8912,moyenne,167,130,230,222,,,,,svm
335,11.178,Torchere B,Light-Flare,0.8433,moyenne,356,284,414,355,,,,,svm
335,11.178,Torchere C,Light-Flare,0.8609,bonne,543,281,624,341,,,,,svm
336,11.211,Torchere A,Light-Flare,0.9000,moyenne,167,128,230,222,,,,,svm
336,11.211,Torchere B,Light-Flare,0.8133,bonne,354,281,415,354,,,,,svm
336,11.211,Torchere C,Light-Flare,0.8578,bonne,540,282,624,342,,,,,svm
337,11.245,Torchere A,Light-Flare,0.9012,moyenne,166,126,230,223,,,,,svm
337,11.245,Torchere B,Light-Flare,0.8559,bonne,353,280,415,354,,,,,svm
337,11.245,Torchere C,Light-Flare,0.6726,bonne,537,282,624,341,,,,,svm
338,11.278,Torchere A,Light-Flare,0.9011,moyenne,165,122,231,222,,,,,svm
338,11.278,Torchere B,Light-Flare,0.8798,bonne,349,277,415,354,,,,,svm
338,11.278,Torchere C,Medium-Flare,0.7536,bonne,534,279,624,341,,,,,svm
339,11.311,Torchere A,Light-Flare,0.8986,moyenne,163,122,232,221,,,,,svm
339,11.311,Torchere B,Light-Flare,0.8827,bonne,347,276,415,354,,,,,svm
339,11.311,Torchere C,Medium-Flare,0.4541,bonne,532,275,623,340,,,,,svm
339,11.311,Torchere C,Light-Flare,0.3033,bonne,531,276,624,340,,,,,svm
340,11.345,Torchere A,Light-Flare,0.9038,moyenne,161,120,232,221,,,,,svm
340,11.345,Torchere B,Light-Flare,0.8404,bonne,346,273,416,354,,,,,svm
340,11.345,Torchere C,Light-Flare,0.8150,moyenne,527,274,624,341,,,,,svm
341,11.378,Torchere A,Light-Flare,0.8898,moyenne,157,121,231,221,,,,,svm
341,11.378,Torchere B,Light-Flare,0.8381,bonne,345,270,415,354,,,,,svm
341,11.378,Torchere C,Light-Flare,0.7121,moyenne,526,271,624,341,,,,,svm
341,11.378,Torchere C,Medium-Flare,0.3174,moyenne,526,270,624,341,,,,,svm
342,11.411,Torchere A,Light-Flare,0.8889,moyenne,157,121,232,221,,,,,svm
342,11.411,Torchere B,Light-Flare,0.8295,bonne,343,269,416,354,,,,,svm
342,11.411,Torchere C,Medium-Flare,0.5618,moyenne,524,269,623,341,,,,,svm
343,11.445,Torchere A,Light-Flare,0.8932,moyenne,165,127,231,222,,,,,svm
343,11.445,Torchere B,Light-Flare,0.7112,bonne,342,266,415,354,,,,,svm
343,11.445,Torchere C,Light-Flare,0.7826,mauvaise,521,271,623,340,,,,,svm
344,11.478,Torchere A,Light-Flare,0.8836,moyenne,167,137,230,223,,,,,svm
344,11.478,Torchere B,Light-Flare,0.6468,bonne,341,266,415,354,,,,,svm
344,11.478,Torchere B,Medium-Flare,0.3546,bonne,340,266,415,352,,,,,svm
344,11.478,Torchere C,Medium-Flare,0.5937,moyenne,513,268,623,340,,,,,svm
345,11.511,Torchere A,Light-Flare,0.8782,moyenne,171,138,231,223,,,,,svm
345,11.511,Torchere B,Medium-Flare,0.6878,bonne,338,264,415,354,,,,,svm
345,11.511,Torchere B,Light-Flare,0.5147,bonne,338,265,415,354,,,,,svm
345,11.511,Torchere C,Medium-Flare,0.5895,bonne,516,269,624,340,,,,,svm
346,11.545,Torchere A,Light-Flare,0.8799,moyenne,170,136,231,222,,,,,svm
346,11.545,Torchere B,Medium-Flare,0.8875,moyenne,336,261,414,353,,,,,svm
346,11.545,Torchere C,Medium-Flare,0.7768,bonne,523,270,624,340,,,,,svm
347,11.578,Torchere A,Light-Flare,0.8896,moyenne,169,134,230,222,,,,,svm
347,11.578,Torchere B,Medium-Flare,0.4305,moyenne,340,263,415,353,,,,,svm
347,11.578,Torchere C,Medium-Flare,0.8078,mauvaise,530,270,624,340,,,,,svm
347,11.578,Torchere C,Light-Flare,0.4882,mauvaise,530,271,624,341,,,,,svm
348,11.612,Torchere A,Light-Flare,0.8862,moyenne,174,132,231,222,,,,,svm
348,11.612,Torchere B,Light-Flare,0.8363,moyenne,355,283,415,354,,,,,svm
348,11.612,Torchere C,Medium-Flare,0.6783,moyenne,530,271,624,341,,,,,svm
348,11.612,Torchere C,Light-Flare,0.3744,moyenne,530,272,624,341,,,,,svm
349,11.645,Torchere A,Light-Flare,0.8967,moyenne,174,132,231,222,,,,,svm
349,11.645,Torchere B,Light-Flare,0.7207,moyenne,349,281,416,355,,,,,svm
349,11.645,Torchere C,Light-Flare,0.7508,moyenne,524,269,626,341,,,,,svm
350,11.678,Torchere A,Light-Flare,0.8975,moyenne,175,130,231,223,,,,,svm
350,11.678,Torchere B,Light-Flare,0.7648,moyenne,348,282,415,353,,,,,svm
350,11.678,Torchere C,Light-Flare,0.8202,mauvaise,539,269,625,342,,,,,svm
350,11.678,Torchere C,Medium-Flare,0.2853,mauvaise,536,269,625,342,,,,,svm
351,11.712,Torchere A,Light-Flare,0.8755,moyenne,170,131,231,224,,,,,svm
351,11.712,Torchere B,Light-Flare,0.8339,moyenne,346,282,417,353,,,,,svm
351,11.712,Torchere C,Light-Flare,0.8671,bonne,545,269,627,342,,,,,svm
352,11.745,Torchere A,Light-Flare,0.8909,moyenne,170,131,230,224,,,,,svm
352,11.745,Torchere B,Light-Flare,0.8294,moyenne,352,284,417,353,,,,,svm
352,11.745,Torchere C,Light-Flare,0.7907,bonne,548,269,627,341,,,,,svm
353,11.778,Torchere A,Light-Flare,0.8993,moyenne,167,131,230,225,,,,,svm
353,11.778,Torchere B,Light-Flare,0.8632,moyenne,354,282,416,353,,,,,svm
353,11.778,Torchere C,Light-Flare,0.8238,moyenne,548,269,625,341,,,,,svm
354,11.812,Torchere A,Light-Flare,0.8876,moyenne,166,133,231,223,,,,,svm
354,11.812,Torchere B,Light-Flare,0.8487,moyenne,354,282,416,352,,,,,svm
354,11.812,Torchere C,Light-Flare,0.7281,bonne,548,278,623,340,,,,,svm
355,11.845,Torchere A,Light-Flare,0.8765,moyenne,167,137,230,220,,,,,svm
355,11.845,Torchere B,Light-Flare,0.7286,moyenne,356,282,416,353,,,,,svm
355,11.845,Torchere C,Medium-Flare,0.6453,bonne,542,279,624,341,,,,,svm
356,11.879,Torchere A,Light-Flare,0.8507,moyenne,171,143,231,221,,,,,svm
356,11.879,Torchere B,Light-Flare,0.7931,moyenne,358,281,417,352,,,,,svm
356,11.879,Torchere C,Medium-Flare,0.6905,bonne,541,279,625,340,,,,,svm
357,11.912,Torchere A,Light-Flare,0.8729,moyenne,171,143,231,222,,,,,svm
357,11.912,Torchere B,Light-Flare,0.8690,moyenne,357,282,416,354,,,,,svm
357,11.912,Torchere C,Medium-Flare,0.7637,bonne,539,275,625,340,,,,,svm
358,11.945,Torchere A,Light-Flare,0.8592,moyenne,169,142,231,222,,,,,svm
358,11.945,Torchere B,Light-Flare,0.8562,moyenne,355,279,416,354,,,,,svm
358,11.945,Torchere C,Medium-Flare,0.7065,moyenne,536,274,624,340,,,,,svm
358,11.945,Torchere C,Light-Flare,0.4165,moyenne,538,274,625,339,,,,,svm
359,11.979,Torchere A,Light-Flare,0.8706,moyenne,169,140,231,222,,,,,svm
359,11.979,Torchere B,Light-Flare,0.8592,moyenne,351,277,417,354,,,,,svm
359,11.979,Torchere C,Light-Flare,0.6566,bonne,552,274,624,339,,,,,svm
360,12.012,Torchere A,Light-Flare,0.8882,moyenne,164,138,231,221,,,,,svm
360,12.012,Torchere B,Light-Flare,0.7458,moyenne,347,273,416,354,,,,,svm
360,12.012,Torchere C,Light-Flare,0.8693,moyenne,550,273,625,340,,,,,svm
361,12.045,Torchere A,Light-Flare,0.8656,moyenne,162,135,230,222,,,,,svm
361,12.045,Torchere B,Light-Flare,0.8253,moyenne,344,270,416,355,,,,,svm
361,12.045,Torchere C,Light-Flare,0.8726,bonne,551,271,625,340,,,,,svm
362,12.079,Torchere A,Light-Flare,0.8887,moyenne,162,137,230,222,,,,,svm
362,12.079,Torchere B,Medium-Flare,0.6492,moyenne,342,270,415,355,,,,,svm
362,12.079,Torchere B,Light-Flare,0.4896,moyenne,342,270,415,355,,,,,svm
362,12.079,Torchere C,Light-Flare,0.8076,moyenne,548,269,625,340,,,,,svm
363,12.112,Torchere A,Light-Flare,0.8912,moyenne,161,136,230,222,,,,,svm
363,12.112,Torchere B,Light-Flare,0.7911,moyenne,345,276,415,355,,,,,svm
363,12.112,Torchere C,Light-Flare,0.7451,bonne,551,271,625,341,,,,,svm
364,12.145,Torchere A,Light-Flare,0.8952,moyenne,161,133,230,223,,,,,svm
364,12.145,Torchere B,Light-Flare,0.8131,moyenne,347,275,416,355,,,,,svm
364,12.145,Torchere C,Light-Flare,0.6236,moyenne,553,270,626,341,,,,,svm
364,12.145,Torchere C,Medium-Flare,0.4212,moyenne,553,271,626,341,,,,,svm
365,12.179,Torchere A,Light-Flare,0.8829,moyenne,158,130,231,223,,,,,svm
365,12.179,Torchere B,Light-Flare,0.8100,moyenne,346,273,417,354,,,,,svm
365,12.179,Torchere C,Light-Flare,0.8217,moyenne,554,270,625,340,,,,,svm
366,12.212,Torchere A,Light-Flare,0.8814,moyenne,166,136,230,223,,,,,svm
366,12.212,Torchere B,Light-Flare,0.8833,moyenne,345,277,417,353,,,,,svm
366,12.212,Torchere C,Light-Flare,0.8805,moyenne,552,268,625,341,,,,,svm
367,12.246,Torchere A,Light-Flare,0.8856,moyenne,168,136,229,222,,,,,svm
367,12.246,Torchere B,Light-Flare,0.8830,moyenne,351,274,417,353,,,,,svm
367,12.246,Torchere C,Light-Flare,0.8897,moyenne,549,268,624,341,,,,,svm
368,12.279,Torchere A,Light-Flare,0.8965,moyenne,167,135,228,223,,,,,svm
368,12.279,Torchere B,Light-Flare,0.8694,moyenne,348,271,418,353,,,,,svm
368,12.279,Torchere C,Light-Flare,0.8956,moyenne,552,274,624,341,,,,,svm
369,12.312,Torchere A,Light-Flare,0.8951,moyenne,167,131,229,222,,,,,svm
369,12.312,Torchere B,Light-Flare,0.8679,moyenne,347,273,418,354,,,,,svm
369,12.312,Torchere C,Light-Flare,0.8737,bonne,549,273,624,341,,,,,svm
370,12.346,Torchere A,Light-Flare,0.8907,moyenne,166,129,228,222,,,,,svm
370,12.346,Torchere B,Light-Flare,0.8490,moyenne,344,287,417,354,,,,,svm
370,12.346,Torchere C,Light-Flare,0.8728,bonne,548,271,623,341,,,,,svm
371,12.379,Torchere A,Light-Flare,0.8879,moyenne,167,128,229,222,,,,,svm
371,12.379,Torchere B,Light-Flare,0.8378,moyenne,344,287,417,353,,,,,svm
371,12.379,Torchere C,Light-Flare,0.8395,bonne,544,267,623,340,,,,,svm
372,12.412,Torchere A,Light-Flare,0.8879,moyenne,165,127,229,222,,,,,svm
372,12.412,Torchere B,Light-Flare,0.8645,moyenne,342,291,416,353,,,,,svm
372,12.412,Torchere C,Light-Flare,0.8703,moyenne,543,268,624,341,,,,,svm
373,12.446,Torchere A,Light-Flare,0.8928,moyenne,165,125,230,222,,,,,svm
373,12.446,Torchere B,Light-Flare,0.8502,bonne,341,290,416,353,,,,,svm
373,12.446,Torchere C,Light-Flare,0.4285,bonne,538,266,624,341,,,,,svm
373,12.446,Torchere C,Medium-Flare,0.3330,bonne,538,266,624,341,,,,,svm
374,12.479,Torchere A,Light-Flare,0.8916,moyenne,163,124,229,221,,,,,svm
374,12.479,Torchere B,Light-Flare,0.8375,bonne,342,288,416,353,,,,,svm
374,12.479,Torchere C,Light-Flare,0.8747,moyenne,539,265,623,341,,,,,svm
375,12.513,Torchere A,Light-Flare,0.8939,moyenne,161,120,230,220,,,,,svm
375,12.513,Torchere B,Light-Flare,0.7801,moyenne,342,286,416,353,,,,,svm
375,12.513,Torchere C,Light-Flare,0.8814,moyenne,534,265,623,340,,,,,svm
376,12.546,Torchere A,Light-Flare,0.8955,moyenne,157,118,230,221,,,,,svm
376,12.546,Torchere B,Light-Flare,0.6980,bonne,338,284,416,353,,,,,svm
376,12.546,Torchere C,Light-Flare,0.8813,moyenne,538,270,622,340,,,,,svm
377,12.579,Torchere A,Light-Flare,0.8904,moyenne,155,117,230,221,,,,,svm
377,12.579,Torchere B,Light-Flare,0.8192,bonne,341,283,418,353,,,,,svm
377,12.579,Torchere C,Light-Flare,0.8514,bonne,543,271,623,340,,,,,svm
378,12.613,Torchere A,Light-Flare,0.8956,moyenne,153,114,230,222,,,,,svm
378,12.613,Torchere B,Light-Flare,0.8452,bonne,337,281,417,353,,,,,svm
378,12.613,Torchere C,Light-Flare,0.8382,bonne,544,274,623,341,,,,,svm
379,12.646,Torchere A,Light-Flare,0.8815,moyenne,156,117,231,222,,,,,svm
379,12.646,Torchere B,Light-Flare,0.6725,moyenne,339,280,418,352,,,,,svm
379,12.646,Torchere B,Medium-Flare,0.4198,moyenne,339,278,418,352,,,,,svm
379,12.646,Torchere C,Light-Flare,0.8531,bonne,546,273,623,341,,,,,svm
380,12.679,Torchere A,Light-Flare,0.8974,moyenne,155,116,230,221,,,,,svm
380,12.679,Torchere B,Light-Flare,0.8564,moyenne,340,277,417,353,,,,,svm
380,12.679,Torchere C,Light-Flare,0.8654,bonne,546,271,624,341,,,,,svm
381,12.713,Torchere A,Light-Flare,0.9099,moyenne,153,117,230,221,,,,,svm
381,12.713,Torchere B,Light-Flare,0.8636,moyenne,341,273,417,353,,,,,svm
381,12.713,Torchere C,Light-Flare,0.8546,bonne,543,268,623,340,,,,,svm
382,12.746,Torchere A,Light-Flare,0.8912,moyenne,148,115,230,222,,,,,svm
382,12.746,Torchere B,Light-Flare,0.7706,moyenne,338,269,417,354,,,,,svm
382,12.746,Torchere C,Light-Flare,0.8203,bonne,541,267,624,342,,,,,svm
383,12.779,Torchere A,Medium-Flare,0.7604,moyenne,145,111,230,221,,,,,svm
383,12.779,Torchere A,Light-Flare,0.6387,moyenne,148,110,230,222,,,,,svm
383,12.779,Torchere B,Light-Flare,0.8130,moyenne,336,282,417,354,,,,,svm
383,12.779,Torchere C,Light-Flare,0.8017,bonne,538,266,624,342,,,,,svm
384,12.813,Torchere A,Light-Flare,0.8492,moyenne,164,123,230,223,,,,,svm
384,12.813,Torchere B,Light-Flare,0.8574,moyenne,333,282,416,355,,,,,svm
384,12.813,Torchere C,Light-Flare,0.7968,moyenne,538,265,623,341,,,,,svm
384,12.813,Torchere C,Medium-Flare,0.7757,moyenne,539,266,623,340,,,,,svm
385,12.846,Torchere A,Light-Flare,0.8706,moyenne,161,124,231,223,,,,,svm
385,12.846,Torchere B,Light-Flare,0.8531,bonne,330,279,414,354,,,,,svm
385,12.846,Torchere B,Medium-Flare,0.4137,bonne,331,277,413,353,,,,,svm
385,12.846,Torchere C,Medium-Flare,0.5257,moyenne,548,263,623,341,,,,,svm
385,12.846,Torchere C,Light-Flare,0.4170,moyenne,548,263,623,342,,,,,svm
386,12.880,Torchere A,Light-Flare,0.8509,moyenne,175,146,231,222,,,,,svm
386,12.880,Torchere B,Light-Flare,0.8613,bonne,330,284,415,354,,,,,svm
386,12.880,Torchere C,Light-Flare,0.6899,moyenne,548,259,623,341,,,,,svm
387,12.913,Torchere A,Light-Flare,0.8931,moyenne,175,144,230,222,,,,,svm
387,12.913,Torchere B,Light-Flare,0.8696,bonne,337,284,415,354,,,,,svm
387,12.913,Torchere C,Light-Flare,0.8209,moyenne,546,258,623,340,,,,,svm
388,12.946,Torchere A,Light-Flare,0.9039,moyenne,174,144,229,222,,,,,svm
388,12.946,Torchere B,Light-Flare,0.8424,bonne,339,284,415,354,,,,,svm
388,12.946,Torchere C,Light-Flare,0.7982,moyenne,547,263,624,340,,,,,svm
389,12.980,Torchere A,Light-Flare,0.8968,moyenne,171,140,229,222,,,,,svm
389,12.980,Torchere B,Light-Flare,0.8010,bonne,338,285,415,354,,,,,svm
389,12.980,Torchere C,Light-Flare,0.8560,bonne,557,273,623,340,,,,,svm
390,13.013,Torchere A,Light-Flare,0.9002,moyenne,169,134,229,222,,,,,svm
390,13.013,Torchere B,Light-Flare,0.7322,bonne,338,286,416,354,,,,,svm
390,13.013,Torchere C,Light-Flare,0.8351,bonne,556,272,623,339,,,,,svm
391,13.046,Torchere A,Light-Flare,0.9083,moyenne,168,129,229,222,,,,,svm
391,13.046,Torchere B,Light-Flare,0.6372,bonne,338,285,416,353,,,,,svm
391,13.046,Torchere C,Dark-Flare,0.5301,mauvaise,551,269,623,340,,,,,svm
392,13.080,Torchere A,Light-Flare,0.8994,moyenne,165,127,230,222,,,,,svm
392,13.080,Torchere B,Light-Flare,0.7865,bonne,337,284,416,354,,,,,svm
392,13.080,Torchere C,Dark-Flare,0.4785,mauvaise,549,269,623,341,,,,,svm
392,13.080,Torchere C,Light-Flare,0.3340,mauvaise,549,269,622,341,,,,,svm
393,13.113,Torchere A,Light-Flare,0.8971,moyenne,163,125,230,221,,,,,svm
393,13.113,Torchere B,Light-Flare,0.8460,bonne,339,282,416,353,,,,,svm
393,13.113,Torchere C,Light-Flare,0.8042,bonne,548,268,622,341,,,,,svm
394,13.146,Torchere A,Light-Flare,0.8892,moyenne,162,122,230,221,,,,,svm
394,13.146,Torchere B,Light-Flare,0.8531,bonne,336,281,415,354,,,,,svm
394,13.146,Torchere C,Light-Flare,0.8410,bonne,547,265,622,341,,,,,svm
395,13.180,Torchere A,Light-Flare,0.8779,moyenne,163,122,230,222,,,,,svm
395,13.180,Torchere B,Light-Flare,0.8802,bonne,337,280,414,354,,,,,svm
395,13.180,Torchere C,Light-Flare,0.8736,mauvaise,549,265,622,341,,,,,svm
396,13.213,Torchere A,Light-Flare,0.8096,moyenne,164,122,229,222,,,,,svm
396,13.213,Torchere B,Light-Flare,0.5817,bonne,336,278,416,353,,,,,svm
396,13.213,Torchere C,Light-Flare,0.7970,bonne,547,263,623,342,,,,,svm
397,13.247,Torchere A,Light-Flare,0.8346,moyenne,164,130,230,222,,,,,svm
397,13.247,Torchere B,Light-Flare,0.5701,moyenne,334,275,416,353,,,,,svm
397,13.247,Torchere B,Medium-Flare,0.3992,moyenne,333,274,416,353,,,,,svm
397,13.247,Torchere C,Light-Flare,0.6979,bonne,547,264,623,340,,,,,svm
397,13.247,Torchere C,Medium-Flare,0.2973,bonne,547,264,623,340,,,,,svm
398,13.280,Torchere A,Light-Flare,0.8569,moyenne,164,128,230,222,,,,,svm
398,13.280,Torchere B,Light-Flare,0.6250,moyenne,329,272,417,353,,,,,svm
398,13.280,Torchere C,Light-Flare,0.7825,bonne,555,276,623,340,,,,,svm
399,13.313,Torchere A,Light-Flare,0.8790,moyenne,165,125,230,222,,,,,svm
399,13.313,Torchere B,Medium-Flare,0.3401,moyenne,335,268,418,353,,,,,svm
399,13.313,Torchere B,Light-Flare,0.2988,moyenne,336,269,418,354,,,,,svm
399,13.313,Torchere C,Light-Flare,0.7822,bonne,552,276,622,340,,,,,svm
400,13.347,Torchere A,Light-Flare,0.8696,moyenne,163,121,231,222,,,,,svm
400,13.347,Torchere B,Light-Flare,0.6583,moyenne,349,291,416,354,,,,,svm
400,13.347,Torchere C,Light-Flare,0.7870,bonne,549,276,622,341,,,,,svm
401,13.380,Torchere A,Light-Flare,0.8523,moyenne,165,120,229,221,,,,,svm
401,13.380,Torchere B,Light-Flare,0.8428,moyenne,353,293,416,354,,,,,svm
401,13.380,Torchere C,Light-Flare,0.8745,mauvaise,546,274,623,341,,,,,svm
402,13.413,Torchere A,Light-Flare,0.8367,moyenne,162,120,229,221,,,,,svm
402,13.413,Torchere B,Light-Flare,0.8588,moyenne,350,290,415,353,,,,,svm
402,13.413,Torchere C,Light-Flare,0.8767,mauvaise,544,273,624,340,,,,,svm
403,13.447,Torchere A,Light-Flare,0.8772,moyenne,165,118,229,222,,,,,svm
403,13.447,Torchere B,Light-Flare,0.8827,moyenne,348,290,415,353,,,,,svm
403,13.447,Torchere C,Light-Flare,0.8686,bonne,542,271,623,341,,,,,svm
404,13.480,Torchere A,Light-Flare,0.8805,moyenne,177,130,229,222,,,,,svm
404,13.480,Torchere B,Light-Flare,0.8818,bonne,348,289,415,354,,,,,svm
404,13.480,Torchere C,Light-Flare,0.8682,bonne,543,270,623,341,,,,,svm
405,13.514,Torchere A,Light-Flare,0.8927,moyenne,177,130,230,222,,,,,svm
405,13.514,Torchere B,Light-Flare,0.8605,moyenne,347,288,415,354,,,,,svm
405,13.514,Torchere C,Light-Flare,0.8798,moyenne,546,273,624,341,,,,,svm
406,13.547,Torchere A,Light-Flare,0.8362,moyenne,176,128,232,221,,,,,svm
406,13.547,Torchere B,Light-Flare,0.8604,moyenne,345,287,417,354,,,,,svm
406,13.547,Torchere C,Light-Flare,0.8640,moyenne,545,278,625,341,,,,,svm
407,13.580,Torchere A,Light-Flare,0.8885,moyenne,173,127,232,223,,,,,svm
407,13.580,Torchere B,Light-Flare,0.8490,bonne,341,287,416,353,,,,,svm
407,13.580,Torchere C,Light-Flare,0.8948,moyenne,548,282,624,342,,,,,svm
408,13.614,Torchere A,Light-Flare,0.8948,moyenne,174,126,231,222,,,,,svm
408,13.614,Torchere B,Light-Flare,0.8209,bonne,341,286,416,353,,,,,svm
408,13.614,Torchere C,Light-Flare,0.8999,bonne,544,279,625,341,,,,,svm
409,13.647,Torchere A,Light-Flare,0.8921,moyenne,172,125,231,222,,,,,svm
409,13.647,Torchere B,Light-Flare,0.8663,bonne,339,283,417,353,,,,,svm
409,13.647,Torchere C,Light-Flare,0.8876,bonne,541,277,625,342,,,,,svm
410,13.680,Torchere A,Light-Flare,0.8450,moyenne,171,127,231,222,,,,,svm
410,13.680,Torchere B,Light-Flare,0.7655,bonne,336,280,416,354,,,,,svm
410,13.680,Torchere C,Light-Flare,0.8103,bonne,540,277,624,341,,,,,svm
410,13.680,Torchere C,Medium-Flare,0.3731,bonne,539,277,624,341,,,,,svm
411,13.714,Torchere A,Light-Flare,0.8852,moyenne,176,128,230,223,,,,,svm
411,13.714,Torchere B,Light-Flare,0.5948,bonne,333,280,416,354,,,,,svm
411,13.714,Torchere B,Medium-Flare,0.4641,bonne,332,279,417,354,,,,,svm
411,13.714,Torchere C,Light-Flare,0.8644,bonne,537,275,624,340,,,,,svm
412,13.747,Torchere A,Light-Flare,0.8807,moyenne,178,130,230,221,,,,,svm
412,13.747,Torchere B,Light-Flare,0.8356,moyenne,343,280,415,354,,,,,svm
412,13.747,Torchere C,Light-Flare,0.8740,bonne,536,275,624,340,,,,,svm
413,13.780,Torchere A,Light-Flare,0.8863,moyenne,178,129,231,221,,,,,svm
413,13.780,Torchere B,Light-Flare,0.8647,moyenne,350,282,415,354,,,,,svm
413,13.780,Torchere C,Light-Flare,0.8683,bonne,536,274,625,341,,,,,svm
414,13.814,Torchere A,Light-Flare,0.8778,moyenne,178,127,230,221,,,,,svm
414,13.814,Torchere B,Light-Flare,0.8535,moyenne,349,282,415,354,,,,,svm
414,13.814,Torchere C,Light-Flare,0.7790,bonne,535,274,625,341,,,,,svm
415,13.847,Torchere A,Light-Flare,0.8772,moyenne,177,137,230,222,,,,,svm
415,13.847,Torchere B,Light-Flare,0.7687,moyenne,353,285,416,355,,,,,svm
415,13.847,Torchere C,Light-Flare,0.7562,bonne,536,273,625,340,,,,,svm
416,13.881,Torchere A,Light-Flare,0.8866,moyenne,178,142,229,222,,,,,svm
416,13.881,Torchere B,Light-Flare,0.8708,moyenne,355,293,414,354,,,,,svm
416,13.881,Torchere C,Light-Flare,0.8582,bonne,534,272,623,341,,,,,svm
417,13.914,Torchere A,Light-Flare,0.8991,moyenne,175,143,229,222,,,,,svm
417,13.914,Torchere B,Light-Flare,0.8579,bonne,354,295,415,355,,,,,svm
417,13.914,Torchere C,Light-Flare,0.8252,mauvaise,533,270,623,341,,,,,svm
418,13.947,Torchere A,Light-Flare,0.8821,moyenne,172,141,229,222,,,,,svm
418,13.947,Torchere B,Light-Flare,0.8804,moyenne,353,291,414,354,,,,,svm
418,13.947,Torchere C,Light-Flare,0.7918,bonne,540,269,623,341,,,,,svm
419,13.981,Torchere A,Light-Flare,0.8763,moyenne,169,138,228,222,,,,,svm
419,13.981,Torchere B,Light-Flare,0.8740,moyenne,351,288,414,354,,,,,svm
419,13.981,Torchere C,Light-Flare,0.8626,moyenne,552,271,623,341,,,,,svm
420,14.014,Torchere A,Light-Flare,0.8815,moyenne,164,135,230,222,,,,,svm
420,14.014,Torchere B,Light-Flare,0.8534,moyenne,349,285,414,354,,,,,svm
420,14.014,Torchere C,Light-Flare,0.8240,moyenne,552,270,622,341,,,,,svm
421,14.047,Torchere A,Light-Flare,0.8795,moyenne,164,130,230,223,,,,,svm
421,14.047,Torchere B,Light-Flare,0.8027,moyenne,347,285,413,354,,,,,svm
421,14.047,Torchere C,Light-Flare,0.8163,moyenne,549,269,623,341,,,,,svm
422,14.081,Torchere A,Light-Flare,0.8988,moyenne,164,128,230,222,,,,,svm
422,14.081,Torchere B,Light-Flare,0.8538,moyenne,348,284,414,355,,,,,svm
422,14.081,Torchere C,Light-Flare,0.8859,bonne,553,271,623,342,,,,,svm
423,14.114,Torchere A,Light-Flare,0.8886,moyenne,163,126,231,222,,,,,svm
423,14.114,Torchere B,Light-Flare,0.8765,moyenne,347,282,413,354,,,,,svm
423,14.114,Torchere C,Light-Flare,0.8790,bonne,551,272,624,341,,,,,svm
424,14.147,Torchere A,Light-Flare,0.8452,moyenne,162,121,230,222,,,,,svm
424,14.147,Torchere B,Light-Flare,0.8616,moyenne,346,283,414,354,,,,,svm
424,14.147,Torchere C,Light-Flare,0.8532,moyenne,548,276,624,340,,,,,svm
425,14.181,Torchere A,Light-Flare,0.8841,moyenne,163,118,230,223,,,,,svm
425,14.181,Torchere B,Light-Flare,0.8432,moyenne,345,287,414,354,,,,,svm
425,14.181,Torchere C,Light-Flare,0.8078,moyenne,558,278,624,342,,,,,svm
426,14.214,Torchere A,Light-Flare,0.8641,moyenne,168,137,231,222,,,,,svm
426,14.214,Torchere B,Light-Flare,0.8664,moyenne,344,285,415,354,,,,,svm
426,14.214,Torchere C,Light-Flare,0.8514,bonne,562,281,624,342,,,,,svm
427,14.248,Torchere A,Light-Flare,0.8457,moyenne,167,135,231,222,,,,,svm
427,14.248,Torchere B,Light-Flare,0.8778,moyenne,347,283,415,353,,,,,svm
427,14.248,Torchere C,Light-Flare,0.8606,bonne,559,279,625,342,,,,,svm
428,14.281,Torchere A,Light-Flare,0.8560,moyenne,168,133,231,222,,,,,svm
428,14.281,Torchere B,Light-Flare,0.8644,moyenne,351,283,414,353,,,,,svm
428,14.281,Torchere C,Light-Flare,0.8267,bonne,558,278,624,341,,,,,svm
429,14.314,Torchere A,Light-Flare,0.8574,moyenne,169,132,231,222,,,,,svm
429,14.314,Torchere B,Light-Flare,0.8646,moyenne,351,282,414,354,,,,,svm
429,14.314,Torchere C,Medium-Flare,0.5427,bonne,556,277,624,341,,,,,svm
429,14.314,Torchere C,Light-Flare,0.4721,bonne,555,277,623,341,,,,,svm
430,14.348,Torchere A,Light-Flare,0.8983,moyenne,171,132,231,223,,,,,svm
430,14.348,Torchere B,Light-Flare,0.8376,bonne,349,282,414,353,,,,,svm
430,14.348,Torchere C,Light-Flare,0.7464,bonne,555,276,624,340,,,,,svm
431,14.381,Torchere A,Light-Flare,0.8893,moyenne,174,130,231,222,,,,,svm
431,14.381,Torchere B,Light-Flare,0.7332,moyenne,348,281,414,354,,,,,svm
431,14.381,Torchere C,Medium-Flare,0.5075,bonne,554,275,624,340,,,,,svm
431,14.381,Torchere C,Light-Flare,0.4528,bonne,554,274,625,340,,,,,svm
432,14.414,Torchere A,Light-Flare,0.8963,moyenne,175,129,231,221,,,,,svm
432,14.414,Torchere B,Light-Flare,0.7628,moyenne,345,280,414,353,,,,,svm
432,14.414,Torchere C,Light-Flare,0.6499,bonne,552,275,624,339,,,,,svm
433,14.448,Torchere A,Light-Flare,0.8910,moyenne,174,127,231,221,,,,,svm
433,14.448,Torchere B,Light-Flare,0.5733,moyenne,342,278,415,353,,,,,svm
433,14.448,Torchere C,Light-Flare,0.5872,moyenne,551,272,624,340,,,,,svm
434,14.481,Torchere A,Light-Flare,0.8885,moyenne,172,126,231,222,,,,,svm
434,14.481,Torchere B,Light-Flare,0.6603,bonne,340,279,415,354,,,,,svm
434,14.481,Torchere C,Light-Flare,0.5192,bonne,550,270,625,341,,,,,svm
435,14.514,Torchere A,Light-Flare,0.8904,moyenne,168,124,231,222,,,,,svm
435,14.514,Torchere B,Light-Flare,0.8471,bonne,338,279,416,354,,,,,svm
435,14.514,Torchere C,Light-Flare,0.6896,moyenne,549,272,624,341,,,,,svm
436,14.548,Torchere A,Light-Flare,0.8955,moyenne,166,123,231,223,,,,,svm
436,14.548,Torchere B,Light-Flare,0.8095,bonne,336,277,414,354,,,,,svm
436,14.548,Torchere C,Light-Flare,0.8520,moyenne,550,272,624,340,,,,,svm
437,14.581,Torchere A,Light-Flare,0.8950,moyenne,164,122,231,222,,,,,svm
437,14.581,Torchere B,Light-Flare,0.6965,bonne,333,275,415,354,,,,,svm
437,14.581,Torchere C,Light-Flare,0.8481,bonne,550,271,623,341,,,,,svm
438,14.615,Torchere A,Light-Flare,0.9074,moyenne,163,122,231,222,,,,,svm
438,14.615,Torchere B,Light-Flare,0.7820,bonne,337,278,415,354,,,,,svm
438,14.615,Torchere C,Light-Flare,0.8605,moyenne,552,274,623,340,,,,,svm
439,14.648,Torchere A,Light-Flare,0.8963,moyenne,160,119,232,222,,,,,svm
439,14.648,Torchere B,Light-Flare,0.8148,bonne,335,275,416,355,,,,,svm
439,14.648,Torchere C,Light-Flare,0.8827,bonne,559,274,623,340,,,,,svm
440,14.681,Torchere A,Light-Flare,0.8931,moyenne,159,117,232,222,,,,,svm
440,14.681,Torchere B,Light-Flare,0.8646,moyenne,354,280,415,354,,,,,svm
440,14.681,Torchere C,Light-Flare,0.8905,bonne,557,272,624,341,,,,,svm
441,14.715,Torchere A,Light-Flare,0.9092,moyenne,158,118,232,223,,,,,svm
441,14.715,Torchere B,Light-Flare,0.8255,moyenne,352,279,415,355,,,,,svm
441,14.715,Torchere C,Light-Flare,0.8711,bonne,554,270,624,341,,,,,svm
442,14.748,Torchere A,Light-Flare,0.8844,moyenne,162,124,233,222,,,,,svm
442,14.748,Torchere B,Light-Flare,0.8219,moyenne,353,289,415,355,,,,,svm
442,14.748,Torchere C,Light-Flare,0.8778,bonne,552,268,624,341,,,,,svm
443,14.781,Torchere A,Light-Flare,0.8857,moyenne,162,124,232,222,,,,,svm
443,14.781,Torchere B,Light-Flare,0.8214,moyenne,352,292,414,354,,,,,svm
443,14.781,Torchere C,Light-Flare,0.7869,bonne,545,266,624,341,,,,,svm
444,14.815,Torchere A,Light-Flare,0.8874,moyenne,171,144,231,222,,,,,svm
444,14.815,Torchere B,Light-Flare,0.8100,bonne,350,292,414,355,,,,,svm
444,14.815,Torchere C,Light-Flare,0.8461,bonne,545,264,624,340,,,,,svm
445,14.848,Torchere A,Light-Flare,0.8836,moyenne,172,140,231,223,,,,,svm
445,14.848,Torchere B,Light-Flare,0.7620,moyenne,347,291,415,355,,,,,svm
445,14.848,Torchere B,Medium-Flare,0.5154,moyenne,346,291,415,354,,,,,svm
445,14.848,Torchere C,Light-Flare,0.8566,bonne,544,263,624,342,,,,,svm
446,14.882,Torchere A,Light-Flare,0.8853,moyenne,169,133,232,223,,,,,svm
446,14.882,Torchere B,Light-Flare,0.7985,bonne,342,289,413,354,,,,,svm
446,14.882,Torchere C,Light-Flare,0.8497,moyenne,550,261,625,342,,,,,svm
447,14.915,Torchere A,Light-Flare,0.8788,moyenne,169,131,232,222,,,,,svm
447,14.915,Torchere B,Light-Flare,0.7439,bonne,342,287,414,354,,,,,svm
447,14.915,Torchere C,Light-Flare,0.8470,bonne,551,263,625,342,,,,,svm
448,14.948,Torchere A,Light-Flare,0.8885,moyenne,168,131,232,221,,,,,svm
448,14.948,Torchere B,Light-Flare,0.8023,bonne,341,287,415,354,,,,,svm
448,14.948,Torchere C,Light-Flare,0.8826,bonne,556,280,625,341,,,,,svm
449,14.982,Torchere A,Light-Flare,0.8941,moyenne,170,130,231,221,,,,,svm
449,14.982,Torchere B,Light-Flare,0.7816,bonne,338,286,415,354,,,,,svm
449,14.982,Torchere C,Light-Flare,0.8669,bonne,553,277,624,340,,,,,svm
450,15.015,Torchere A,Light-Flare,0.8974,moyenne,170,128,230,221,,,,,svm
450,15.015,Torchere B,Medium-Flare,0.7877,bonne,337,287,414,354,,,,,svm
450,15.015,Torchere C,Light-Flare,0.8737,bonne,552,275,624,341,,,,,svm
451,15.048,Torchere A,Light-Flare,0.8732,moyenne,168,126,229,223,,,,,svm
451,15.048,Torchere B,Medium-Flare,0.7905,bonne,333,286,415,353,,,,,svm
451,15.048,Torchere C,Light-Flare,0.8668,bonne,552,275,623,341,,,,,svm
452,15.082,Torchere A,Light-Flare,0.8948,moyenne,167,124,231,221,,,,,svm
452,15.082,Torchere B,Medium-Flare,0.6438,bonne,333,282,414,352,,,,,svm
452,15.082,Torchere C,Light-Flare,0.8472,bonne,551,274,623,341,,,,,svm
453,15.115,Torchere A,Light-Flare,0.8802,moyenne,165,125,230,221,,,,,svm
453,15.115,Torchere B,Light-Flare,0.5826,bonne,332,281,415,351,,,,,svm
453,15.115,Torchere B,Medium-Flare,0.4591,bonne,332,281,416,352,,,,,svm
453,15.115,Torchere C,Light-Flare,0.8626,bonne,550,273,622,341,,,,,svm
454,15.148,Torchere A,Light-Flare,0.8470,moyenne,175,146,229,222,,,,,svm
454,15.148,Torchere B,Medium-Flare,0.4315,mauvaise,330,278,415,352,,,,,svm
454,15.148,Torchere B,Dark-Flare,0.2965,mauvaise,331,279,416,353,,,,,svm
454,15.148,Torchere C,Light-Flare,0.8568,bonne,550,276,623,341,,,,,svm
455,15.182,Torchere A,Light-Flare,0.8530,moyenne,171,146,230,222,,,,,svm
455,15.182,Torchere B,Medium-Flare,0.3676,moyenne,328,277,415,352,,,,,svm
455,15.182,Torchere B,Light-Flare,0.3521,moyenne,328,278,416,353,,,,,svm
455,15.182,Torchere B,Dark-Flare,0.3274,moyenne,329,278,416,353,,,,,svm
455,15.182,Torchere C,Light-Flare,0.8680,bonne,548,277,622,341,,,,,svm
456,15.215,Torchere A,Light-Flare,0.8797,moyenne,171,145,230,221,,,,,svm
456,15.215,Torchere B,Light-Flare,0.8679,bonne,330,276,415,353,,,,,svm
456,15.215,Torchere C,Light-Flare,0.8550,bonne,544,275,623,341,,,,,svm
457,15.249,Torchere A,Light-Flare,0.8583,moyenne,170,142,230,222,,,,,svm
457,15.249,Torchere B,Light-Flare,0.7885,moyenne,327,275,415,352,,,,,svm
457,15.249,Torchere C,Light-Flare,0.8241,moyenne,542,274,623,341,,,,,svm
458,15.282,Torchere A,Light-Flare,0.8837,moyenne,174,142,230,222,,,,,svm
458,15.282,Torchere B,Light-Flare,0.8418,bonne,327,272,417,353,,,,,svm
458,15.282,Torchere C,Light-Flare,0.5769,moyenne,540,273,623,341,,,,,svm
458,15.282,Torchere C,Medium-Flare,0.4838,moyenne,541,274,623,341,,,,,svm
459,15.315,Torchere A,Light-Flare,0.8820,moyenne,172,140,230,222,,,,,svm
459,15.315,Torchere B,Light-Flare,0.5343,moyenne,333,278,417,353,,,,,svm
459,15.315,Torchere C,Light-Flare,0.8183,moyenne,541,271,624,342,,,,,svm
460,15.349,Torchere A,Light-Flare,0.8810,moyenne,172,138,229,222,,,,,svm
460,15.349,Torchere B,Light-Flare,0.8536,moyenne,345,283,415,352,,,,,svm
460,15.349,Torchere C,Light-Flare,0.8714,bonne,544,271,624,340,,,,,svm
461,15.382,Torchere A,Light-Flare,0.8802,moyenne,169,136,230,223,,,,,svm
461,15.382,Torchere B,Light-Flare,0.7451,moyenne,343,281,416,352,,,,,svm
461,15.382,Torchere B,Medium-Flare,0.2902,moyenne,343,281,415,352,,,,,svm
461,15.382,Torchere C,Light-Flare,0.8662,bonne,545,272,625,341,,,,,svm
462,15.415,Torchere A,Light-Flare,0.8860,moyenne,165,134,230,222,,,,,svm
462,15.415,Torchere B,Medium-Flare,0.5989,moyenne,341,280,416,352,,,,,svm
462,15.415,Torchere B,Light-Flare,0.4838,moyenne,341,281,415,352,,,,,svm
462,15.415,Torchere C,Light-Flare,0.8561,bonne,544,270,625,340,,,,,svm
463,15.449,Torchere A,Light-Flare,0.8443,moyenne,162,133,230,222,,,,,svm
463,15.449,Torchere B,Medium-Flare,0.7702,bonne,341,279,415,352,,,,,svm
463,15.449,Torchere C,Light-Flare,0.8399,bonne,540,268,626,341,,,,,svm
464,15.482,Torchere A,Light-Flare,0.8533,moyenne,161,131,230,223,,,,,svm
464,15.482,Torchere B,Medium-Flare,0.7270,moyenne,337,277,416,353,,,,,svm
464,15.482,Torchere C,Light-Flare,0.8384,moyenne,537,268,625,341,,,,,svm
465,15.515,Torchere A,Light-Flare,0.5046,moyenne,160,129,229,223,,,,,svm
465,15.515,Torchere B,Light-Flare,0.5872,bonne,334,277,417,352,,,,,svm
465,15.515,Torchere B,Medium-Flare,0.3473,bonne,334,277,417,352,,,,,svm
465,15.515,Torchere C,Light-Flare,0.7940,bonne,537,267,625,340,,,,,svm
