frame_idx,timestamp_sec,torchere,class_name,confidence,qualite,x1,y1,x2,y2,dark_ratio,flame_ratio,smoke_ratio,mean_intensity,classif_source
1,0.033,Torchere A,Medium-Flare,0.6931,inactive,294,370,389,634,0.0,0.1,0.306,0.795,hsv
1,0.033,Torchere A,Dark-Flare,0.4327,inactive,292,371,391,635,0.0,0.096,0.301,0.794,hsv
1,0.033,Torchere A,Dark-Smoke,0.7217,inactive,218,0,720,644,0.0,0.008,0.238,0.772,hsv
2,0.067,Torchere A,Medium-Flare,0.5714,inactive,295,369,391,627,0.0,0.104,0.314,0.789,hsv
2,0.067,Torchere A,Dark-Flare,0.5510,inactive,293,369,392,628,0.0,0.1,0.309,0.789,hsv
2,0.067,Torchere A,Dark-Smoke,0.6691,inactive,214,0,720,643,0.0,0.008,0.237,0.771,hsv
3,0.100,Torchere A,Dark-Flare,0.7695,inactive,303,364,402,625,0.0,0.091,0.307,0.786,hsv
3,0.100,Torchere A,Medium-Flare,0.7477,inactive,307,363,400,623,0.0,0.098,0.32,0.786,hsv
3,0.100,Torchere A,Dark-Smoke,0.6908,inactive,185,0,720,647,0.0,0.007,0.254,0.77,hsv
4,0.133,Torchere A,Medium-Flare,0.7342,inactive,315,430,401,620,0.0,0.142,0.197,0.827,hsv
4,0.133,Torchere A,Dark-Smoke,0.8264,inactive,211,0,720,640,0.0,0.007,0.262,0.767,hsv
5,0.167,Torchere A,Medium-Flare,0.7129,moyenne,309,358,401,616,0.0,0.1,0.312,0.788,hsv
5,0.167,Torchere A,Light-Flare,0.4856,moyenne,304,353,410,619,0.0,0.084,0.321,0.78,hsv
5,0.167,Torchere A,Dark-Smoke,0.8355,moyenne,269,1,720,629,0.0,0.008,0.259,0.762,hsv
6,0.200,Torchere A,Medium-Flare,0.6416,moyenne,298,354,388,618,0.0,0.104,0.301,0.788,hsv
6,0.200,Torchere A,Light-Flare,0.3148,moyenne,297,353,396,620,0.0,0.093,0.323,0.78,hsv
6,0.200,Torchere A,Dark-Smoke,0.8111,moyenne,209,0,720,637,0.0,0.008,0.249,0.767,hsv
7,0.233,Torchere A,Medium-Flare,0.4934,moyenne,306,368,395,622,0.0,0.099,0.309,0.788,hsv
7,0.233,Torchere A,Dark-Flare,0.3972,moyenne,308,368,394,621,0.0,0.103,0.313,0.789,hsv
7,0.233,Torchere A,Dark-Smoke,0.7523,moyenne,201,0,718,641,0.0,0.007,0.254,0.767,hsv
8,0.267,Torchere A,Medium-Flare,0.8593,moyenne,298,418,383,620,0.0,0.133,0.197,0.825,hsv
8,0.267,Torchere A,Dark-Smoke,0.8587,moyenne,250,0,711,635,0.0,0.008,0.254,0.763,hsv
9,0.300,Torchere A,Medium-Flare,0.8944,moyenne,290,405,372,610,0.0,0.137,0.219,0.822,hsv
9,0.300,Torchere A,Dark-Smoke,0.8415,moyenne,200,0,685,625,0.0,0.008,0.259,0.764,hsv
10,0.333,Torchere A,Medium-Flare,0.8903,moyenne,291,394,376,605,0.0,0.125,0.233,0.815,hsv
10,0.333,Torchere A,Dark-Smoke,0.7798,moyenne,208,1,711,618,0.0,0.007,0.241,0.768,hsv
11,0.367,Torchere A,Medium-Flare,0.9009,moyenne,291,390,376,604,0.0,0.127,0.219,0.818,hsv
11,0.367,Torchere A,Dark-Smoke,0.7772,moyenne,208,1,678,611,0.0,0.008,0.257,0.764,hsv
12,0.400,Torchere A,Medium-Flare,0.8657,moyenne,306,393,391,607,0.0,0.128,0.246,0.813,hsv
12,0.400,Torchere A,Dark-Smoke,0.7450,moyenne,218,0,713,615,0.0,0.008,0.242,0.767,hsv
13,0.433,Torchere A,Dark-Flare,0.8001,mauvaise,305,391,394,619,0.0,0.122,0.265,0.807,hsv
13,0.433,Torchere A,Dark-Smoke,0.7626,mauvaise,228,2,702,633,0.0,0.008,0.251,0.765,hsv
14,0.467,Torchere A,Medium-Flare,0.8725,moyenne,296,389,380,615,0.0,0.13,0.235,0.814,hsv
14,0.467,Torchere A,Dark-Flare,0.2825,moyenne,297,387,379,616,0.0,0.132,0.236,0.814,hsv
14,0.467,Torchere A,Dark-Smoke,0.8116,moyenne,217,0,720,629,0.0,0.008,0.237,0.768,hsv
15,0.500,Torchere A,Medium-Flare,0.8321,moyenne,300,388,381,611,0.0,0.138,0.219,0.82,hsv
15,0.500,Torchere A,Dark-Flare,0.4487,moyenne,301,388,381,611,0.0,0.14,0.222,0.82,hsv
15,0.500,Torchere A,Dark-Smoke,0.8233,moyenne,210,0,720,623,0.0,0.008,0.236,0.769,hsv
16,0.533,Torchere A,Medium-Flare,0.8320,moyenne,301,371,389,608,0.0,0.124,0.25,0.808,hsv
16,0.533,Torchere A,Dark-Flare,0.7676,moyenne,304,373,388,608,0.0,0.131,0.251,0.81,hsv
16,0.533,Torchere A,Dark-Smoke,0.8179,moyenne,210,0,717,617,0.0,0.008,0.239,0.769,hsv
17,0.567,Torchere A,Dark-Flare,0.8426,moyenne,306,368,392,608,0.0,0.135,0.271,0.805,hsv
17,0.567,Torchere A,Medium-Flare,0.5407,moyenne,302,367,393,608,0.0,0.127,0.265,0.804,hsv
17,0.567,Torchere A,Dark-Smoke,0.6399,moyenne,216,0,715,615,0.0,0.009,0.242,0.767,hsv
18,0.600,Torchere A,Dark-Flare,0.7401,moyenne,292,362,375,605,0.0,0.127,0.244,0.811,hsv
18,0.600,Torchere A,Medium-Flare,0.5361,moyenne,289,362,377,605,0.0,0.12,0.245,0.808,hsv
18,0.600,Torchere A,Dark-Smoke,0.7823,moyenne,205,1,719,611,0.0,0.008,0.238,0.769,hsv
19,0.633,Torchere A,Medium-Flare,0.8262,moyenne,275,359,366,607,0.0,0.115,0.27,0.802,hsv
19,0.633,Torchere A,Dark-Flare,0.3610,moyenne,274,359,367,606,0.0,0.113,0.271,0.801,hsv
19,0.633,Torchere A,Dark-Smoke,0.6929,moyenne,203,0,720,617,0.0,0.008,0.222,0.771,hsv
20,0.667,Torchere A,Dark-Flare,0.5856,moyenne,265,356,355,609,0.0,0.11,0.265,0.801,hsv
20,0.667,Torchere A,Medium-Flare,0.5237,moyenne,264,356,355,610,0.0,0.109,0.261,0.801,hsv
20,0.667,Torchere A,Dark-Smoke,0.6061,moyenne,186,0,718,624,0.0,0.008,0.215,0.775,hsv
21,0.700,Torchere A,Medium-Flare,0.8135,moyenne,268,339,357,596,0.0,0.109,0.28,0.797,hsv
21,0.700,Torchere A,Dark-Smoke,0.7101,moyenne,158,0,720,611,0.0,0.007,0.214,0.776,hsv
22,0.733,Torchere A,Medium-Flare,0.8434,moyenne,272,330,368,593,0.0,0.092,0.304,0.788,hsv
22,0.733,Torchere A,Dark-Smoke,0.5782,moyenne,177,0,710,603,0.0,0.007,0.219,0.774,hsv
23,0.767,ambient,Medium-Smoke,0.4538,ambient_smoke,0,1035,488,1279,0.0,0.057,0.304,0.475,hsv
23,0.767,Torchere A,Dark-Flare,0.7939,mauvaise,280,321,386,587,0.0,0.094,0.325,0.781,hsv
23,0.767,Torchere A,Dark-Smoke,0.6260,mauvaise,119,0,712,597,0.0,0.007,0.222,0.776,hsv
24,0.800,Torchere A,Dark-Flare,0.7736,mauvaise,283,313,383,586,0.0,0.097,0.305,0.785,hsv
24,0.800,Torchere A,Dark-Smoke,0.7573,mauvaise,125,0,718,598,0.0,0.007,0.22,0.776,hsv
25,0.833,Torchere A,Dark-Flare,0.8346,mauvaise,298,309,396,588,0.0,0.092,0.335,0.779,hsv
25,0.833,Torchere A,Dark-Smoke,0.7923,mauvaise,48,0,720,601,0.0,0.006,0.229,0.776,hsv
26,0.867,Torchere A,Dark-Flare,0.8253,mauvaise,298,309,397,591,0.0,0.087,0.336,0.778,hsv
26,0.867,Torchere A,Dark-Smoke,0.8259,mauvaise,95,0,720,602,0.0,0.006,0.226,0.775,hsv
27,0.900,ambient,Medium-Smoke,0.5058,ambient_smoke,1,1015,501,1279,0.0,0.047,0.334,0.473,hsv
27,0.900,Torchere A,Medium-Flare,0.5947,moyenne,282,327,382,592,0.0,0.088,0.308,0.785,hsv
27,0.900,Torchere A,Dark-Flare,0.3210,moyenne,282,328,381,591,0.0,0.09,0.304,0.786,hsv
27,0.900,Torchere A,Dark-Smoke,0.8130,moyenne,188,0,717,600,0.0,0.007,0.222,0.772,hsv
28,0.933,Torchere A,Dark-Flare,0.5308,moyenne,275,320,368,583,0.0,0.096,0.296,0.789,hsv
28,0.933,Torchere A,Medium-Flare,0.4446,moyenne,276,320,368,584,0.0,0.097,0.298,0.789,hsv
28,0.933,Torchere A,Dark-Smoke,0.7317,moyenne,153,0,720,593,0.0,0.007,0.216,0.775,hsv
29,0.967,Torchere A,Dark-Flare,0.8319,moyenne,269,306,362,578,0.0,0.095,0.305,0.785,hsv
29,0.967,Torchere A,Medium-Flare,0.4159,moyenne,267,306,365,578,0.0,0.09,0.31,0.783,hsv
29,0.967,Torchere A,Dark-Smoke,0.6921,moyenne,148,0,717,589,0.0,0.007,0.216,0.775,hsv
30,1.000,ambient,Medium-Smoke,0.4365,ambient_smoke,2,1043,506,1280,0.0,0.072,0.225,0.479,hsv
30,1.000,Torchere A,Dark-Flare,0.7898,moyenne,265,302,360,577,0.0,0.097,0.329,0.78,hsv
30,1.000,Torchere A,Medium-Flare,0.4271,moyenne,264,302,360,577,0.0,0.096,0.326,0.78,hsv
30,1.000,Torchere A,Dark-Smoke,0.4625,moyenne,36,0,709,593,0.0,0.006,0.231,0.778,hsv
31,1.033,ambient,Medium-Smoke,0.5583,ambient_smoke,3,1049,473,1280,0.0,0.053,0.237,0.48,hsv
31,1.033,Torchere A,Medium-Flare,0.7160,moyenne,263,298,360,586,0.0,0.093,0.34,0.775,hsv
31,1.033,Torchere A,Dark-Flare,0.5142,moyenne,261,299,359,584,0.0,0.093,0.33,0.777,hsv
31,1.033,Torchere A,Dark-Smoke,0.5388,moyenne,61,0,710,599,0.0,0.007,0.225,0.778,hsv
32,1.067,Torchere A,Medium-Flare,0.7850,moyenne,265,296,359,585,0.0,0.096,0.326,0.778,hsv
32,1.067,Torchere A,Dark-Flare,0.4175,moyenne,265,297,362,584,0.0,0.094,0.336,0.776,hsv
32,1.067,Torchere A,Dark-Smoke,0.5823,moyenne,49,0,711,600,0.0,0.007,0.227,0.778,hsv
33,1.100,Torchere A,Dark-Flare,0.8415,mauvaise,271,287,374,573,0.0,0.085,0.369,0.768,hsv
33,1.100,Torchere A,Dark-Smoke,0.6923,mauvaise,117,0,717,583,0.0,0.007,0.223,0.777,hsv
34,1.133,Torchere A,Medium-Flare,0.8362,moyenne,276,245,382,571,0.0,0.089,0.375,0.769,hsv
34,1.133,Torchere A,Dark-Smoke,0.7958,moyenne,228,0,716,581,0.0,0.011,0.22,0.774,hsv
35,1.167,Torchere A,Medium-Flare,0.8586,moyenne,280,243,387,575,0.0,0.09,0.379,0.767,hsv
35,1.167,Torchere A,Dark-Smoke,0.8259,moyenne,205,0,718,575,0.0,0.011,0.221,0.774,hsv
36,1.200,Torchere A,Medium-Flare,0.8692,moyenne,281,249,385,574,0.0,0.09,0.377,0.768,hsv
36,1.200,Torchere A,Dark-Smoke,0.8397,moyenne,245,0,720,580,0.0,0.011,0.23,0.771,hsv
37,1.233,Torchere A,Medium-Flare,0.8195,moyenne,279,248,375,581,0.0,0.096,0.374,0.77,hsv
37,1.233,Torchere A,Dark-Smoke,0.8503,moyenne,204,0,720,585,0.0,0.01,0.224,0.773,hsv
38,1.267,Torchere A,Medium-Flare,0.8450,moyenne,276,251,373,581,0.0,0.092,0.378,0.766,hsv
38,1.267,Torchere A,Dark-Smoke,0.8690,moyenne,225,0,718,589,0.0,0.01,0.226,0.771,hsv
39,1.300,Torchere A,Medium-Flare,0.8192,moyenne,274,258,367,583,0.0,0.097,0.357,0.773,hsv
39,1.300,Torchere A,Dark-Smoke,0.8503,moyenne,199,0,720,587,0.0,0.01,0.224,0.773,hsv
40,1.333,Torchere A,Medium-Flare,0.8655,moyenne,271,263,371,585,0.0,0.098,0.364,0.764,hsv
40,1.333,Torchere A,Dark-Smoke,0.8589,moyenne,220,0,719,586,0.0,0.011,0.228,0.771,hsv
41,1.367,Torchere A,Medium-Flare,0.8724,moyenne,269,260,380,585,0.0,0.086,0.393,0.756,hsv
41,1.367,Torchere A,Dark-Smoke,0.8139,moyenne,101,0,719,587,0.0,0.009,0.221,0.775,hsv
42,1.400,Torchere A,Medium-Flare,0.8467,moyenne,277,252,389,585,0.0,0.084,0.416,0.752,hsv
42,1.400,Torchere A,Dark-Smoke,0.8369,moyenne,148,0,720,589,0.0,0.009,0.223,0.774,hsv
43,1.433,Torchere A,Medium-Flare,0.8232,moyenne,287,265,385,582,0.0,0.104,0.384,0.761,hsv
43,1.433,Torchere A,Dark-Smoke,0.8467,moyenne,177,0,720,590,0.0,0.01,0.223,0.772,hsv
44,1.467,Torchere A,Medium-Flare,0.8279,moyenne,286,323,383,582,0.0,0.135,0.301,0.785,hsv
44,1.467,Torchere A,Dark-Smoke,0.8217,moyenne,209,0,720,588,0.0,0.011,0.227,0.771,hsv
45,1.500,Torchere A,Medium-Flare,0.8866,moyenne,280,321,381,584,0.0,0.118,0.313,0.78,hsv
45,1.500,Torchere A,Dark-Smoke,0.8136,moyenne,108,0,720,594,0.0,0.009,0.218,0.775,hsv
46,1.533,Torchere A,Medium-Flare,0.9036,moyenne,278,293,383,583,0.0,0.12,0.307,0.782,hsv
46,1.533,Torchere A,Dark-Smoke,0.5613,moyenne,117,0,720,598,0.0,0.01,0.211,0.775,hsv
47,1.567,Torchere A,Medium-Flare,0.8349,moyenne,268,263,386,579,0.0,0.118,0.307,0.781,hsv
47,1.567,Torchere A,Dark-Smoke,0.9096,moyenne,248,1,719,591,0.0,0.016,0.247,0.768,hsv
48,1.600,Torchere A,Medium-Flare,0.8471,moyenne,264,265,379,583,0.0,0.12,0.318,0.78,hsv
48,1.600,Torchere A,Dark-Smoke,0.9025,moyenne,241,1,720,595,0.0,0.015,0.242,0.769,hsv
49,1.633,Torchere A,Medium-Flare,0.8231,moyenne,256,221,371,576,0.0,0.123,0.33,0.778,hsv
49,1.633,Torchere A,Dark-Smoke,0.8588,moyenne,243,0,720,593,0.0,0.018,0.248,0.77,hsv
50,1.667,Torchere A,Medium-Flare,0.8448,moyenne,251,209,369,580,0.0,0.116,0.35,0.772,hsv
50,1.667,Torchere A,Dark-Flare,0.3183,moyenne,248,212,376,578,0.0,0.109,0.356,0.769,hsv
50,1.667,Torchere A,Dark-Smoke,0.8473,moyenne,201,0,720,595,0.0,0.016,0.232,0.773,hsv
51,1.700,Torchere A,Medium-Flare,0.8639,moyenne,247,202,373,579,0.0,0.118,0.336,0.777,hsv
51,1.700,Torchere A,Dark-Smoke,0.7904,moyenne,203,0,720,592,0.0,0.018,0.237,0.775,hsv
52,1.733,Torchere A,Medium-Flare,0.8660,moyenne,252,186,381,582,0.0,0.108,0.355,0.771,hsv
52,1.733,Torchere A,Dark-Smoke,0.8325,moyenne,232,0,720,598,0.0,0.019,0.251,0.773,hsv
53,1.767,Torchere A,Medium-Flare,0.8802,moyenne,257,258,383,584,0.0,0.151,0.246,0.808,hsv
53,1.767,Torchere A,Dark-Smoke,0.6251,moyenne,235,0,720,599,0.0,0.021,0.255,0.774,hsv
54,1.800,Torchere A,Medium-Flare,0.8663,moyenne,258,198,413,576,0.0,0.129,0.259,0.802,hsv
54,1.800,Torchere A,Dark-Smoke,0.8504,moyenne,238,0,720,585,0.0,0.027,0.281,0.777,hsv
55,1.833,Torchere A,Medium-Flare,0.8662,moyenne,259,199,414,577,0.0,0.156,0.26,0.796,hsv
55,1.833,Torchere A,Dark-Smoke,0.8829,moyenne,246,1,720,583,0.0,0.033,0.309,0.762,hsv
56,1.867,Torchere A,Medium-Flare,0.8459,moyenne,256,162,420,570,0.0,0.17,0.272,0.791,hsv
56,1.867,Torchere A,Dark-Smoke,0.8940,moyenne,247,0,719,584,0.0,0.041,0.306,0.763,hsv
57,1.900,Torchere A,Medium-Flare,0.8821,moyenne,263,131,432,561,0.0,0.189,0.374,0.782,hsv
57,1.900,Torchere A,Dark-Smoke,0.9212,moyenne,247,0,720,574,0.0,0.051,0.39,0.752,hsv
58,1.933,Torchere A,Medium-Flare,0.8875,moyenne,262,124,432,559,0.0,0.191,0.376,0.784,hsv
58,1.933,Torchere A,Dark-Smoke,0.9169,moyenne,247,0,720,567,0.0,0.053,0.391,0.753,hsv
59,1.967,Torchere A,Medium-Flare,0.8663,moyenne,254,129,424,559,0.0,0.196,0.374,0.785,hsv
59,1.967,Torchere A,Dark-Smoke,0.9244,moyenne,240,0,719,574,0.0,0.052,0.384,0.754,hsv
60,2.000,Torchere A,Medium-Flare,0.8779,moyenne,249,96,433,562,0.0,0.179,0.384,0.779,hsv
60,2.000,Torchere A,Dark-Smoke,0.9164,moyenne,239,0,720,571,0.0,0.056,0.371,0.759,hsv
61,2.033,Torchere A,Medium-Flare,0.8569,moyenne,255,68,436,551,0.0,0.211,0.358,0.787,hsv
61,2.033,Torchere A,Dark-Smoke,0.8819,moyenne,241,0,720,563,0.0,0.068,0.363,0.762,hsv
62,2.067,Torchere A,Medium-Flare,0.8520,moyenne,251,48,438,551,0.0,0.192,0.321,0.793,hsv
62,2.067,Torchere A,Dark-Smoke,0.6972,moyenne,245,5,720,563,0.0,0.068,0.324,0.769,hsv
63,2.100,Torchere A,Medium-Flare,0.8346,moyenne,252,42,441,554,0.0,0.193,0.508,0.776,hsv
63,2.100,Torchere A,Dark-Smoke,0.6774,moyenne,243,5,720,574,0.0,0.069,0.503,0.756,hsv
64,2.133,Torchere A,Medium-Flare,0.7942,moyenne,256,37,443,577,0.0,0.223,0.554,0.781,hsv
64,2.133,Torchere A,Dark-Smoke,0.6405,moyenne,248,2,720,584,0.0,0.082,0.683,0.752,hsv
65,2.167,Torchere A,Medium-Flare,0.7480,moyenne,255,45,443,584,0.0,0.273,0.529,0.774,hsv
65,2.167,Torchere A,Dark-Smoke,0.6973,moyenne,246,0,720,601,0.0,0.097,0.829,0.734,hsv
66,2.200,Torchere A,Medium-Flare,0.8117,moyenne,242,79,455,605,0.0,0.26,0.574,0.749,hsv
66,2.200,Torchere A,Dark-Smoke,0.6181,moyenne,237,6,699,616,0.0,0.104,0.826,0.718,hsv
67,2.233,Torchere A,Medium-Flare,0.7962,moyenne,227,83,447,625,0.0,0.271,0.572,0.745,hsv
67,2.233,Torchere A,Dark-Smoke,0.7189,moyenne,218,2,720,655,0.0,0.099,0.839,0.717,hsv
68,2.267,Torchere A,Medium-Flare,0.8231,moyenne,207,98,417,615,0.0,0.307,0.539,0.748,hsv
68,2.267,Torchere A,Dark-Smoke,0.8148,moyenne,197,0,720,665,0.0,0.098,0.849,0.713,hsv
69,2.300,Torchere A,Medium-Flare,0.7907,moyenne,200,98,418,636,0.0,0.304,0.547,0.74,hsv
69,2.300,Torchere A,Dark-Smoke,0.7567,moyenne,185,0,720,702,0.0,0.097,0.852,0.712,hsv
70,2.333,Torchere A,Medium-Flare,0.6881,moyenne,196,119,419,658,0.0,0.324,0.527,0.743,hsv
70,2.333,Torchere A,Dark-Smoke,0.8146,moyenne,180,0,720,734,0.0,0.102,0.845,0.708,hsv
71,2.367,Torchere A,Medium-Flare,0.7395,moyenne,182,120,426,580,0.0,0.305,0.527,0.725,hsv
71,2.367,Torchere A,Dark-Smoke,0.7927,moyenne,174,0,720,769,0.0,0.1,0.843,0.708,hsv
72,2.400,Torchere A,Medium-Flare,0.7855,moyenne,201,147,423,669,0.0,0.334,0.497,0.735,hsv
72,2.400,Torchere A,Dark-Smoke,0.8959,moyenne,187,0,720,792,0.0,0.101,0.828,0.689,hsv
73,2.433,Torchere A,Medium-Flare,0.6410,moyenne,207,177,420,732,0.0,0.37,0.454,0.747,hsv
73,2.433,Torchere A,Dark-Smoke,0.9236,moyenne,191,0,720,817,0.0,0.106,0.806,0.672,hsv
74,2.467,Torchere A,Medium-Flare,0.6958,moyenne,201,234,408,827,0.0,0.38,0.463,0.764,hsv
74,2.467,Torchere A,Dark-Smoke,0.9245,moyenne,185,0,720,842,0.0,0.104,0.794,0.666,hsv
75,2.500,Torchere A,Medium-Flare,0.4944,moyenne,199,281,411,838,0.0,0.395,0.442,0.756,hsv
75,2.500,Torchere A,Dark-Smoke,0.9269,moyenne,185,0,720,845,0.0,0.109,0.83,0.646,hsv
76,2.533,Torchere A,Medium-Flare,0.4432,moyenne,211,190,430,736,0.0,0.407,0.401,0.738,hsv
76,2.533,Torchere A,Dark-Smoke,0.8531,moyenne,189,0,720,861,0.0,0.117,0.795,0.64,hsv
77,2.567,Torchere A,Medium-Flare,0.4266,moyenne,202,209,430,776,0.0,0.429,0.385,0.754,hsv
77,2.567,Torchere A,Dark-Smoke,0.7934,moyenne,191,0,720,886,0.0,0.126,0.795,0.644,hsv
78,2.600,Torchere A,Medium-Flare,0.5496,moyenne,199,205,429,683,0.0,0.452,0.338,0.759,hsv
78,2.600,Torchere A,Dark-Smoke,0.7537,moyenne,183,0,719,876,0.0,0.128,0.798,0.647,hsv
79,2.633,Torchere A,Medium-Flare,0.6532,moyenne,209,170,447,660,0.0,0.455,0.336,0.751,hsv
79,2.633,Torchere A,Dark-Smoke,0.7454,moyenne,196,0,718,868,0.0,0.144,0.794,0.651,hsv
80,2.667,Torchere A,Medium-Flare,0.5494,moyenne,227,157,485,687,0.0,0.426,0.404,0.731,hsv
80,2.667,Torchere A,Medium-Flare,0.3376,moyenne,232,367,448,863,0.0,0.45,0.43,0.769,hsv
80,2.667,Torchere A,Dark-Smoke,0.7817,moyenne,225,0,720,860,0.0,0.159,0.779,0.641,hsv
81,2.700,Torchere A,Medium-Flare,0.8463,moyenne,245,120,500,656,0.0,0.454,0.357,0.741,hsv
81,2.700,Torchere A,Medium-Flare,0.6687,moyenne,249,385,474,844,0.0,0.441,0.446,0.763,hsv
81,2.700,Torchere A,Dark-Smoke,0.7502,moyenne,237,0,720,849,0.0,0.179,0.753,0.643,hsv
82,2.733,Torchere A,Medium-Flare,0.7140,moyenne,247,120,511,697,0.0,0.451,0.373,0.729,hsv
82,2.733,Torchere A,Medium-Flare,0.5101,moyenne,245,375,475,832,0.0,0.431,0.463,0.749,hsv
82,2.733,Torchere A,Dark-Smoke,0.7567,moyenne,237,0,720,833,0.0,0.186,0.742,0.633,hsv
83,2.767,Torchere A,Medium-Flare,0.4145,moyenne,258,314,492,834,0.0,0.446,0.427,0.753,hsv
83,2.767,Torchere A,Medium-Flare,0.3358,moyenne,249,76,534,602,0.0,0.435,0.379,0.717,hsv
83,2.767,Torchere A,Dark-Smoke,0.7730,moyenne,244,4,720,832,0.0,0.203,0.719,0.641,hsv
84,2.800,Torchere A,Dark-Flare,0.3969,mauvaise,255,41,720,836,0.0,0.223,0.696,0.645,hsv
84,2.800,Torchere A,Dark-Smoke,0.6646,mauvaise,248,6,720,830,0.0,0.212,0.71,0.637,hsv
85,2.833,Torchere A,Dark-Flare,0.7763,moyenne,257,9,720,815,0.0,0.225,0.69,0.625,hsv
85,2.833,Torchere A,Medium-Flare,0.3764,moyenne,266,247,507,808,0.0,0.47,0.404,0.743,hsv
85,2.833,Torchere A,Dark-Smoke,0.5792,moyenne,254,5,720,813,0.0,0.223,0.692,0.624,hsv
86,2.867,Torchere A,Dark-Flare,0.7732,moyenne,260,11,720,811,0.0,0.231,0.687,0.625,hsv
86,2.867,Torchere A,Medium-Flare,0.3929,moyenne,275,300,507,810,0.0,0.463,0.426,0.739,hsv
86,2.867,Torchere A,Dark-Smoke,0.6546,moyenne,264,16,720,807,0.0,0.235,0.681,0.626,hsv
87,2.900,Torchere A,Dark-Flare,0.7545,moyenne,267,19,720,816,0.0,0.238,0.67,0.618,hsv
87,2.900,Torchere A,Medium-Flare,0.4477,moyenne,284,260,528,814,0.0,0.468,0.42,0.73,hsv
87,2.900,Torchere A,Dark-Smoke,0.5085,moyenne,267,16,720,813,0.0,0.238,0.67,0.617,hsv
88,2.933,Torchere A,Dark-Flare,0.7047,mauvaise,260,8,720,805,0.0,0.238,0.674,0.602,hsv
88,2.933,Torchere A,Dark-Smoke,0.6789,mauvaise,268,16,720,803,0.0,0.245,0.664,0.605,hsv
89,2.967,Torchere A,Dark-Flare,0.8957,mauvaise,257,12,720,799,0.0,0.241,0.672,0.605,hsv
89,2.967,Torchere A,Dark-Smoke,0.5363,mauvaise,263,17,720,798,0.0,0.246,0.666,0.607,hsv
90,3.000,Torchere A,Dark-Flare,0.8567,moyenne,262,10,709,793,0.0,0.25,0.66,0.608,hsv
90,3.000,Torchere A,Medium-Flare,0.5233,moyenne,281,188,529,778,0.0,0.497,0.383,0.725,hsv
90,3.000,Torchere A,Dark-Smoke,0.5534,moyenne,268,10,718,793,0.0,0.249,0.663,0.607,hsv
91,3.033,Torchere A,Dark-Flare,0.8177,moyenne,272,3,720,792,0.0,0.245,0.666,0.607,hsv
91,3.033,Torchere A,Medium-Flare,0.6294,moyenne,293,188,539,778,0.0,0.489,0.389,0.725,hsv
91,3.033,Torchere A,Dark-Smoke,0.4971,moyenne,278,2,720,791,0.0,0.248,0.661,0.608,hsv
92,3.067,Torchere A,Dark-Flare,0.8208,moyenne,282,0,720,791,0.0,0.251,0.656,0.607,hsv
92,3.067,Torchere A,Medium-Flare,0.4913,moyenne,300,198,539,777,0.0,0.501,0.381,0.73,hsv
92,3.067,Torchere A,Medium-Flare,0.3594,moyenne,272,0,556,557,0.0,0.459,0.363,0.693,hsv
92,3.067,Torchere A,Dark-Smoke,0.6016,moyenne,289,1,720,788,0.0,0.257,0.649,0.608,hsv
93,3.100,Torchere A,Dark-Flare,0.7912,moyenne,276,2,720,796,0.0,0.248,0.66,0.606,hsv
93,3.100,Torchere A,Medium-Flare,0.6080,moyenne,296,195,539,786,0.0,0.503,0.379,0.731,hsv
93,3.100,Torchere A,Dark-Smoke,0.5024,moyenne,282,2,720,795,0.0,0.252,0.655,0.607,hsv
94,3.133,Torchere A,Dark-Flare,0.6421,moyenne,283,1,720,796,0.0,0.254,0.654,0.596,hsv
94,3.133,Torchere A,Medium-Flare,0.4031,moyenne,299,216,548,776,0.0,0.498,0.388,0.72,hsv
94,3.133,Torchere A,Dark-Smoke,0.6681,moyenne,291,2,720,796,0.0,0.259,0.647,0.597,hsv
95,3.167,Torchere A,Dark-Flare,0.6793,moyenne,292,0,720,801,0.0,0.257,0.648,0.597,hsv
95,3.167,Torchere A,Medium-Flare,0.3757,moyenne,307,213,553,802,0.0,0.481,0.399,0.717,hsv
95,3.167,Torchere A,Dark-Smoke,0.6164,moyenne,297,2,720,799,0.0,0.262,0.642,0.598,hsv
96,3.200,Torchere A,Dark-Flare,0.8969,mauvaise,289,0,720,804,0.0,0.256,0.645,0.586,hsv
96,3.200,Torchere A,Dark-Smoke,0.5679,mauvaise,295,1,720,801,0.0,0.26,0.638,0.587,hsv
97,3.233,Torchere A,Dark-Flare,0.8056,moyenne,274,0,720,810,0.0,0.248,0.659,0.582,hsv
97,3.233,Torchere A,Medium-Flare,0.5845,moyenne,293,218,536,809,0.0,0.492,0.389,0.712,hsv
97,3.233,Torchere A,Dark-Smoke,0.5431,moyenne,488,6,716,549,0.0,0.058,0.812,0.428,hsv
98,3.267,Torchere A,Dark-Flare,0.8327,moyenne,266,1,720,826,0.0,0.238,0.668,0.558,hsv
98,3.267,Torchere A,Medium-Flare,0.4489,moyenne,287,230,536,813,0.0,0.485,0.388,0.691,hsv
98,3.267,Torchere A,Dark-Smoke,0.4866,moyenne,483,10,717,577,0.0,0.046,0.827,0.408,hsv
99,3.300,Torchere A,Dark-Flare,0.5620,mauvaise,266,3,720,839,0.0,0.236,0.661,0.55,hsv
99,3.300,Torchere A,Dark-Smoke,0.5564,mauvaise,272,2,720,842,0.0,0.238,0.658,0.55,hsv
100,3.333,Torchere A,Dark-Flare,0.6617,mauvaise,263,3,720,840,0.0,0.235,0.617,0.539,hsv
100,3.333,Torchere A,Dark-Smoke,0.6989,mauvaise,268,6,720,842,0.0,0.238,0.614,0.54,hsv
101,3.367,Torchere A,Dark-Flare,0.6295,mauvaise,274,6,720,853,0.0,0.234,0.621,0.541,hsv
101,3.367,Torchere A,Dark-Smoke,0.5387,mauvaise,280,4,720,855,0.0,0.236,0.616,0.541,hsv
102,3.400,Torchere A,Dark-Flare,0.6290,mauvaise,258,4,720,859,0.0,0.224,0.654,0.534,hsv
102,3.400,Torchere A,Dark-Smoke,0.5519,mauvaise,261,6,720,861,0.0,0.225,0.654,0.535,hsv
103,3.433,Torchere A,Dark-Flare,0.4958,mauvaise,241,2,720,864,0.0,0.21,0.669,0.53,hsv
103,3.433,Torchere A,Dark-Smoke,0.5402,mauvaise,242,2,720,865,0.0,0.21,0.669,0.53,hsv
104,3.467,Torchere A,Dark-Flare,0.4038,mauvaise,238,1,720,866,0.0,0.201,0.669,0.523,hsv
104,3.467,Torchere A,Dark-Smoke,0.4601,mauvaise,239,2,720,866,0.0,0.202,0.669,0.523,hsv
107,3.567,Torchere A,Dark-Smoke,0.6776,mauvaise,212,0,720,870,0.0,0.18,0.669,0.508,hsv
108,3.600,Torchere A,Dark-Smoke,0.4377,mauvaise,225,0,720,894,0.0,0.175,0.668,0.503,hsv
109,3.633,Torchere A,Medium-Flare,0.4287,moyenne,243,93,493,674,0.0,0.438,0.299,0.608,hsv
109,3.633,Torchere A,Dark-Smoke,0.4461,moyenne,230,1,720,899,0.0,0.176,0.676,0.502,hsv
110,3.667,Torchere A,Medium-Flare,0.4652,moyenne,231,92,498,659,0.0,0.408,0.328,0.595,hsv
110,3.667,Torchere A,Dark-Smoke,0.6581,moyenne,212,5,720,907,0.0,0.171,0.703,0.508,hsv
111,3.700,Torchere A,Medium-Flare,0.6472,moyenne,228,93,485,638,0.0,0.423,0.294,0.611,hsv
111,3.700,Torchere A,Dark-Smoke,0.6700,moyenne,199,1,720,908,0.0,0.165,0.713,0.52,hsv
112,3.733,Torchere A,Medium-Flare,0.3980,moyenne,208,300,472,906,0.0,0.415,0.441,0.66,hsv
112,3.733,Torchere A,Dark-Smoke,0.7638,moyenne,203,0,720,906,0.0,0.173,0.712,0.53,hsv
113,3.767,Torchere A,Dark-Smoke,0.7218,mauvaise,205,2,720,910,0.0,0.176,0.731,0.548,hsv
114,3.800,Torchere A,Dark-Flare,0.4248,mauvaise,230,1,720,898,0.0,0.183,0.71,0.55,hsv
114,3.800,Torchere A,Dark-Smoke,0.7581,mauvaise,231,0,720,897,0.0,0.183,0.71,0.549,hsv
115,3.833,Torchere A,Dark-Flare,0.5504,moyenne,255,2,720,895,0.0,0.195,0.69,0.552,hsv
115,3.833,Torchere A,Medium-Flare,0.3391,moyenne,265,225,529,849,0.0,0.411,0.387,0.659,hsv
115,3.833,Torchere A,Dark-Smoke,0.7178,moyenne,255,1,720,892,0.0,0.195,0.689,0.552,hsv
116,3.867,Torchere A,Dark-Flare,0.5209,mauvaise,263,2,720,880,0.0,0.204,0.677,0.555,hsv
116,3.867,Torchere A,Dark-Smoke,0.6296,mauvaise,275,3,720,877,0.0,0.21,0.667,0.556,hsv
117,3.900,Torchere A,Dark-Flare,0.5439,mauvaise,285,0,720,881,0.0,0.215,0.658,0.557,hsv
117,3.900,Torchere A,Dark-Smoke,0.5729,mauvaise,293,1,720,874,0.0,0.221,0.648,0.558,hsv
118,3.933,Torchere A,Dark-Flare,0.6965,moyenne,262,0,720,869,0.0,0.209,0.666,0.557,hsv
118,3.933,Torchere A,Medium-Flare,0.4908,moyenne,282,449,513,866,0.0,0.419,0.485,0.672,hsv
118,3.933,Torchere A,Dark-Smoke,0.7469,moyenne,269,2,720,867,0.0,0.213,0.66,0.557,hsv
119,3.967,Torchere A,Medium-Flare,0.7033,moyenne,263,198,547,792,0.0,0.392,0.4,0.643,hsv
119,3.967,Torchere A,Dark-Smoke,0.6496,moyenne,257,2,720,869,0.0,0.205,0.672,0.553,hsv
120,4.000,Torchere A,Medium-Flare,0.6675,moyenne,259,199,550,789,0.0,0.387,0.41,0.636,hsv
120,4.000,Torchere A,Dark-Smoke,0.7884,moyenne,252,2,720,864,0.0,0.201,0.672,0.55,hsv
121,4.033,Torchere A,Medium-Flare,0.3869,moyenne,242,242,530,783,0.0,0.413,0.42,0.652,hsv
121,4.033,Torchere A,Dark-Smoke,0.9252,moyenne,233,0,720,861,0.0,0.192,0.688,0.548,hsv
122,4.067,Torchere A,Medium-Flare,0.5097,moyenne,228,391,476,870,0.0,0.39,0.495,0.653,hsv
122,4.067,Torchere A,Dark-Smoke,0.8389,moyenne,222,0,720,870,0.0,0.177,0.701,0.543,hsv
123,4.100,Torchere A,Medium-Flare,0.3698,moyenne,233,177,529,801,0.0,0.344,0.447,0.614,hsv
123,4.100,Torchere A,Dark-Smoke,0.8654,moyenne,228,0,720,869,0.0,0.171,0.704,0.538,hsv
124,4.133,Torchere A,Medium-Flare,0.7149,moyenne,238,346,502,859,0.0,0.369,0.507,0.642,hsv
124,4.133,Torchere A,Dark-Smoke,0.9172,moyenne,226,0,720,861,0.0,0.166,0.702,0.535,hsv
125,4.167,Torchere A,Medium-Flare,0.7131,moyenne,225,308,477,863,0.0,0.392,0.478,0.648,hsv
125,4.167,Torchere A,Dark-Smoke,0.8835,moyenne,212,0,720,863,0.0,0.155,0.713,0.53,hsv
126,4.200,Torchere A,Medium-Flare,0.5791,moyenne,212,294,467,862,0.0,0.378,0.478,0.648,hsv
126,4.200,Torchere A,Dark-Smoke,0.7531,moyenne,197,0,720,860,0.0,0.146,0.728,0.533,hsv
127,4.233,Torchere A,Medium-Flare,0.5501,moyenne,202,138,471,749,0.0,0.369,0.4,0.624,hsv
127,4.233,Torchere A,Dark-Smoke,0.8554,moyenne,197,0,720,859,0.0,0.144,0.724,0.539,hsv
128,4.267,Torchere A,Medium-Flare,0.3738,moyenne,210,314,465,850,0.0,0.371,0.486,0.649,hsv
128,4.267,Torchere A,Dark-Smoke,0.6727,moyenne,198,0,720,858,0.0,0.148,0.728,0.538,hsv
129,4.300,Torchere A,Medium-Flare,0.6212,moyenne,204,311,456,850,0.0,0.377,0.487,0.677,hsv
129,4.300,Torchere A,Dark-Smoke,0.8865,moyenne,195,0,720,862,0.0,0.147,0.75,0.568,hsv
130,4.333,Torchere A,Medium-Flare,0.4822,moyenne,211,175,475,793,0.0,0.373,0.441,0.668,hsv
130,4.333,Torchere A,Dark-Smoke,0.8148,moyenne,196,0,720,860,0.0,0.144,0.76,0.579,hsv
131,4.367,Torchere A,Dark-Smoke,0.7215,mauvaise,205,0,720,854,0.0,0.15,0.752,0.579,hsv
132,4.400,Torchere A,Medium-Flare,0.3653,moyenne,209,286,472,841,0.0,0.359,0.498,0.681,hsv
132,4.400,Torchere A,Dark-Smoke,0.7911,moyenne,194,0,720,859,0.0,0.147,0.757,0.58,hsv
133,4.433,Torchere A,Dark-Smoke,0.7761,mauvaise,192,0,720,858,0.0,0.147,0.755,0.582,hsv
134,4.467,Torchere A,Medium-Flare,0.5102,moyenne,206,309,455,851,0.0,0.377,0.485,0.691,hsv
134,4.467,Torchere A,Dark-Smoke,0.8392,moyenne,192,0,720,861,0.0,0.147,0.755,0.582,hsv
135,4.500,Torchere A,Medium-Flare,0.6273,moyenne,207,320,474,842,0.0,0.364,0.502,0.685,hsv
135,4.500,Torchere A,Dark-Smoke,0.8288,moyenne,197,0,720,859,0.0,0.149,0.747,0.581,hsv
136,4.533,Torchere A,Medium-Flare,0.4227,moyenne,198,286,466,843,0.0,0.355,0.504,0.673,hsv
136,4.533,Torchere A,Dark-Smoke,0.8104,moyenne,187,0,720,865,0.0,0.149,0.757,0.582,hsv
137,4.567,Torchere A,Medium-Flare,0.6017,moyenne,198,291,451,839,0.0,0.372,0.474,0.685,hsv
137,4.567,Torchere A,Dark-Smoke,0.7094,moyenne,191,0,720,860,0.0,0.15,0.751,0.584,hsv
138,4.600,Torchere A,Medium-Flare,0.6054,moyenne,206,286,459,838,0.0,0.38,0.473,0.691,hsv
138,4.600,Torchere A,Dark-Smoke,0.8593,moyenne,196,0,720,853,0.0,0.158,0.747,0.587,hsv
139,4.633,Torchere A,Dark-Smoke,0.8390,mauvaise,190,0,720,854,0.0,0.16,0.748,0.589,hsv
140,4.667,Torchere A,Medium-Flare,0.5722,moyenne,192,278,436,841,0.0,0.41,0.45,0.701,hsv
140,4.667,Torchere A,Dark-Smoke,0.7575,moyenne,180,0,720,858,0.0,0.162,0.753,0.591,hsv
141,4.700,Torchere A,Medium-Flare,0.6313,moyenne,185,293,438,844,0.0,0.404,0.468,0.701,hsv
141,4.700,Torchere A,Dark-Smoke,0.6902,moyenne,174,0,720,860,0.0,0.161,0.756,0.593,hsv
142,4.733,Torchere A,Medium-Flare,0.7270,moyenne,188,285,445,861,0.0,0.389,0.486,0.696,hsv
142,4.733,Torchere A,Dark-Flare,0.3287,moyenne,181,21,465,636,0.0,0.349,0.445,0.635,hsv
142,4.733,Torchere A,Dark-Smoke,0.8355,moyenne,175,0,720,863,0.0,0.162,0.755,0.594,hsv
143,4.767,Torchere A,Medium-Flare,0.6817,moyenne,186,278,444,877,0.0,0.374,0.498,0.693,hsv
143,4.767,Torchere A,Dark-Smoke,0.8340,moyenne,175,0,720,871,0.0,0.161,0.755,0.594,hsv
144,4.800,Torchere A,Medium-Flare,0.7392,moyenne,186,293,440,877,0.0,0.389,0.485,0.702,hsv
144,4.800,Torchere A,Dark-Smoke,0.7860,moyenne,178,0,720,873,0.0,0.163,0.753,0.595,hsv
145,4.833,Torchere A,Medium-Flare,0.5981,moyenne,199,273,464,853,0.0,0.386,0.487,0.699,hsv
145,4.833,Torchere A,Dark-Flare,0.4323,moyenne,194,0,479,579,0.0,0.323,0.473,0.618,hsv
145,4.833,Torchere A,Dark-Smoke,0.7604,moyenne,191,0,720,863,0.0,0.169,0.749,0.594,hsv
146,4.867,Torchere A,Dark-Smoke,0.7078,mauvaise,202,0,720,875,0.0,0.171,0.746,0.59,hsv
147,4.900,Torchere A,Dark-Smoke,0.8134,mauvaise,199,0,720,879,0.0,0.168,0.748,0.586,hsv
148,4.933,Torchere A,Medium-Flare,0.2979,moyenne,207,302,455,874,0.0,0.425,0.44,0.719,hsv
148,4.933,Torchere A,Dark-Smoke,0.7628,moyenne,197,0,720,883,0.0,0.158,0.754,0.583,hsv
149,4.967,Torchere A,Medium-Flare,0.4120,moyenne,216,283,466,871,0.0,0.426,0.436,0.703,hsv
149,4.967,Torchere A,Dark-Smoke,0.7750,moyenne,208,0,720,881,0.0,0.156,0.73,0.563,hsv
150,5.000,Torchere A,Medium-Flare,0.5173,moyenne,216,297,485,881,0.0,0.386,0.468,0.69,hsv
150,5.000,Torchere A,Dark-Smoke,0.7772,moyenne,203,0,720,903,0.0,0.141,0.744,0.558,hsv
151,5.033,Torchere A,Dark-Smoke,0.8542,mauvaise,208,1,720,905,0.0,0.136,0.726,0.554,hsv
152,5.067,Torchere A,Dark-Flare,0.4527,mauvaise,220,0,720,897,0.0,0.136,0.708,0.551,hsv
152,5.067,Torchere A,Dark-Smoke,0.7452,mauvaise,220,0,720,866,0.0,0.14,0.698,0.549,hsv
153,5.100,Torchere A,Medium-Flare,0.2932,moyenne,229,288,480,840,0.0,0.436,0.387,0.711,hsv
153,5.100,Torchere A,Dark-Smoke,0.5732,moyenne,230,0,720,903,0.0,0.14,0.685,0.549,hsv
154,5.133,Torchere A,Medium-Flare,0.7519,moyenne,221,345,466,898,0.0,0.429,0.411,0.718,hsv
154,5.133,Torchere A,Dark-Smoke,0.8204,moyenne,218,1,720,921,0.0,0.132,0.683,0.546,hsv
155,5.167,Torchere A,Medium-Flare,0.5930,moyenne,225,323,463,913,0.0,0.428,0.397,0.714,hsv
155,5.167,Torchere A,Dark-Smoke,0.8995,moyenne,216,0,720,930,0.0,0.13,0.673,0.544,hsv
156,5.200,Torchere A,Dark-Smoke,0.8814,mauvaise,230,0,720,940,0.0,0.135,0.646,0.542,hsv
157,5.233,Torchere A,Medium-Flare,0.6190,moyenne,237,400,486,942,0.0,0.425,0.428,0.712,hsv
157,5.233,Torchere A,Dark-Smoke,0.9119,moyenne,236,0,720,956,0.0,0.135,0.632,0.54,hsv
158,5.267,Torchere A,Medium-Flare,0.6592,moyenne,244,345,501,915,0.0,0.415,0.414,0.699,hsv
158,5.267,Torchere A,Dark-Smoke,0.9118,moyenne,237,0,720,976,0.0,0.132,0.632,0.539,hsv
159,5.300,Torchere A,Dark-Smoke,0.9272,mauvaise,237,0,720,962,0.0,0.132,0.622,0.539,hsv
160,5.333,Torchere A,Medium-Flare,0.6904,moyenne,241,346,506,917,0.0,0.39,0.43,0.694,hsv
160,5.333,Torchere A,Dark-Smoke,0.9228,moyenne,238,0,720,966,0.0,0.13,0.621,0.538,hsv
161,5.367,Torchere A,Medium-Flare,0.6513,moyenne,256,360,514,881,0.0,0.418,0.387,0.705,hsv
161,5.367,Torchere A,Dark-Smoke,0.9194,moyenne,243,0,720,969,0.0,0.129,0.623,0.539,hsv
162,5.400,Torchere A,Medium-Flare,0.4718,moyenne,263,331,528,886,0.0,0.399,0.407,0.696,hsv
162,5.400,Torchere A,Dark-Smoke,0.9016,moyenne,250,0,720,962,0.0,0.134,0.618,0.54,hsv
163,5.433,Torchere A,Medium-Flare,0.3070,moyenne,262,316,526,883,0.0,0.398,0.403,0.692,hsv
163,5.433,Torchere A,Dark-Smoke,0.9502,moyenne,246,0,720,961,0.0,0.135,0.625,0.54,hsv
164,5.467,Torchere A,Medium-Flare,0.3987,moyenne,262,315,526,888,0.0,0.398,0.405,0.693,hsv
164,5.467,Torchere A,Dark-Smoke,0.9481,moyenne,243,0,720,968,0.0,0.135,0.627,0.542,hsv
165,5.500,Torchere A,Medium-Flare,0.3249,moyenne,265,319,529,911,0.0,0.403,0.414,0.702,hsv
165,5.500,Torchere A,Dark-Smoke,0.9015,moyenne,254,0,720,962,0.0,0.142,0.619,0.543,hsv
166,5.533,Torchere A,Medium-Flare,0.3280,moyenne,269,318,535,892,0.0,0.415,0.401,0.704,hsv
166,5.533,Torchere A,Dark-Smoke,0.8367,moyenne,252,1,720,965,0.0,0.145,0.62,0.545,hsv
167,5.567,Torchere A,Dark-Smoke,0.8992,mauvaise,247,2,720,977,0.0,0.144,0.626,0.546,hsv
168,5.600,Torchere A,Dark-Smoke,0.8926,mauvaise,253,0,720,961,0.0,0.149,0.615,0.547,hsv
169,5.633,Torchere A,Medium-Flare,0.4773,moyenne,267,435,537,936,0.0,0.399,0.46,0.705,hsv
169,5.633,Torchere A,Dark-Smoke,0.8506,moyenne,259,0,720,960,0.0,0.154,0.606,0.549,hsv
170,5.667,Torchere A,Medium-Flare,0.8225,moyenne,265,480,532,962,0.0,0.377,0.491,0.699,hsv
170,5.667,Torchere A,Dark-Smoke,0.8556,moyenne,252,0,720,962,0.0,0.154,0.614,0.549,hsv
171,5.700,Torchere A,Medium-Flare,0.4320,moyenne,264,446,535,953,0.0,0.386,0.479,0.702,hsv
171,5.700,Torchere A,Dark-Smoke,0.8924,moyenne,251,0,720,957,0.0,0.154,0.614,0.55,hsv
172,5.733,Torchere A,Dark-Smoke,0.7149,mauvaise,259,1,720,947,0.0,0.158,0.625,0.553,hsv
173,5.767,Torchere A,Medium-Flare,0.6900,moyenne,267,474,539,934,0.0,0.39,0.489,0.707,hsv
173,5.767,Torchere A,Dark-Smoke,0.7745,moyenne,255,0,720,946,0.0,0.16,0.636,0.555,hsv
174,5.800,Torchere B,Medium-Flare,0.4879,inactive,266,485,536,937,0.0,0.39,0.49,0.709,hsv
174,5.800,Torchere A,Medium-Flare,0.3665,moyenne,326,270,508,468,0.0,0.592,0.125,0.753,hsv
174,5.800,Torchere A,Dark-Smoke,0.7855,moyenne,250,1,720,949,0.0,0.158,0.655,0.554,hsv
175,5.833,Torchere B,Medium-Flare,0.5046,inactive,271,477,540,941,0.0,0.393,0.485,0.709,hsv
175,5.833,Torchere A,Medium-Flare,0.6950,moyenne,335,262,513,471,0.0,0.594,0.136,0.745,hsv
175,5.833,Torchere A,Dark-Smoke,0.8083,moyenne,259,1,720,950,0.0,0.164,0.648,0.555,hsv
176,5.867,Torchere A,Medium-Flare,0.6918,moyenne,269,540,534,941,0.0,0.377,0.516,0.693,hsv
176,5.867,Torchere A,Dark-Smoke,0.7607,moyenne,257,0,720,953,0.0,0.165,0.632,0.543,hsv
177,5.900,Torchere A,Medium-Flare,0.4725,moyenne,263,523,534,940,0.0,0.388,0.51,0.687,hsv
177,5.900,Torchere A,Dark-Smoke,0.8614,moyenne,240,0,720,952,0.0,0.163,0.644,0.533,hsv
178,5.933,Torchere A,Medium-Flare,0.3558,moyenne,268,232,537,740,0.0,0.456,0.342,0.685,hsv
178,5.933,Torchere A,Dark-Smoke,0.7341,moyenne,242,0,720,948,0.0,0.166,0.643,0.536,hsv
179,5.967,Torchere A,Medium-Flare,0.7979,moyenne,261,416,539,936,0.0,0.409,0.465,0.691,hsv
179,5.967,Torchere A,Dark-Smoke,0.7491,moyenne,242,0,720,946,0.0,0.171,0.642,0.538,hsv
180,6.000,Torchere A,Dark-Flare,0.5454,mauvaise,247,0,720,944,0.0,0.175,0.635,0.54,hsv
180,6.000,Torchere A,Dark-Smoke,0.7297,mauvaise,237,0,720,944,0.0,0.171,0.642,0.54,hsv
181,6.033,Torchere A,Medium-Flare,0.4667,moyenne,252,435,535,936,0.0,0.404,0.486,0.688,hsv
181,6.033,Torchere A,Dark-Flare,0.3062,moyenne,241,7,720,941,0.0,0.179,0.653,0.545,hsv
181,6.033,Torchere A,Dark-Smoke,0.4554,moyenne,238,0,720,943,0.0,0.176,0.653,0.543,hsv
182,6.067,Torchere A,Dark-Flare,0.6396,mauvaise,244,7,720,939,0.0,0.179,0.659,0.55,hsv
182,6.067,Torchere A,Dark-Smoke,0.5322,mauvaise,236,0,720,940,0.0,0.175,0.66,0.548,hsv
183,6.100,Torchere A,Dark-Flare,0.6595,mauvaise,249,130,720,933,0.0,0.213,0.705,0.579,hsv
183,6.100,Torchere A,Dark-Smoke,0.5830,mauvaise,240,1,720,934,0.0,0.18,0.67,0.542,hsv
184,6.133,Torchere A,Dark-Flare,0.6475,mauvaise,242,41,720,933,0.0,0.192,0.686,0.554,hsv
184,6.133,Torchere A,Dark-Smoke,0.6038,mauvaise,238,1,720,931,0.0,0.182,0.67,0.543,hsv
185,6.167,Torchere A,Dark-Flare,0.5988,moyenne,239,14,720,928,0.0,0.187,0.678,0.539,hsv
185,6.167,Torchere A,Medium-Flare,0.4065,moyenne,244,419,524,928,0.0,0.405,0.482,0.677,hsv
185,6.167,Torchere A,Dark-Smoke,0.5679,moyenne,233,0,720,935,0.0,0.181,0.679,0.535,hsv
186,6.200,Torchere A,Dark-Flare,0.6476,mauvaise,247,127,696,926,0.0,0.232,0.67,0.567,hsv
186,6.200,Torchere A,Dark-Smoke,0.5700,mauvaise,240,0,720,932,0.0,0.186,0.672,0.526,hsv
187,6.233,Torchere A,Dark-Flare,0.7839,moyenne,246,157,612,927,0.0,0.304,0.585,0.586,hsv
187,6.233,Torchere A,Medium-Flare,0.2953,moyenne,253,375,525,933,0.0,0.42,0.459,0.654,hsv
188,6.267,Torchere A,Dark-Flare,0.7568,moyenne,245,123,720,926,0.0,0.229,0.69,0.549,hsv
188,6.267,Torchere A,Medium-Flare,0.5069,moyenne,250,368,516,932,0.0,0.434,0.447,0.655,hsv
188,6.267,Torchere A,Dark-Smoke,0.5525,moyenne,241,0,720,935,0.0,0.195,0.654,0.513,hsv
189,6.300,Torchere A,Dark-Flare,0.8282,mauvaise,244,114,720,933,0.0,0.222,0.697,0.543,hsv
189,6.300,Torchere A,Dark-Smoke,0.4260,mauvaise,238,0,720,934,0.0,0.192,0.655,0.51,hsv
190,6.333,Torchere A,Dark-Flare,0.6245,mauvaise,240,113,720,934,0.0,0.215,0.7,0.541,hsv
190,6.333,Torchere A,Dark-Smoke,0.4800,mauvaise,237,0,720,928,0.0,0.189,0.653,0.509,hsv
191,6.367,Torchere A,Dark-Flare,0.4547,mauvaise,218,106,719,933,0.0,0.203,0.708,0.537,hsv
191,6.367,Torchere A,Dark-Flare,0.4416,mauvaise,236,175,539,745,0.0,0.42,0.399,0.622,hsv
191,6.367,Torchere A,Dark-Smoke,0.4576,mauvaise,220,0,720,936,0.0,0.179,0.669,0.508,hsv
192,6.400,Torchere A,Dark-Flare,0.4246,mauvaise,188,110,545,928,0.0,0.287,0.588,0.569,hsv
193,6.433,Torchere A,Dark-Flare,0.3120,mauvaise,188,106,549,931,0.0,0.282,0.597,0.563,hsv
193,6.433,Torchere A,Dark-Smoke,0.5662,mauvaise,194,18,720,932,0.0,0.175,0.692,0.513,hsv
194,6.467,Torchere A,Dark-Flare,0.7104,moyenne,194,102,551,939,0.0,0.281,0.596,0.56,hsv
194,6.467,Torchere A,Medium-Flare,0.6514,moyenne,205,365,478,936,0.0,0.387,0.464,0.629,hsv
195,6.500,Torchere A,Dark-Smoke,0.7065,mauvaise,190,72,720,945,0.0,0.183,0.726,0.542,hsv
196,6.533,Torchere A,Dark-Flare,0.5444,moyenne,179,93,571,943,0.0,0.253,0.635,0.574,hsv
196,6.533,Torchere A,Medium-Flare,0.3811,moyenne,186,350,466,923,0.0,0.388,0.459,0.651,hsv
197,6.567,Torchere A,Medium-Flare,0.8029,moyenne,177,361,458,930,0.0,0.383,0.469,0.648,hsv
197,6.567,Torchere A,Dark-Smoke,0.6449,moyenne,173,0,720,949,0.0,0.165,0.731,0.537,hsv
198,6.600,Torchere A,Medium-Flare,0.4004,moyenne,185,393,458,934,0.0,0.381,0.494,0.651,hsv
198,6.600,Torchere A,Dark-Smoke,0.7376,moyenne,177,0,720,938,0.0,0.172,0.735,0.544,hsv
199,6.633,Torchere A,Medium-Flare,0.6270,moyenne,200,399,456,918,0.0,0.413,0.451,0.666,hsv
199,6.633,Torchere A,Dark-Smoke,0.7285,moyenne,196,25,720,934,0.0,0.184,0.723,0.552,hsv
200,6.667,Torchere A,Dark-Flare,0.4081,mauvaise,193,90,712,937,0.0,0.202,0.714,0.568,hsv
201,6.700,Torchere A,Dark-Flare,0.4183,mauvaise,193,88,710,941,0.0,0.2,0.714,0.568,hsv
201,6.700,Torchere A,Dark-Smoke,0.4706,mauvaise,191,73,720,940,0.0,0.193,0.725,0.563,hsv
202,6.733,Torchere A,Dark-Flare,0.4230,mauvaise,197,59,708,922,0.0,0.202,0.709,0.566,hsv
203,6.767,Torchere A,Dark-Flare,0.4909,mauvaise,210,29,720,918,0.0,0.196,0.712,0.562,hsv
204,6.800,Torchere A,Dark-Smoke,0.5718,mauvaise,219,31,720,926,0.0,0.195,0.706,0.559,hsv
205,6.833,Torchere A,Dark-Smoke,0.5518,mauvaise,202,9,720,923,0.0,0.182,0.71,0.553,hsv
206,6.867,Torchere A,Dark-Smoke,0.5975,mauvaise,184,4,720,909,0.0,0.178,0.717,0.553,hsv
207,6.900,Torchere A,Dark-Smoke,0.7402,mauvaise,183,4,720,898,0.0,0.178,0.72,0.554,hsv
208,6.933,Torchere A,Dark-Flare,0.3246,mauvaise,210,30,560,618,0.0,0.3,0.505,0.568,hsv
208,6.933,Torchere A,Dark-Smoke,0.7691,mauvaise,181,3,720,897,0.0,0.171,0.724,0.553,hsv
209,6.967,Torchere A,Dark-Smoke,0.7805,mauvaise,179,1,720,876,0.0,0.177,0.72,0.557,hsv
210,7.000,Torchere A,Dark-Smoke,0.4515,mauvaise,172,3,720,870,0.0,0.177,0.73,0.559,hsv
211,7.033,Torchere A,Medium-Flare,0.3095,moyenne,195,56,478,650,0.0,0.413,0.38,0.628,hsv
211,7.033,Torchere A,Dark-Smoke,0.6323,moyenne,169,13,720,868,0.0,0.179,0.729,0.561,hsv
213,7.100,Torchere A,Medium-Flare,0.4077,moyenne,206,72,479,662,0.0,0.434,0.348,0.644,hsv
213,7.100,Torchere A,Dark-Smoke,0.5650,moyenne,421,1,718,523,0.0,0.019,0.884,0.446,hsv
213,7.100,Torchere A,Dark-Smoke,0.4339,moyenne,188,4,720,867,0.0,0.183,0.725,0.559,hsv
214,7.133,Torchere A,Dark-Smoke,0.7162,mauvaise,202,0,720,848,0.0,0.197,0.71,0.566,hsv
215,7.167,Torchere A,Medium-Flare,0.3248,moyenne,255,55,531,612,0.0,0.438,0.355,0.634,hsv
215,7.167,Torchere A,Dark-Smoke,0.7765,moyenne,211,0,720,860,0.0,0.196,0.712,0.562,hsv
216,7.200,Torchere A,Dark-Smoke,0.7097,mauvaise,200,0,720,862,0.0,0.187,0.715,0.561,hsv
216,7.200,Torchere C,Dark-Smoke,0.4205,inactive,424,2,716,488,0.0,0.063,0.824,0.455,hsv
217,7.233,Torchere C,Medium-Flare,0.3311,inactive,258,13,530,622,0.0,0.417,0.374,0.62,hsv
217,7.233,Torchere C,Dark-Smoke,0.6243,inactive,206,0,720,852,0.0,0.197,0.712,0.566,hsv
217,7.233,Torchere C,Dark-Smoke,0.5842,inactive,446,2,716,478,0.0,0.038,0.87,0.445,hsv
218,7.267,Torchere A,Medium-Flare,0.6288,moyenne,281,23,556,620,0.0,0.409,0.38,0.616,hsv
218,7.267,Torchere A,Dark-Smoke,0.7253,moyenne,236,0,720,866,0.0,0.204,0.698,0.563,hsv
219,7.300,Torchere A,Dark-Flare,0.4270,mauvaise,232,4,720,909,0.0,0.193,0.706,0.555,hsv
219,7.300,Torchere A,Dark-Smoke,0.5167,mauvaise,230,9,720,906,0.0,0.193,0.707,0.556,hsv
220,7.333,Torchere A,Medium-Flare,0.3377,moyenne,253,81,534,675,0.0,0.398,0.376,0.621,hsv
220,7.333,Torchere A,Dark-Smoke,0.7685,moyenne,214,14,720,914,0.0,0.184,0.711,0.554,hsv
221,7.367,Torchere A,Dark-Smoke,0.6044,mauvaise,210,6,720,914,0.0,0.182,0.713,0.554,hsv
222,7.400,Torchere A,Dark-Smoke,0.7682,mauvaise,218,9,720,933,0.0,0.181,0.717,0.55,hsv
223,7.433,Torchere A,Medium-Flare,0.4466,moyenne,215,322,456,941,0.0,0.398,0.429,0.656,hsv
223,7.433,Torchere A,Dark-Smoke,0.6392,moyenne,213,12,720,950,0.0,0.175,0.722,0.547,hsv
224,7.467,Torchere A,Medium-Flare,0.5385,moyenne,267,63,550,652,0.0,0.382,0.402,0.6,hsv
224,7.467,Torchere A,Dark-Smoke,0.7214,moyenne,222,7,720,930,0.0,0.185,0.717,0.55,hsv
225,7.500,Torchere A,Dark-Flare,0.2809,mauvaise,264,17,720,937,0.0,0.199,0.695,0.554,hsv
226,7.533,Torchere A,Medium-Flare,0.4202,moyenne,316,308,566,894,0.0,0.407,0.413,0.648,hsv
226,7.533,Torchere A,Dark-Flare,0.3293,moyenne,307,11,720,925,0.0,0.223,0.659,0.557,hsv
227,7.567,Torchere A,Dark-Flare,0.5429,mauvaise,304,19,720,921,0.0,0.228,0.655,0.565,hsv
228,7.600,Torchere A,Medium-Flare,0.2912,moyenne,316,280,560,835,0.0,0.434,0.374,0.655,hsv
228,7.600,Torchere A,Dark-Smoke,0.5674,moyenne,305,4,720,918,0.0,0.226,0.656,0.562,hsv
229,7.633,Torchere A,Medium-Flare,0.3198,moyenne,282,277,535,849,0.0,0.408,0.404,0.647,hsv
229,7.633,Torchere A,Dark-Smoke,0.6555,moyenne,268,1,720,916,0.0,0.206,0.677,0.556,hsv
230,7.667,Torchere A,Dark-Smoke,0.6853,mauvaise,255,0,720,901,0.0,0.199,0.683,0.555,hsv
231,7.700,Torchere A,Medium-Flare,0.7110,moyenne,271,417,512,899,0.0,0.404,0.465,0.656,hsv
231,7.700,Torchere A,Medium-Flare,0.4183,moyenne,345,0,627,582,0.0,0.341,0.459,0.557,hsv
231,7.700,Torchere A,Dark-Smoke,0.8349,moyenne,262,0,720,904,0.0,0.202,0.689,0.553,hsv
232,7.733,Torchere A,Medium-Flare,0.5446,moyenne,297,441,541,927,0.0,0.389,0.464,0.65,hsv
232,7.733,Torchere A,Dark-Flare,0.4067,moyenne,291,4,720,927,0.0,0.198,0.673,0.546,hsv
232,7.733,Torchere A,Dark-Smoke,0.6401,moyenne,292,2,720,927,0.0,0.198,0.672,0.546,hsv
233,7.767,Torchere A,Medium-Flare,0.7779,moyenne,285,465,532,934,0.0,0.393,0.47,0.656,hsv
233,7.767,Torchere A,Dark-Smoke,0.8167,moyenne,267,2,720,940,0.0,0.178,0.674,0.538,hsv
234,7.800,Torchere A,Medium-Flare,0.4568,moyenne,286,420,531,905,0.0,0.392,0.463,0.653,hsv
234,7.800,Torchere A,Dark-Smoke,0.8499,moyenne,264,0,720,915,0.0,0.172,0.667,0.536,hsv
235,7.833,Torchere A,Medium-Flare,0.6312,moyenne,337,420,578,928,0.0,0.38,0.46,0.646,hsv
235,7.833,Torchere A,Dark-Flare,0.4210,moyenne,324,4,720,926,0.0,0.182,0.61,0.531,hsv
235,7.833,Torchere A,Dark-Smoke,0.4267,moyenne,317,0,720,925,0.0,0.179,0.612,0.53,hsv
236,7.867,Torchere A,Medium-Flare,0.6601,moyenne,355,444,597,943,0.0,0.391,0.442,0.652,hsv
236,7.867,Torchere A,Dark-Smoke,0.4985,moyenne,336,2,720,951,0.0,0.175,0.596,0.523,hsv
237,7.900,Torchere A,Medium-Flare,0.7407,moyenne,345,455,584,936,0.0,0.425,0.436,0.668,hsv
237,7.900,Torchere A,Dark-Smoke,0.6169,moyenne,331,0,720,939,0.0,0.166,0.585,0.518,hsv
238,7.933,Torchere A,Medium-Flare,0.6223,moyenne,325,438,570,928,0.0,0.419,0.432,0.671,hsv
238,7.933,Torchere A,Dark-Smoke,0.7610,moyenne,311,0,720,939,0.0,0.149,0.594,0.519,hsv
239,7.967,Torchere A,Medium-Flare,0.3928,moyenne,302,313,545,752,0.0,0.407,0.351,0.633,hsv
239,7.967,Torchere A,Dark-Smoke,0.5377,moyenne,289,0,720,949,0.0,0.136,0.615,0.512,hsv
240,8.000,Torchere A,Medium-Flare,0.7957,moyenne,263,392,523,937,0.0,0.367,0.473,0.678,hsv
240,8.000,Torchere A,Dark-Smoke,0.7092,moyenne,249,0,720,940,0.0,0.128,0.707,0.551,hsv
241,8.033,Torchere A,Medium-Flare,0.5884,moyenne,258,405,508,934,0.0,0.395,0.45,0.703,hsv
241,8.033,Torchere A,Dark-Smoke,0.8150,moyenne,242,0,720,947,0.0,0.125,0.71,0.564,hsv
242,8.067,Torchere A,Medium-Flare,0.7306,moyenne,268,247,518,790,0.0,0.357,0.449,0.651,hsv
242,8.067,Torchere A,Dark-Smoke,0.8132,moyenne,252,0,720,949,0.0,0.126,0.698,0.565,hsv
243,8.100,Torchere A,Medium-Flare,0.5889,moyenne,275,345,537,898,0.0,0.368,0.468,0.683,hsv
243,8.100,Torchere A,Dark-Smoke,0.7906,moyenne,264,0,720,941,0.0,0.134,0.685,0.566,hsv
244,8.133,Torchere A,Medium-Flare,0.8244,moyenne,280,235,533,755,0.0,0.368,0.434,0.655,hsv
244,8.133,Torchere A,Dark-Smoke,0.8339,moyenne,264,0,720,934,0.0,0.138,0.677,0.568,hsv
245,8.167,Torchere A,Medium-Flare,0.6884,moyenne,272,236,525,779,0.0,0.363,0.448,0.655,hsv
245,8.167,Torchere A,Dark-Smoke,0.8643,moyenne,259,0,720,943,0.0,0.135,0.689,0.568,hsv
246,8.200,Torchere A,Medium-Flare,0.6973,moyenne,270,216,524,764,0.0,0.353,0.458,0.65,hsv
246,8.200,Torchere A,Dark-Smoke,0.8429,moyenne,256,0,720,940,0.0,0.134,0.695,0.57,hsv
247,8.233,Torchere A,Medium-Flare,0.6903,moyenne,277,209,530,763,0.0,0.353,0.458,0.649,hsv
247,8.233,Torchere A,Dark-Smoke,0.8604,moyenne,262,0,720,941,0.0,0.136,0.693,0.571,hsv
248,8.267,Torchere A,Dark-Smoke,0.8006,mauvaise,251,0,720,938,0.0,0.135,0.703,0.573,hsv
249,8.300,Torchere A,Dark-Smoke,0.8147,mauvaise,243,0,720,939,0.0,0.133,0.713,0.572,hsv
250,8.333,Torchere A,Medium-Flare,0.2952,moyenne,254,476,496,926,0.0,0.437,0.442,0.738,hsv
250,8.333,Torchere A,Dark-Smoke,0.7429,moyenne,241,0,720,936,0.0,0.136,0.712,0.574,hsv
251,8.367,Torchere A,Medium-Flare,0.5195,moyenne,243,481,480,933,0.0,0.45,0.435,0.741,hsv
251,8.367,Torchere A,Dark-Smoke,0.7763,moyenne,232,0,720,924,0.0,0.137,0.711,0.574,hsv
252,8.400,Torchere A,Dark-Smoke,0.8521,mauvaise,148,0,720,929,0.0,0.117,0.749,0.58,hsv
253,8.433,Torchere A,Medium-Flare,0.4756,moyenne,216,340,495,888,0.0,0.404,0.445,0.715,hsv
253,8.433,Torchere A,Dark-Smoke,0.8039,moyenne,193,0,720,943,0.0,0.126,0.728,0.579,hsv
254,8.467,Torchere A,Dark-Smoke,0.7985,mauvaise,223,0,720,945,0.0,0.135,0.706,0.566,hsv
255,8.500,Torchere A,Dark-Smoke,0.7702,mauvaise,229,0,720,945,0.0,0.14,0.7,0.567,hsv
256,8.533,Torchere A,Dark-Smoke,0.8514,mauvaise,227,0,720,944,0.0,0.143,0.679,0.553,hsv
257,8.567,Torchere A,Dark-Smoke,0.7631,mauvaise,216,0,720,957,0.0,0.139,0.683,0.554,hsv
258,8.600,Torchere A,Dark-Smoke,0.7296,mauvaise,212,0,720,954,0.0,0.139,0.683,0.555,hsv
259,8.633,Torchere A,Dark-Smoke,0.8296,mauvaise,228,0,720,954,0.0,0.146,0.674,0.555,hsv
260,8.667,Torchere A,Medium-Flare,0.3759,moyenne,232,296,525,869,0.0,0.398,0.457,0.681,hsv
260,8.667,Torchere A,Dark-Smoke,0.9054,moyenne,231,0,720,955,0.0,0.147,0.677,0.556,hsv
261,8.700,Torchere A,Medium-Flare,0.5435,moyenne,245,286,534,817,0.0,0.413,0.429,0.683,hsv
261,8.700,Torchere A,Dark-Smoke,0.8842,moyenne,235,1,720,946,0.0,0.149,0.676,0.557,hsv
262,8.733,Torchere A,Medium-Flare,0.6460,moyenne,263,280,565,867,0.0,0.374,0.479,0.676,hsv
262,8.733,Torchere A,Dark-Smoke,0.6427,moyenne,251,0,720,938,0.0,0.154,0.675,0.56,hsv
263,8.767,Torchere A,Medium-Flare,0.6692,moyenne,279,253,568,803,0.0,0.406,0.432,0.681,hsv
263,8.767,Torchere A,Dark-Smoke,0.6846,moyenne,242,0,720,920,0.0,0.156,0.683,0.563,hsv
264,8.800,Torchere A,Medium-Flare,0.5061,moyenne,257,245,545,801,0.0,0.406,0.424,0.685,hsv
264,8.800,Torchere A,Dark-Smoke,0.6798,moyenne,248,0,720,924,0.0,0.159,0.682,0.564,hsv
265,8.833,Torchere A,Dark-Smoke,0.6498,mauvaise,217,0,720,924,0.0,0.146,0.701,0.564,hsv
266,8.867,Torchere A,Dark-Smoke,0.7866,mauvaise,183,0,720,916,0.0,0.137,0.729,0.567,hsv
267,8.900,Torchere A,Medium-Flare,0.3586,moyenne,197,237,495,802,0.0,0.378,0.443,0.683,hsv
267,8.900,Torchere A,Dark-Smoke,0.7941,moyenne,181,0,720,920,0.0,0.137,0.73,0.568,hsv
268,8.933,Torchere A,Medium-Flare,0.3624,moyenne,205,361,454,889,0.0,0.463,0.416,0.735,hsv
268,8.933,Torchere A,Dark-Smoke,0.7892,moyenne,180,0,720,926,0.0,0.136,0.73,0.568,hsv
269,8.967,Torchere A,Medium-Flare,0.6724,moyenne,204,402,444,918,0.0,0.437,0.437,0.731,hsv
269,8.967,Torchere A,Dark-Smoke,0.6316,moyenne,184,0,720,923,0.0,0.137,0.727,0.57,hsv
270,9.000,Torchere A,Medium-Flare,0.7026,moyenne,197,274,481,854,0.0,0.412,0.429,0.714,hsv
270,9.000,Torchere A,Dark-Smoke,0.7475,moyenne,175,0,720,920,0.0,0.137,0.737,0.574,hsv
271,9.033,Torchere A,Dark-Smoke,0.4730,mauvaise,209,0,720,906,0.0,0.152,0.73,0.578,hsv
272,9.067,Torchere A,Medium-Flare,0.5646,moyenne,234,227,533,813,0.0,0.388,0.444,0.703,hsv
272,9.067,Torchere A,Dark-Smoke,0.6305,moyenne,235,0,720,885,0.0,0.162,0.718,0.583,hsv
273,9.100,Torchere A,Dark-Smoke,0.7173,mauvaise,231,0,720,858,0.0,0.173,0.727,0.592,hsv
274,9.133,Torchere A,Medium-Flare,0.3647,moyenne,241,267,484,842,0.0,0.464,0.423,0.725,hsv
274,9.133,Torchere A,Dark-Smoke,0.5859,moyenne,230,0,720,860,0.0,0.175,0.723,0.573,hsv
275,9.167,Torchere A,Medium-Flare,0.4302,moyenne,261,267,506,843,0.0,0.449,0.422,0.721,hsv
275,9.167,Torchere A,Dark-Flare,0.4180,moyenne,256,127,545,854,0.0,0.342,0.501,0.658,hsv
275,9.167,Torchere A,Dark-Smoke,0.5660,moyenne,243,0,720,857,0.0,0.176,0.716,0.573,hsv
276,9.200,Torchere A,Medium-Flare,0.4782,moyenne,268,260,510,842,0.0,0.459,0.433,0.691,hsv
276,9.200,Torchere A,Dark-Smoke,0.6175,moyenne,249,0,720,842,0.0,0.188,0.684,0.543,hsv
277,9.233,Torchere A,Medium-Flare,0.7009,bonne,296,285,532,838,0.0,0.456,0.432,0.687,hsv
278,9.267,Torchere A,Medium-Flare,0.4667,moyenne,294,227,536,820,0.0,0.468,0.414,0.685,hsv
278,9.267,Torchere A,Dark-Flare,0.4202,moyenne,288,67,589,830,0.0,0.324,0.516,0.6,hsv
279,9.300,Torchere A,Medium-Flare,0.7113,moyenne,255,97,546,662,0.0,0.406,0.376,0.633,hsv
279,9.300,Torchere A,Dark-Smoke,0.4978,moyenne,246,0,720,826,0.0,0.192,0.665,0.535,hsv
280,9.333,Torchere A,Medium-Flare,0.4624,moyenne,269,73,541,631,0.0,0.438,0.337,0.642,hsv
280,9.333,Torchere A,Dark-Flare,0.3696,moyenne,255,13,683,800,0.0,0.225,0.654,0.549,hsv
280,9.333,Torchere A,Dark-Smoke,0.5826,moyenne,247,2,720,800,0.0,0.201,0.685,0.541,hsv
281,9.367,Torchere A,Medium-Flare,0.5978,bonne,307,114,591,701,0.0,0.438,0.387,0.651,hsv
282,9.400,Torchere A,Medium-Flare,0.6322,bonne,318,115,599,735,0.0,0.43,0.397,0.652,hsv
283,9.433,Torchere A,Medium-Flare,0.7386,bonne,305,215,553,782,0.0,0.486,0.416,0.683,hsv
284,9.467,Torchere A,Medium-Flare,0.7069,moyenne,278,114,559,650,0.0,0.486,0.367,0.676,hsv
284,9.467,Torchere A,Dark-Smoke,0.4839,moyenne,271,0,720,787,0.0,0.225,0.654,0.554,hsv
285,9.500,Torchere A,Medium-Flare,0.7122,moyenne,255,92,528,658,0.0,0.473,0.348,0.67,hsv
285,9.500,Torchere A,Dark-Smoke,0.5920,moyenne,246,0,720,792,0.0,0.211,0.672,0.55,hsv
286,9.533,Torchere A,Medium-Flare,0.7650,moyenne,243,120,500,705,0.0,0.501,0.353,0.686,hsv
286,9.533,Torchere A,Dark-Smoke,0.8007,moyenne,236,0,720,795,0.0,0.204,0.682,0.547,hsv
287,9.567,Torchere A,Medium-Flare,0.7335,moyenne,255,114,515,520,0.0,0.563,0.273,0.71,hsv
287,9.567,Torchere A,Dark-Smoke,0.8093,moyenne,241,0,720,795,0.0,0.211,0.679,0.55,hsv
288,9.600,Torchere A,Medium-Flare,0.8552,moyenne,283,120,547,513,0.0,0.542,0.266,0.702,hsv
288,9.600,Torchere A,Medium-Flare,0.5618,moyenne,279,250,533,807,0.0,0.454,0.446,0.674,hsv
288,9.600,Torchere A,Dark-Smoke,0.6120,moyenne,268,0,720,799,0.0,0.218,0.662,0.55,hsv
289,9.633,Torchere A,Medium-Flare,0.3223,moyenne,280,216,541,809,0.0,0.45,0.445,0.674,hsv
289,9.633,Torchere A,Dark-Smoke,0.5100,moyenne,268,0,720,798,0.0,0.219,0.659,0.551,hsv
290,9.667,Torchere A,Dark-Smoke,0.5338,mauvaise,259,0,720,797,0.0,0.214,0.669,0.55,hsv
291,9.700,Torchere A,Medium-Flare,0.4948,bonne,274,91,555,674,0.0,0.438,0.361,0.656,hsv
292,9.733,Torchere A,Medium-Flare,0.7826,bonne,259,112,535,624,0.0,0.479,0.318,0.678,hsv
293,9.767,Torchere A,Medium-Flare,0.3492,moyenne,239,92,523,661,0.0,0.428,0.362,0.659,hsv
293,9.767,Torchere A,Dark-Smoke,0.7142,moyenne,234,0,720,813,0.0,0.193,0.698,0.545,hsv
294,9.800,Torchere A,Medium-Flare,0.6443,moyenne,254,100,534,649,0.0,0.436,0.35,0.663,hsv
294,9.800,Torchere A,Medium-Flare,0.2804,moyenne,259,429,438,807,0.0,0.51,0.369,0.692,hsv
294,9.800,Torchere A,Dark-Smoke,0.5496,moyenne,242,0,720,814,0.0,0.193,0.697,0.544,hsv
295,9.833,Torchere A,Medium-Flare,0.5792,moyenne,258,93,540,675,0.0,0.426,0.37,0.654,hsv
295,9.833,Torchere A,Dark-Smoke,0.6080,moyenne,242,0,720,811,0.0,0.196,0.705,0.544,hsv
296,9.867,Torchere A,Medium-Flare,0.5650,moyenne,250,90,534,668,0.0,0.427,0.375,0.655,hsv
296,9.867,Torchere A,Dark-Smoke,0.6623,moyenne,237,0,720,802,0.0,0.197,0.704,0.544,hsv
297,9.900,Torchere A,Medium-Flare,0.6513,moyenne,244,89,532,671,0.0,0.421,0.385,0.652,hsv
297,9.900,Torchere A,Dark-Flare,0.5235,moyenne,240,74,539,797,0.0,0.353,0.482,0.626,hsv
298,9.933,Torchere A,Medium-Flare,0.6275,moyenne,249,71,546,640,0.0,0.407,0.397,0.637,hsv
298,9.933,Torchere A,Dark-Smoke,0.4855,moyenne,238,5,720,793,0.0,0.201,0.692,0.547,hsv
299,9.967,Torchere A,Medium-Flare,0.6615,bonne,245,64,529,618,0.0,0.431,0.376,0.646,hsv
300,10.000,Torchere A,Medium-Flare,0.6306,moyenne,234,56,525,632,0.0,0.406,0.416,0.627,hsv
300,10.000,Torchere A,Dark-Smoke,0.4322,moyenne,231,4,720,793,0.0,0.197,0.708,0.541,hsv
301,10.033,Torchere A,Medium-Flare,0.6055,moyenne,237,55,526,639,0.0,0.386,0.424,0.615,hsv
301,10.033,Torchere A,Dark-Smoke,0.4287,moyenne,233,4,720,796,0.0,0.189,0.705,0.536,hsv
302,10.067,Torchere A,Dark-Smoke,0.5368,mauvaise,226,4,720,791,0.0,0.182,0.709,0.532,hsv
303,10.100,Torchere A,Medium-Flare,0.3043,moyenne,219,60,513,657,0.0,0.353,0.461,0.593,hsv
303,10.100,Torchere A,Dark-Smoke,0.5226,moyenne,214,6,720,794,0.0,0.172,0.72,0.525,hsv
304,10.133,Torchere A,Dark-Smoke,0.6809,mauvaise,211,4,720,793,0.0,0.162,0.72,0.52,hsv
305,10.167,Torchere A,Dark-Smoke,0.7525,mauvaise,226,0,720,792,0.0,0.157,0.709,0.536,hsv
306,10.200,Torchere A,Medium-Flare,0.4361,moyenne,226,114,503,770,0.0,0.318,0.499,0.612,hsv
306,10.200,Torchere A,Dark-Smoke,0.9295,moyenne,215,0,720,793,0.0,0.148,0.726,0.544,hsv
307,10.233,Torchere A,Medium-Flare,0.5367,moyenne,227,281,447,785,0.0,0.417,0.432,0.665,hsv
307,10.233,Torchere A,Dark-Smoke,0.9117,moyenne,209,1,720,793,0.0,0.14,0.739,0.541,hsv
308,10.267,Torchere A,Medium-Flare,0.4400,moyenne,224,100,489,730,0.0,0.32,0.519,0.612,hsv
308,10.267,Torchere A,Dark-Smoke,0.9093,moyenne,214,2,720,793,0.0,0.14,0.743,0.551,hsv
309,10.300,Torchere A,Medium-Flare,0.8449,moyenne,233,281,465,777,0.0,0.403,0.449,0.669,hsv
309,10.300,Torchere A,Dark-Smoke,0.8867,moyenne,224,2,720,793,0.0,0.139,0.743,0.548,hsv
310,10.333,Torchere A,Medium-Flare,0.8614,moyenne,225,258,461,777,0.0,0.381,0.47,0.674,hsv
310,10.333,Torchere A,Dark-Smoke,0.9269,moyenne,218,0,720,794,0.0,0.136,0.761,0.568,hsv
311,10.367,Torchere A,Medium-Flare,0.7744,moyenne,213,247,449,777,0.0,0.377,0.474,0.679,hsv
311,10.367,Torchere A,Dark-Smoke,0.9131,moyenne,196,0,720,793,0.0,0.13,0.774,0.578,hsv
312,10.400,Torchere A,Medium-Flare,0.5029,moyenne,205,315,436,792,0.0,0.418,0.451,0.715,hsv
312,10.400,Torchere A,Dark-Smoke,0.9301,moyenne,181,0,720,797,0.0,0.121,0.766,0.59,hsv
313,10.433,Torchere A,Medium-Flare,0.6894,moyenne,200,265,439,778,0.0,0.384,0.469,0.696,hsv
313,10.433,Torchere A,Dark-Smoke,0.9266,moyenne,177,0,720,795,0.0,0.117,0.762,0.589,hsv
314,10.467,Torchere A,Medium-Flare,0.7372,moyenne,206,256,448,779,0.0,0.371,0.476,0.689,hsv
314,10.467,Torchere A,Dark-Smoke,0.9089,moyenne,186,0,720,794,0.0,0.116,0.755,0.586,hsv
315,10.500,Torchere A,Medium-Flare,0.8000,moyenne,212,283,449,794,0.0,0.392,0.459,0.704,hsv
315,10.500,Torchere A,Dark-Smoke,0.8953,moyenne,190,0,720,800,0.0,0.115,0.751,0.585,hsv
316,10.533,Torchere A,Medium-Flare,0.7896,moyenne,215,279,455,793,0.0,0.39,0.461,0.705,hsv
316,10.533,Torchere A,Dark-Smoke,0.8855,moyenne,204,1,720,799,0.0,0.119,0.733,0.585,hsv
317,10.567,Torchere A,Medium-Flare,0.6717,moyenne,212,257,469,774,0.0,0.374,0.487,0.715,hsv
317,10.567,Torchere A,Dark-Smoke,0.9123,moyenne,198,1,720,786,0.0,0.122,0.743,0.607,hsv
318,10.600,Torchere A,Medium-Flare,0.5195,moyenne,220,284,454,781,0.0,0.409,0.441,0.732,hsv
318,10.600,Torchere A,Dark-Smoke,0.7279,moyenne,196,0,720,781,0.0,0.123,0.743,0.607,hsv
319,10.633,Torchere A,Medium-Flare,0.6444,moyenne,229,285,443,784,0.0,0.44,0.397,0.755,hsv
319,10.633,Torchere A,Dark-Smoke,0.8114,moyenne,227,1,720,788,0.0,0.13,0.735,0.621,hsv
320,10.667,Torchere A,Medium-Flare,0.6632,moyenne,219,260,458,777,0.0,0.402,0.437,0.743,hsv
320,10.667,Torchere A,Dark-Smoke,0.7094,moyenne,213,1,720,786,0.0,0.13,0.738,0.623,hsv
321,10.700,Torchere A,Medium-Flare,0.6406,moyenne,214,285,419,775,0.0,0.447,0.377,0.764,hsv
321,10.700,Torchere A,Dark-Smoke,0.8121,moyenne,210,0,720,779,0.0,0.129,0.746,0.625,hsv
322,10.733,Torchere A,Medium-Flare,0.6262,moyenne,202,194,467,745,0.0,0.349,0.487,0.716,hsv
322,10.733,Torchere A,Dark-Smoke,0.7425,moyenne,194,0,720,778,0.0,0.125,0.747,0.627,hsv
323,10.767,Torchere A,Medium-Flare,0.6422,moyenne,210,201,468,738,0.0,0.351,0.467,0.721,hsv
323,10.767,Torchere A,Dark-Smoke,0.7485,moyenne,203,0,720,772,0.0,0.123,0.744,0.629,hsv
324,10.800,Torchere A,Medium-Flare,0.6106,moyenne,222,216,472,723,0.0,0.384,0.444,0.731,hsv
324,10.800,Torchere A,Dark-Smoke,0.8292,moyenne,217,0,720,764,0.0,0.132,0.742,0.629,hsv
325,10.833,Torchere A,Medium-Flare,0.5708,moyenne,217,301,410,744,0.0,0.433,0.379,0.76,hsv
325,10.833,Torchere A,Dark-Smoke,0.8249,moyenne,203,0,720,747,0.0,0.134,0.75,0.632,hsv
326,10.867,Torchere A,Medium-Flare,0.5055,moyenne,204,189,457,745,0.0,0.351,0.483,0.721,hsv
326,10.867,Torchere A,Dark-Smoke,0.7598,moyenne,194,0,720,737,0.0,0.133,0.757,0.635,hsv
327,10.900,Torchere A,Medium-Flare,0.7294,moyenne,202,199,487,734,0.0,0.305,0.535,0.706,hsv
327,10.900,Torchere A,Dark-Smoke,0.7407,moyenne,193,1,720,732,0.0,0.132,0.763,0.636,hsv
328,10.933,Torchere A,Medium-Flare,0.3600,moyenne,198,200,451,714,0.0,0.34,0.47,0.719,hsv
328,10.933,Torchere A,Dark-Smoke,0.6971,moyenne,182,0,720,721,0.0,0.128,0.773,0.641,hsv
329,10.967,Torchere A,Medium-Flare,0.6878,moyenne,196,177,385,711,0.0,0.431,0.37,0.752,hsv
329,10.967,Torchere A,Dark-Smoke,0.6503,moyenne,181,0,720,707,0.0,0.133,0.783,0.644,hsv
330,11.000,Torchere A,Medium-Flare,0.7858,moyenne,197,180,396,714,0.0,0.427,0.382,0.755,hsv
330,11.000,Torchere A,Dark-Smoke,0.7115,moyenne,181,0,720,718,0.0,0.134,0.783,0.65,hsv
331,11.033,Torchere A,Dark-Smoke,0.7857,mauvaise,199,5,720,717,0.0,0.141,0.773,0.651,hsv
332,11.067,Torchere A,Dark-Smoke,0.6075,mauvaise,195,22,593,733,0.0,0.193,0.699,0.661,hsv
333,11.100,Torchere A,Dark-Smoke,0.6291,mauvaise,184,0,720,734,0.0,0.138,0.775,0.653,hsv
334,11.133,Torchere A,Dark-Smoke,0.7056,mauvaise,197,1,719,734,0.0,0.143,0.769,0.657,hsv
335,11.167,Torchere A,Medium-Flare,0.5172,moyenne,221,123,522,716,0.0,0.296,0.541,0.707,hsv
335,11.167,Torchere A,Dark-Smoke,0.7686,moyenne,207,4,707,729,0.0,0.152,0.754,0.657,hsv
336,11.200,Torchere A,Dark-Smoke,0.8221,mauvaise,182,1,720,734,0.0,0.143,0.771,0.636,hsv
337,11.233,Torchere A,Medium-Flare,0.5835,moyenne,205,163,493,719,0.0,0.303,0.518,0.69,hsv
337,11.233,Torchere A,Dark-Smoke,0.6697,moyenne,195,11,689,736,0.0,0.153,0.748,0.635,hsv
338,11.267,Torchere A,Dark-Smoke,0.7927,mauvaise,202,4,720,735,0.0,0.15,0.759,0.634,hsv
339,11.300,Torchere A,Medium-Flare,0.7117,moyenne,215,237,454,710,0.0,0.342,0.452,0.694,hsv
339,11.300,Torchere A,Dark-Smoke,0.7989,moyenne,203,5,720,727,0.0,0.152,0.75,0.631,hsv
340,11.333,Torchere A,Medium-Flare,0.3831,moyenne,200,179,433,712,0.0,0.374,0.416,0.707,hsv
340,11.333,Torchere A,Dark-Smoke,0.8114,moyenne,188,4,720,725,0.0,0.148,0.753,0.632,hsv
341,11.367,Torchere A,Dark-Smoke,0.8100,mauvaise,177,2,720,729,0.0,0.148,0.757,0.63,hsv
342,11.400,Torchere A,Medium-Flare,0.3364,moyenne,194,170,460,710,0.0,0.333,0.474,0.686,hsv
342,11.400,Torchere A,Dark-Smoke,0.6863,moyenne,186,3,720,726,0.0,0.152,0.751,0.631,hsv
343,11.433,Torchere A,Medium-Flare,0.7405,moyenne,191,104,479,718,0.0,0.328,0.517,0.68,hsv
343,11.433,Torchere A,Dark-Smoke,0.9045,moyenne,178,0,720,734,0.0,0.16,0.755,0.632,hsv
344,11.467,Torchere A,Dark-Smoke,0.5991,mauvaise,181,0,697,730,0.0,0.173,0.738,0.633,hsv
345,11.500,Torchere A,Medium-Flare,0.4942,moyenne,211,320,421,724,0.0,0.404,0.45,0.721,hsv
345,11.500,Torchere A,Dark-Smoke,0.9213,moyenne,188,0,720,731,0.0,0.157,0.75,0.63,hsv
346,11.533,Torchere A,Dark-Smoke,0.9309,mauvaise,192,0,720,725,0.0,0.159,0.747,0.631,hsv
347,11.567,Torchere A,Medium-Flare,0.4482,moyenne,201,142,445,688,0.0,0.394,0.419,0.708,hsv
347,11.567,Torchere A,Dark-Smoke,0.8873,moyenne,195,3,720,729,0.0,0.156,0.744,0.632,hsv
348,11.600,Torchere A,Medium-Flare,0.3788,moyenne,205,186,448,703,0.0,0.366,0.443,0.701,hsv
348,11.600,Torchere A,Dark-Smoke,0.9351,moyenne,197,1,720,730,0.0,0.158,0.741,0.634,hsv
349,11.633,Torchere A,Dark-Smoke,0.9362,mauvaise,191,0,720,709,0.0,0.161,0.741,0.638,hsv
350,11.667,Torchere A,Medium-Flare,0.4690,moyenne,203,117,457,651,0.0,0.372,0.426,0.699,hsv
350,11.667,Torchere A,Dark-Smoke,0.9438,moyenne,195,0,720,703,0.0,0.164,0.737,0.639,hsv
351,11.700,Torchere A,Medium-Flare,0.3112,moyenne,209,49,502,636,0.0,0.328,0.489,0.678,hsv
351,11.700,Torchere A,Dark-Smoke,0.8899,moyenne,200,0,720,688,0.0,0.17,0.731,0.64,hsv
352,11.733,Torchere A,Medium-Flare,0.2881,moyenne,206,62,483,641,0.0,0.345,0.467,0.688,hsv
352,11.733,Torchere A,Dark-Smoke,0.9291,moyenne,203,0,720,687,0.0,0.17,0.731,0.641,hsv
353,11.767,Torchere A,Dark-Smoke,0.9056,mauvaise,214,0,720,686,0.0,0.172,0.732,0.64,hsv
354,11.800,Torchere A,Dark-Smoke,0.9175,mauvaise,243,0,720,695,0.0,0.185,0.72,0.64,hsv
355,11.833,Torchere A,Medium-Flare,0.3726,moyenne,235,139,498,686,0.0,0.336,0.497,0.686,hsv
355,11.833,Torchere A,Dark-Smoke,0.9033,moyenne,230,0,720,689,0.0,0.18,0.727,0.64,hsv
356,11.867,Torchere A,Medium-Flare,0.3780,moyenne,223,295,441,675,0.0,0.392,0.471,0.728,hsv
356,11.867,Torchere A,Dark-Smoke,0.8849,moyenne,210,0,720,677,0.0,0.172,0.739,0.641,hsv
357,11.900,Torchere A,Medium-Flare,0.5408,moyenne,218,143,478,662,0.0,0.331,0.493,0.684,hsv
357,11.900,Torchere A,Dark-Smoke,0.9138,moyenne,209,0,720,667,0.0,0.171,0.738,0.634,hsv
358,11.933,Torchere A,Medium-Flare,0.8350,moyenne,223,197,482,656,0.0,0.345,0.495,0.7,hsv
358,11.933,Torchere A,Dark-Smoke,0.9277,moyenne,212,0,720,667,0.0,0.173,0.737,0.636,hsv
359,11.967,Torchere A,Medium-Flare,0.6586,moyenne,222,195,486,655,0.0,0.331,0.497,0.698,hsv
359,11.967,Torchere A,Dark-Smoke,0.9387,moyenne,208,0,720,666,0.0,0.169,0.736,0.635,hsv
360,12.000,Torchere A,Medium-Flare,0.5311,moyenne,208,166,473,667,0.0,0.314,0.499,0.686,hsv
360,12.000,Torchere A,Dark-Smoke,0.9411,moyenne,198,0,720,670,0.0,0.164,0.742,0.633,hsv
361,12.033,Torchere A,Medium-Flare,0.4727,moyenne,213,187,457,658,0.0,0.339,0.461,0.702,hsv
361,12.033,Torchere A,Dark-Smoke,0.9386,moyenne,198,0,720,667,0.0,0.16,0.741,0.633,hsv
362,12.067,Torchere A,Dark-Smoke,0.9379,mauvaise,193,0,720,669,0.0,0.16,0.743,0.631,hsv
363,12.100,Torchere A,Medium-Flare,0.4341,moyenne,184,6,466,481,0.0,0.323,0.433,0.65,hsv
363,12.100,Torchere A,Dark-Smoke,0.9410,moyenne,175,0,720,675,0.0,0.147,0.749,0.629,hsv
364,12.133,Torchere A,Dark-Smoke,0.9477,mauvaise,174,0,720,678,0.0,0.139,0.747,0.627,hsv
365,12.167,Torchere A,Medium-Flare,0.7013,moyenne,191,19,443,571,0.0,0.351,0.423,0.672,hsv
365,12.167,Torchere A,Dark-Smoke,0.9482,moyenne,182,0,720,674,0.0,0.145,0.746,0.626,hsv
366,12.200,Torchere A,Medium-Flare,0.3408,moyenne,200,236,430,672,0.0,0.327,0.485,0.7,hsv
366,12.200,Torchere A,Dark-Smoke,0.9460,moyenne,184,0,720,674,0.0,0.144,0.752,0.626,hsv
367,12.233,Torchere A,Medium-Flare,0.7049,moyenne,189,17,440,534,0.0,0.358,0.413,0.671,hsv
367,12.233,Torchere A,Medium-Flare,0.3731,moyenne,199,219,430,675,0.0,0.351,0.466,0.705,hsv
367,12.233,Torchere A,Dark-Smoke,0.9350,moyenne,180,0,720,682,0.0,0.144,0.757,0.624,hsv
368,12.267,Torchere A,Medium-Flare,0.5588,moyenne,189,24,453,554,0.0,0.343,0.444,0.666,hsv
368,12.267,Torchere A,Dark-Smoke,0.9113,moyenne,180,0,720,687,0.0,0.145,0.756,0.625,hsv
369,12.300,Torchere A,Medium-Flare,0.5424,moyenne,205,235,419,679,0.0,0.363,0.451,0.71,hsv
369,12.300,Torchere A,Dark-Smoke,0.9200,moyenne,186,0,720,684,0.0,0.147,0.751,0.625,hsv
370,12.333,Torchere A,Medium-Flare,0.5331,moyenne,206,261,398,675,0.0,0.375,0.421,0.717,hsv
370,12.333,Torchere A,Medium-Flare,0.3641,moyenne,197,0,458,570,0.0,0.342,0.457,0.669,hsv
370,12.333,Torchere A,Dark-Smoke,0.9352,moyenne,190,0,720,682,0.0,0.152,0.746,0.627,hsv
371,12.367,Torchere A,Medium-Flare,0.6571,moyenne,204,161,430,673,0.0,0.369,0.439,0.711,hsv
371,12.367,Torchere A,Dark-Smoke,0.9192,moyenne,192,0,720,673,0.0,0.156,0.741,0.629,hsv
372,12.400,Torchere A,Medium-Flare,0.6865,moyenne,196,0,461,553,0.0,0.359,0.448,0.675,hsv
372,12.400,Torchere A,Dark-Smoke,0.8675,moyenne,192,0,720,671,0.0,0.162,0.74,0.631,hsv
373,12.433,Torchere A,Medium-Flare,0.5805,moyenne,215,0,474,575,0.0,0.36,0.449,0.679,hsv
373,12.433,Torchere A,Dark-Smoke,0.8070,moyenne,211,0,720,676,0.0,0.166,0.735,0.63,hsv
374,12.467,Torchere A,Medium-Flare,0.8561,moyenne,258,164,502,680,0.0,0.356,0.463,0.706,hsv
374,12.467,Torchere A,Dark-Smoke,0.8644,moyenne,243,0,720,679,0.0,0.181,0.716,0.631,hsv
375,12.500,Torchere A,Medium-Flare,0.7498,moyenne,265,168,481,685,0.0,0.413,0.416,0.728,hsv
375,12.500,Torchere A,Dark-Smoke,0.8965,moyenne,250,0,720,689,0.0,0.188,0.711,0.633,hsv
376,12.533,Torchere A,Medium-Flare,0.7529,moyenne,266,159,514,694,0.0,0.365,0.463,0.707,hsv
376,12.533,Torchere A,Dark-Smoke,0.8937,moyenne,255,0,720,696,0.0,0.187,0.707,0.631,hsv
377,12.567,Torchere A,Medium-Flare,0.8209,moyenne,263,154,509,697,0.0,0.367,0.456,0.706,hsv
377,12.567,Torchere A,Dark-Smoke,0.8386,moyenne,250,0,720,695,0.0,0.187,0.703,0.631,hsv
378,12.600,Torchere A,Medium-Flare,0.6831,moyenne,224,144,475,690,0.0,0.367,0.454,0.693,hsv
378,12.600,Torchere A,Dark-Smoke,0.8161,moyenne,212,0,720,691,0.0,0.176,0.719,0.616,hsv
379,12.633,Torchere A,Medium-Flare,0.7228,moyenne,196,115,453,710,0.0,0.359,0.454,0.687,hsv
379,12.633,Torchere A,Dark-Smoke,0.7895,moyenne,174,0,720,698,0.0,0.16,0.728,0.612,hsv
380,12.667,Torchere A,Medium-Flare,0.7550,moyenne,177,149,435,690,0.0,0.341,0.474,0.683,hsv
380,12.667,Torchere A,Dark-Smoke,0.8801,moyenne,165,0,720,692,0.0,0.156,0.737,0.614,hsv
381,12.700,Torchere A,Medium-Flare,0.7248,moyenne,162,92,427,675,0.0,0.347,0.469,0.679,hsv
381,12.700,Torchere A,Dark-Smoke,0.7181,moyenne,154,0,720,669,0.0,0.16,0.736,0.618,hsv
382,12.733,Torchere A,Medium-Flare,0.4360,moyenne,149,213,344,669,0.0,0.412,0.385,0.708,hsv
382,12.733,Torchere A,Dark-Smoke,0.8763,moyenne,130,0,720,669,0.0,0.154,0.747,0.618,hsv
383,12.767,Torchere A,Medium-Flare,0.5548,moyenne,97,96,361,656,0.0,0.338,0.476,0.673,hsv
383,12.767,Torchere A,Dark-Smoke,0.8525,moyenne,83,0,720,661,0.0,0.143,0.769,0.621,hsv
384,12.800,Torchere A,Medium-Flare,0.5378,moyenne,65,55,330,647,0.0,0.341,0.469,0.673,hsv
384,12.800,Torchere A,Dark-Smoke,0.9319,moyenne,45,0,720,648,0.0,0.135,0.785,0.627,hsv
385,12.833,Torchere A,Medium-Flare,0.6956,moyenne,58,68,307,616,0.0,0.345,0.472,0.691,hsv
385,12.833,Torchere A,Dark-Smoke,0.8155,moyenne,43,0,720,618,0.0,0.135,0.794,0.648,hsv
386,12.867,Torchere A,Medium-Flare,0.8571,moyenne,126,22,358,584,0.0,0.369,0.441,0.696,hsv
386,12.867,Torchere A,Dark-Smoke,0.8901,moyenne,118,0,720,593,0.0,0.144,0.783,0.648,hsv
387,12.900,Torchere A,Medium-Flare,0.6495,moyenne,196,0,441,584,0.0,0.358,0.457,0.692,hsv
387,12.900,Torchere A,Dark-Smoke,0.8901,moyenne,179,0,720,594,0.0,0.159,0.758,0.648,hsv
388,12.933,Torchere A,Medium-Flare,0.6643,moyenne,196,16,432,585,0.0,0.38,0.428,0.703,hsv
388,12.933,Torchere A,Dark-Smoke,0.8768,moyenne,179,0,720,599,0.0,0.165,0.752,0.648,hsv
389,12.967,Torchere A,Medium-Flare,0.8012,moyenne,153,21,390,582,0.0,0.356,0.456,0.707,hsv
389,12.967,Torchere A,Dark-Smoke,0.9311,moyenne,145,0,720,587,0.0,0.15,0.773,0.662,hsv
390,13.000,Torchere A,Medium-Flare,0.7727,moyenne,139,17,378,585,0.0,0.355,0.465,0.719,hsv
390,13.000,Torchere A,Dark-Smoke,0.9186,moyenne,127,0,720,593,0.0,0.144,0.784,0.676,hsv
391,13.033,Torchere A,Dark-Smoke,0.8203,mauvaise,111,0,720,609,0.0,0.143,0.783,0.677,hsv
392,13.067,Torchere A,Medium-Flare,0.4154,moyenne,106,81,339,625,0.0,0.355,0.458,0.724,hsv
392,13.067,Torchere A,Dark-Smoke,0.8652,moyenne,96,0,720,627,0.0,0.143,0.781,0.678,hsv
393,13.100,Torchere A,Dark-Smoke,0.8560,mauvaise,94,0,720,638,0.0,0.137,0.784,0.678,hsv
394,13.133,Torchere A,Dark-Smoke,0.8840,mauvaise,109,0,720,650,0.0,0.141,0.779,0.677,hsv
395,13.167,Torchere A,Medium-Flare,0.5257,moyenne,126,81,356,644,0.0,0.359,0.454,0.725,hsv
395,13.167,Torchere A,Dark-Smoke,0.8941,moyenne,112,0,720,651,0.0,0.142,0.781,0.677,hsv
396,13.200,Torchere A,Medium-Flare,0.2979,moyenne,122,78,363,635,0.0,0.352,0.464,0.722,hsv
396,13.200,Torchere A,Dark-Smoke,0.9126,moyenne,107,0,720,653,0.0,0.142,0.782,0.677,hsv
397,13.233,Torchere A,Medium-Flare,0.3907,moyenne,122,79,367,649,0.0,0.349,0.466,0.724,hsv
397,13.233,Torchere A,Dark-Smoke,0.8851,moyenne,107,0,720,665,0.0,0.141,0.781,0.675,hsv
398,13.267,Torchere A,Medium-Flare,0.5215,moyenne,134,72,368,644,0.0,0.365,0.446,0.729,hsv
398,13.267,Torchere A,Dark-Smoke,0.9072,moyenne,116,0,720,655,0.0,0.145,0.779,0.676,hsv
399,13.300,Torchere A,Medium-Flare,0.5476,moyenne,138,0,396,613,0.0,0.368,0.453,0.705,hsv
399,13.300,Torchere A,Dark-Smoke,0.8887,moyenne,126,0,720,652,0.0,0.151,0.775,0.655,hsv
400,13.333,Torchere A,Medium-Flare,0.4167,moyenne,140,83,386,644,0.0,0.361,0.475,0.701,hsv
400,13.333,Torchere A,Dark-Smoke,0.8721,moyenne,120,0,720,661,0.0,0.152,0.778,0.648,hsv
401,13.367,Torchere A,Dark-Smoke,0.8396,mauvaise,129,0,720,672,0.0,0.152,0.777,0.646,hsv
402,13.400,Torchere A,Dark-Smoke,0.7770,mauvaise,159,0,720,668,0.0,0.161,0.765,0.645,hsv
403,13.433,Torchere A,Medium-Flare,0.5976,moyenne,169,157,399,662,0.0,0.374,0.459,0.711,hsv
403,13.433,Torchere A,Dark-Smoke,0.8508,moyenne,164,0,720,669,0.0,0.16,0.764,0.644,hsv
404,13.467,Torchere A,Medium-Flare,0.4399,moyenne,155,63,414,648,0.0,0.348,0.495,0.69,hsv
404,13.467,Torchere A,Dark-Smoke,0.8105,moyenne,141,0,720,669,0.0,0.148,0.775,0.642,hsv
405,13.500,Torchere A,Dark-Smoke,0.8579,mauvaise,128,0,720,668,0.0,0.143,0.779,0.639,hsv
406,13.533,Torchere A,Dark-Smoke,0.8164,mauvaise,143,0,720,671,0.0,0.14,0.776,0.637,hsv
407,13.567,Torchere A,Dark-Smoke,0.8698,mauvaise,163,0,720,674,0.0,0.146,0.767,0.635,hsv
408,13.600,Torchere A,Dark-Smoke,0.8625,mauvaise,149,0,720,689,0.0,0.138,0.774,0.631,hsv
409,13.633,Torchere A,Medium-Flare,0.4680,moyenne,153,24,421,611,0.0,0.335,0.48,0.663,hsv
409,13.633,Torchere A,Dark-Smoke,0.8324,moyenne,140,0,720,700,0.0,0.135,0.783,0.63,hsv
410,13.667,Torchere A,Dark-Flare,0.2979,mauvaise,144,12,408,583,0.0,0.341,0.468,0.66,hsv
410,13.667,Torchere A,Dark-Smoke,0.7323,mauvaise,133,0,720,692,0.0,0.137,0.784,0.631,hsv
411,13.700,Torchere A,Dark-Flare,0.3069,mauvaise,154,8,405,569,0.0,0.349,0.441,0.659,hsv
411,13.700,Torchere A,Dark-Smoke,0.7061,mauvaise,138,0,720,700,0.0,0.134,0.787,0.63,hsv
412,13.733,Torchere A,Medium-Flare,0.6472,moyenne,173,22,433,612,0.0,0.343,0.465,0.659,hsv
412,13.733,Torchere A,Dark-Smoke,0.9244,moyenne,167,0,720,705,0.0,0.143,0.774,0.627,hsv
413,13.767,Torchere A,Medium-Flare,0.7709,moyenne,169,247,375,731,0.0,0.41,0.43,0.715,hsv
413,13.767,Torchere A,Dark-Smoke,0.9051,moyenne,161,0,720,734,0.0,0.137,0.773,0.62,hsv
414,13.800,Torchere A,Medium-Flare,0.7650,moyenne,151,280,361,749,0.0,0.397,0.447,0.712,hsv
414,13.800,Torchere A,Dark-Smoke,0.8617,moyenne,133,0,720,760,0.0,0.125,0.787,0.617,hsv
415,13.833,Torchere A,Medium-Flare,0.8020,moyenne,133,253,341,753,0.0,0.408,0.432,0.715,hsv
415,13.833,Torchere A,Dark-Smoke,0.8856,moyenne,115,0,720,764,0.0,0.121,0.793,0.617,hsv
416,13.867,Torchere A,Medium-Flare,0.7411,moyenne,129,270,341,767,0.0,0.393,0.455,0.711,hsv
416,13.867,Torchere A,Dark-Smoke,0.9179,moyenne,115,0,720,772,0.0,0.122,0.793,0.617,hsv
417,13.900,Torchere A,Medium-Flare,0.5987,moyenne,146,238,361,752,0.0,0.394,0.458,0.712,hsv
417,13.900,Torchere A,Dark-Flare,0.5184,moyenne,148,11,419,493,0.0,0.299,0.478,0.618,hsv
417,13.900,Torchere A,Dark-Smoke,0.9056,moyenne,130,0,720,764,0.0,0.124,0.786,0.619,hsv
418,13.933,Torchere A,Medium-Flare,0.7314,moyenne,173,244,385,740,0.0,0.389,0.467,0.71,hsv
418,13.933,Torchere A,Medium-Flare,0.6353,moyenne,178,25,454,605,0.0,0.322,0.481,0.648,hsv
418,13.933,Torchere A,Dark-Smoke,0.8936,moyenne,166,0,720,736,0.0,0.14,0.769,0.623,hsv
419,13.967,Torchere A,Medium-Flare,0.7794,moyenne,194,284,394,741,0.0,0.42,0.445,0.725,hsv
419,13.967,Torchere A,Medium-Flare,0.5748,moyenne,194,20,465,502,0.0,0.321,0.444,0.635,hsv
419,13.967,Torchere A,Dark-Smoke,0.8768,moyenne,180,1,720,743,0.0,0.141,0.763,0.621,hsv
420,14.000,Torchere A,Medium-Flare,0.7438,moyenne,213,240,430,751,0.0,0.389,0.469,0.71,hsv
420,14.000,Torchere A,Medium-Flare,0.4883,moyenne,215,29,492,588,0.0,0.316,0.479,0.642,hsv
420,14.000,Torchere A,Dark-Smoke,0.8516,moyenne,199,0,720,760,0.0,0.144,0.76,0.619,hsv
421,14.033,Torchere A,Medium-Flare,0.6473,moyenne,221,294,440,747,0.0,0.39,0.483,0.715,hsv
421,14.033,Torchere A,Medium-Flare,0.5764,moyenne,231,31,509,610,0.0,0.317,0.479,0.644,hsv
421,14.033,Torchere A,Dark-Smoke,0.7982,moyenne,215,0,720,759,0.0,0.149,0.75,0.618,hsv
422,14.067,Torchere A,Medium-Flare,0.7203,moyenne,207,279,420,762,0.0,0.414,0.458,0.724,hsv
422,14.067,Torchere A,Dark-Smoke,0.8644,moyenne,191,2,720,770,0.0,0.143,0.768,0.617,hsv
423,14.100,Torchere A,Medium-Flare,0.4933,moyenne,183,304,392,772,0.0,0.417,0.466,0.727,hsv
423,14.100,Torchere A,Medium-Flare,0.3595,moyenne,190,42,454,626,0.0,0.336,0.459,0.651,hsv
423,14.100,Torchere A,Dark-Smoke,0.8954,moyenne,172,0,720,771,0.0,0.137,0.778,0.616,hsv
424,14.133,Torchere A,Medium-Flare,0.6066,moyenne,180,282,387,760,0.0,0.425,0.454,0.727,hsv
424,14.133,Torchere A,Medium-Flare,0.3347,moyenne,194,22,455,527,0.0,0.33,0.442,0.634,hsv
424,14.133,Torchere A,Dark-Smoke,0.8478,moyenne,171,1,720,770,0.0,0.136,0.779,0.618,hsv
425,14.167,Torchere A,Medium-Flare,0.7701,moyenne,174,300,375,745,0.0,0.42,0.454,0.727,hsv
425,14.167,Torchere A,Dark-Smoke,0.7299,moyenne,166,0,720,748,0.0,0.136,0.775,0.623,hsv
426,14.200,Torchere A,Medium-Flare,0.7605,moyenne,157,270,378,732,0.0,0.384,0.492,0.715,hsv
426,14.200,Torchere A,Medium-Flare,0.3429,moyenne,171,25,428,593,0.0,0.345,0.446,0.657,hsv
426,14.200,Torchere A,Dark-Smoke,0.8345,moyenne,146,0,720,736,0.0,0.132,0.781,0.628,hsv
427,14.233,Torchere A,Medium-Flare,0.8081,moyenne,165,239,395,716,0.0,0.37,0.511,0.707,hsv
427,14.233,Torchere A,Medium-Flare,0.4602,moyenne,169,0,437,586,0.0,0.318,0.483,0.649,hsv
427,14.233,Torchere A,Dark-Smoke,0.8333,moyenne,152,0,720,721,0.0,0.134,0.786,0.63,hsv
428,14.267,Torchere A,Medium-Flare,0.7742,moyenne,193,206,421,701,0.0,0.388,0.498,0.712,hsv
428,14.267,Torchere A,Dark-Smoke,0.8315,moyenne,175,0,720,707,0.0,0.149,0.777,0.634,hsv
429,14.300,Torchere A,Medium-Flare,0.6382,moyenne,190,201,415,707,0.0,0.389,0.481,0.712,hsv
429,14.300,Torchere A,Dark-Smoke,0.9201,moyenne,174,0,720,714,0.0,0.144,0.775,0.632,hsv
430,14.333,Torchere A,Medium-Flare,0.7165,moyenne,186,206,401,703,0.0,0.407,0.462,0.72,hsv
430,14.333,Torchere A,Medium-Flare,0.5746,moyenne,184,0,432,563,0.0,0.369,0.434,0.671,hsv
430,14.333,Torchere A,Dark-Smoke,0.8750,moyenne,172,0,720,708,0.0,0.147,0.775,0.633,hsv
431,14.367,Torchere A,Medium-Flare,0.8026,moyenne,178,189,386,691,0.0,0.424,0.449,0.726,hsv
431,14.367,Torchere A,Dark-Smoke,0.7559,moyenne,169,0,720,697,0.0,0.149,0.775,0.635,hsv
432,14.400,Torchere A,Medium-Flare,0.7691,moyenne,166,172,381,694,0.0,0.416,0.459,0.724,hsv
432,14.400,Torchere A,Medium-Flare,0.3506,moyenne,173,2,407,506,0.0,0.402,0.391,0.686,hsv
432,14.400,Torchere A,Dark-Smoke,0.8475,moyenne,157,0,720,702,0.0,0.145,0.781,0.636,hsv
433,14.433,Torchere A,Medium-Flare,0.7158,moyenne,168,243,378,697,0.0,0.395,0.479,0.714,hsv
433,14.433,Torchere A,Medium-Flare,0.6232,moyenne,169,3,397,536,0.0,0.41,0.391,0.695,hsv
433,14.433,Torchere A,Dark-Smoke,0.8165,moyenne,155,0,720,703,0.0,0.143,0.783,0.636,hsv
434,14.467,Torchere A,Medium-Flare,0.8692,moyenne,175,216,384,699,0.0,0.402,0.464,0.721,hsv
434,14.467,Torchere A,Medium-Flare,0.6604,moyenne,172,3,402,536,0.0,0.407,0.402,0.694,hsv
434,14.467,Torchere A,Dark-Smoke,0.9092,moyenne,161,0,720,705,0.0,0.145,0.783,0.636,hsv
435,14.500,Torchere A,Medium-Flare,0.7968,moyenne,192,213,408,702,0.0,0.388,0.472,0.716,hsv
435,14.500,Torchere A,Medium-Flare,0.6227,moyenne,189,0,434,564,0.0,0.378,0.435,0.679,hsv
435,14.500,Torchere A,Dark-Smoke,0.8943,moyenne,176,0,720,708,0.0,0.151,0.775,0.636,hsv
436,14.533,Torchere A,Medium-Flare,0.8027,moyenne,187,0,451,547,0.0,0.355,0.459,0.67,hsv
436,14.533,Torchere A,Medium-Flare,0.4960,moyenne,191,291,402,704,0.0,0.35,0.513,0.692,hsv
436,14.533,Torchere A,Dark-Smoke,0.7165,moyenne,174,0,720,710,0.0,0.151,0.774,0.637,hsv
437,14.567,Torchere A,Medium-Flare,0.5677,moyenne,169,0,420,551,0.0,0.371,0.428,0.686,hsv
437,14.567,Torchere A,Dark-Smoke,0.9107,moyenne,166,0,720,541,0.0,0.17,0.735,0.633,hsv
438,14.600,Torchere A,Medium-Flare,0.8006,moyenne,161,170,389,710,0.0,0.376,0.463,0.722,hsv
438,14.600,Torchere A,Medium-Flare,0.5677,moyenne,165,0,424,523,0.0,0.367,0.422,0.683,hsv
438,14.600,Torchere A,Dark-Smoke,0.8781,moyenne,146,0,720,719,0.0,0.143,0.779,0.641,hsv
439,14.633,Torchere A,Medium-Flare,0.7876,moyenne,156,0,408,561,0.0,0.365,0.417,0.693,hsv
439,14.633,Torchere A,Medium-Flare,0.5283,moyenne,153,211,380,705,0.0,0.366,0.476,0.719,hsv
439,14.633,Torchere A,Dark-Smoke,0.8485,moyenne,139,0,720,714,0.0,0.141,0.778,0.642,hsv
440,14.667,Torchere A,Medium-Flare,0.7710,moyenne,152,166,385,707,0.0,0.371,0.466,0.723,hsv
440,14.667,Torchere A,Dark-Smoke,0.7945,moyenne,139,0,720,720,0.0,0.143,0.777,0.643,hsv
441,14.700,Torchere A,Medium-Flare,0.7666,moyenne,160,168,389,654,0.0,0.415,0.407,0.735,hsv
441,14.700,Torchere A,Dark-Smoke,0.7925,moyenne,152,0,720,716,0.0,0.147,0.77,0.645,hsv
442,14.733,Torchere A,Medium-Flare,0.8303,moyenne,176,176,419,709,0.0,0.365,0.479,0.703,hsv
442,14.733,Torchere A,Medium-Flare,0.3694,moyenne,181,0,439,420,0.0,0.361,0.376,0.68,hsv
442,14.733,Torchere A,Dark-Smoke,0.8416,moyenne,168,0,720,702,0.0,0.156,0.756,0.629,hsv
443,14.767,Torchere A,Medium-Flare,0.8510,moyenne,183,167,418,706,0.0,0.379,0.462,0.71,hsv
443,14.767,Torchere A,Dark-Smoke,0.8746,moyenne,173,0,720,701,0.0,0.158,0.75,0.632,hsv
444,14.800,Torchere A,Medium-Flare,0.8073,moyenne,177,178,415,701,0.0,0.378,0.457,0.709,hsv
444,14.800,Torchere A,Medium-Flare,0.4709,moyenne,176,0,433,509,0.0,0.387,0.377,0.694,hsv
444,14.800,Torchere A,Dark-Smoke,0.8314,moyenne,169,0,720,708,0.0,0.156,0.751,0.631,hsv
445,14.833,Torchere A,Medium-Flare,0.5629,moyenne,170,0,433,544,0.0,0.38,0.393,0.689,hsv
445,14.833,Torchere A,Dark-Smoke,0.7417,moyenne,162,0,720,709,0.0,0.158,0.751,0.632,hsv
446,14.867,Torchere A,Medium-Flare,0.6567,moyenne,162,157,417,712,0.0,0.366,0.476,0.7,hsv
446,14.867,Torchere A,Dark-Smoke,0.6909,moyenne,157,0,720,714,0.0,0.158,0.753,0.629,hsv
447,14.900,Torchere A,Medium-Flare,0.5527,moyenne,168,201,414,714,0.0,0.371,0.482,0.686,hsv
447,14.900,Torchere A,Dark-Smoke,0.8744,moyenne,161,0,720,720,0.0,0.161,0.753,0.616,hsv
448,14.933,Torchere A,Medium-Flare,0.5427,moyenne,168,167,413,712,0.0,0.38,0.465,0.692,hsv
448,14.933,Torchere A,Dark-Smoke,0.8189,moyenne,161,0,720,717,0.0,0.162,0.751,0.616,hsv
449,14.967,Torchere A,Medium-Flare,0.2889,moyenne,157,128,430,663,0.0,0.378,0.46,0.682,hsv
449,14.967,Torchere A,Dark-Smoke,0.8753,moyenne,153,0,720,720,0.0,0.161,0.753,0.616,hsv
450,15.000,Torchere A,Medium-Flare,0.5772,moyenne,148,172,400,692,0.0,0.381,0.456,0.687,hsv
450,15.000,Torchere A,Dark-Smoke,0.9352,moyenne,143,0,720,728,0.0,0.155,0.76,0.613,hsv
451,15.033,Torchere A,Medium-Flare,0.5737,moyenne,162,175,387,735,0.0,0.39,0.435,0.694,hsv
451,15.033,Torchere A,Dark-Smoke,0.8936,moyenne,150,0,720,732,0.0,0.154,0.756,0.611,hsv
452,15.067,Torchere A,Medium-Flare,0.8037,moyenne,163,193,396,741,0.0,0.38,0.434,0.689,hsv
452,15.067,Torchere A,Dark-Smoke,0.9119,moyenne,153,0,720,754,0.0,0.151,0.757,0.607,hsv
453,15.100,Torchere A,Medium-Flare,0.5222,moyenne,153,188,398,750,0.0,0.377,0.43,0.686,hsv
453,15.100,Torchere A,Dark-Smoke,0.6286,moyenne,145,1,720,786,0.0,0.145,0.76,0.602,hsv
454,15.133,Torchere A,Medium-Flare,0.7113,moyenne,144,231,385,808,0.0,0.355,0.456,0.678,hsv
454,15.133,Torchere A,Dark-Smoke,0.7338,moyenne,133,0,720,810,0.0,0.137,0.759,0.594,hsv
455,15.167,Torchere A,Medium-Flare,0.3275,moyenne,141,230,407,780,0.0,0.34,0.457,0.668,hsv
455,15.167,Torchere A,Dark-Smoke,0.8061,moyenne,138,0,720,845,0.0,0.129,0.757,0.588,hsv
456,15.200,Torchere A,Medium-Flare,0.2970,moyenne,157,274,419,820,0.0,0.328,0.472,0.663,hsv
456,15.200,Torchere A,Dark-Smoke,0.8253,moyenne,149,0,720,861,0.0,0.126,0.745,0.581,hsv
457,15.233,Torchere A,Dark-Smoke,0.8662,mauvaise,167,0,720,867,0.0,0.125,0.74,0.576,hsv
458,15.267,Torchere A,Dark-Smoke,0.9145,mauvaise,174,0,720,874,0.0,0.122,0.74,0.573,hsv
459,15.300,Torchere A,Dark-Smoke,0.9336,mauvaise,177,0,720,876,0.0,0.117,0.742,0.569,hsv
460,15.333,Torchere A,Dark-Smoke,0.9301,mauvaise,185,0,720,876,0.0,0.117,0.737,0.564,hsv
461,15.367,Torchere A,Dark-Smoke,0.9311,mauvaise,200,0,720,896,0.0,0.115,0.734,0.572,hsv
462,15.400,Torchere A,Medium-Flare,0.4750,moyenne,205,369,474,820,0.0,0.279,0.53,0.631,hsv
462,15.400,Torchere A,Dark-Smoke,0.9226,moyenne,204,2,720,912,0.0,0.114,0.738,0.567,hsv
463,15.433,Torchere A,Dark-Smoke,0.9135,mauvaise,202,0,720,923,0.0,0.107,0.732,0.561,hsv
464,15.467,Torchere A,Dark-Smoke,0.9220,mauvaise,202,3,720,937,0.0,0.101,0.748,0.574,hsv
465,15.500,Torchere A,Dark-Smoke,0.9502,mauvaise,194,2,720,956,0.0,0.094,0.761,0.575,hsv
466,15.533,Torchere A,Medium-Flare,0.5403,moyenne,211,483,463,957,0.0,0.27,0.558,0.662,hsv
466,15.533,Torchere A,Medium-Flare,0.3730,moyenne,221,149,459,713,0.0,0.217,0.506,0.579,hsv
466,15.533,Torchere A,Dark-Smoke,0.9494,moyenne,193,2,720,962,0.0,0.087,0.756,0.572,hsv
467,15.567,Torchere A,Dark-Smoke,0.9264,mauvaise,198,0,720,974,0.0,0.083,0.764,0.583,hsv
468,15.600,Torchere A,Dark-Smoke,0.8893,mauvaise,204,0,720,984,0.0,0.081,0.771,0.584,hsv
469,15.633,Torchere A,Medium-Flare,0.6351,moyenne,231,697,409,986,0.0,0.317,0.511,0.721,hsv
469,15.633,Torchere A,Medium-Flare,0.5133,moyenne,216,360,484,898,0.0,0.216,0.571,0.641,hsv
469,15.633,Torchere A,Dark-Smoke,0.8867,moyenne,216,0,720,988,0.0,0.076,0.759,0.594,hsv
470,15.667,ambient,Dark-Smoke,0.9201,ambient_smoke,219,0,720,990,0.0,0.075,0.753,0.591,hsv
470,15.667,Torchere A,Medium-Flare,0.7220,bonne,235,714,393,990,0.0,0.36,0.472,0.738,hsv
471,15.700,Torchere A,Medium-Flare,0.4390,moyenne,233,545,489,1000,0.0,0.278,0.527,0.722,hsv
471,15.700,Torchere A,Dark-Smoke,0.8804,moyenne,216,0,720,1005,0.0,0.072,0.76,0.606,hsv
472,15.733,Torchere A,Dark-Smoke,0.9048,mauvaise,220,1,720,1020,0.0,0.07,0.749,0.614,hsv
473,15.767,ambient,Dark-Smoke,0.9237,ambient_smoke,219,0,720,1029,0.0,0.069,0.739,0.617,hsv
473,15.767,Torchere A,Medium-Flare,0.8771,bonne,233,749,379,1019,0.0,0.408,0.444,0.779,hsv
474,15.800,ambient,Dark-Smoke,0.9464,ambient_smoke,214,1,720,1037,0.0,0.067,0.73,0.616,hsv
474,15.800,Torchere A,Medium-Flare,0.6291,bonne,225,630,394,1032,0.0,0.352,0.371,0.755,hsv
475,15.833,Torchere A,Medium-Flare,0.7327,moyenne,210,557,473,1039,0.0,0.273,0.528,0.726,hsv
475,15.833,Torchere A,Medium-Flare,0.5512,moyenne,215,720,366,1036,0.0,0.355,0.381,0.751,hsv
475,15.833,Torchere A,Dark-Smoke,0.9183,moyenne,177,1,720,1048,0.0,0.061,0.737,0.62,hsv
476,15.867,Torchere A,Medium-Flare,0.5958,moyenne,205,555,475,1063,0.0,0.255,0.557,0.719,hsv
476,15.867,Torchere A,Dark-Smoke,0.9040,moyenne,172,0,720,1061,0.0,0.06,0.726,0.62,hsv
476,15.867,Torchere A,Dark-Smoke,0.5162,moyenne,199,541,484,1056,0.0,0.238,0.586,0.712,hsv
477,15.900,ambient,Dark-Smoke,0.9071,ambient_smoke,180,0,720,1059,0.0,0.061,0.705,0.618,hsv
477,15.900,Torchere A,Medium-Flare,0.7264,moyenne,214,779,361,1061,0.0,0.403,0.44,0.778,hsv
477,15.900,Torchere A,Medium-Flare,0.3368,moyenne,208,548,410,1064,0.0,0.298,0.469,0.727,hsv
477,15.900,Torchere A,Dark-Smoke,0.6702,moyenne,201,544,502,1062,0.0,0.224,0.605,0.71,hsv
478,15.933,ambient,Dark-Smoke,0.8719,ambient_smoke,174,1,720,1056,0.0,0.062,0.692,0.617,hsv
478,15.933,Torchere A,Medium-Flare,0.6270,bonne,208,573,462,1073,0.0,0.283,0.506,0.728,hsv
479,15.967,ambient,Dark-Smoke,0.8928,ambient_smoke,170,2,720,1093,0.0,0.062,0.693,0.621,hsv
479,15.967,Torchere A,Medium-Flare,0.6690,moyenne,204,803,351,1085,0.0,0.427,0.436,0.787,hsv
479,15.967,Torchere A,Dark-Flare,0.6053,moyenne,206,805,349,1083,0.0,0.445,0.419,0.794,hsv
480,16.000,ambient,Dark-Smoke,0.9187,ambient_smoke,168,2,720,1092,0.0,0.062,0.692,0.62,hsv
480,16.000,Torchere A,Medium-Flare,0.4488,bonne,203,799,347,1081,0.0,0.445,0.42,0.787,hsv
481,16.033,ambient,Dark-Smoke,0.8190,ambient_smoke,170,2,720,1094,0.0,0.061,0.693,0.619,hsv
481,16.033,Torchere A,Medium-Flare,0.6421,bonne,194,597,462,1095,0.0,0.274,0.52,0.732,hsv
482,16.067,ambient,Dark-Smoke,0.8548,ambient_smoke,169,4,720,1091,0.0,0.065,0.689,0.619,hsv
482,16.067,Torchere A,Medium-Flare,0.6397,bonne,191,587,389,1095,0.0,0.346,0.429,0.744,hsv
483,16.100,ambient,Dark-Smoke,0.8627,ambient_smoke,166,2,720,1101,0.0,0.064,0.692,0.62,hsv
483,16.100,Torchere A,Medium-Flare,0.3735,moyenne,190,801,346,1090,0.0,0.41,0.467,0.777,hsv
483,16.100,Torchere A,Dark-Flare,0.3009,moyenne,192,802,344,1088,0.0,0.426,0.45,0.781,hsv
484,16.133,ambient,Dark-Smoke,0.8696,ambient_smoke,159,2,720,1099,0.0,0.067,0.701,0.623,hsv
484,16.133,Torchere A,Medium-Flare,0.8776,moyenne,188,800,340,1090,0.0,0.428,0.445,0.786,hsv
484,16.133,Torchere A,Dark-Smoke,0.5000,moyenne,178,522,488,1096,0.0,0.233,0.616,0.702,hsv
485,16.167,ambient,Dark-Smoke,0.8558,ambient_smoke,164,2,720,1103,0.0,0.068,0.703,0.623,hsv
485,16.167,Torchere A,Medium-Flare,0.3423,moyenne,194,763,357,1091,0.0,0.357,0.451,0.753,hsv
485,16.167,Torchere A,Dark-Smoke,0.4507,moyenne,187,529,485,1096,0.0,0.246,0.594,0.707,hsv
486,16.200,ambient,Dark-Smoke,0.8555,ambient_smoke,167,1,720,1096,0.0,0.071,0.705,0.621,hsv
486,16.200,Torchere A,Medium-Flare,0.3824,moyenne,192,635,360,1094,0.0,0.394,0.368,0.765,hsv
486,16.200,Torchere A,Dark-Smoke,0.5676,moyenne,187,514,486,1090,0.0,0.249,0.592,0.706,hsv
487,16.233,Torchere A,Dark-Smoke,0.8949,mauvaise,164,1,720,1094,0.0,0.075,0.709,0.624,hsv
488,16.267,ambient,Dark-Smoke,0.8867,ambient_smoke,165,1,720,1097,0.0,0.078,0.71,0.624,hsv
488,16.267,Torchere A,Medium-Flare,0.4130,bonne,180,587,460,1096,0.0,0.323,0.519,0.741,hsv
489,16.300,ambient,Dark-Smoke,0.8826,ambient_smoke,159,1,720,1097,0.0,0.078,0.711,0.625,hsv
489,16.300,Torchere A,Medium-Flare,0.2937,bonne,178,610,366,1095,0.0,0.402,0.394,0.762,hsv
490,16.333,ambient,Dark-Smoke,0.8370,ambient_smoke,154,1,720,1088,0.0,0.079,0.71,0.626,hsv
490,16.333,Torchere A,Medium-Flare,0.3895,bonne,182,733,346,1090,0.0,0.37,0.411,0.761,hsv
491,16.367,ambient,Dark-Smoke,0.8542,ambient_smoke,164,1,720,1108,0.0,0.081,0.71,0.629,hsv
491,16.367,Torchere A,Medium-Flare,0.4671,bonne,185,644,359,1092,0.0,0.405,0.372,0.768,hsv
492,16.400,ambient,Dark-Smoke,0.8826,ambient_smoke,167,1,720,1104,0.0,0.084,0.701,0.627,hsv
492,16.400,Torchere A,Medium-Flare,0.2825,bonne,184,565,405,1097,0.0,0.388,0.436,0.76,hsv
493,16.433,Torchere A,Dark-Smoke,0.8838,mauvaise,168,1,720,1113,0.0,0.084,0.706,0.629,hsv
494,16.467,Torchere A,Dark-Smoke,0.9043,mauvaise,168,1,720,1117,0.0,0.084,0.703,0.629,hsv
495,16.500,Torchere A,Dark-Smoke,0.9162,mauvaise,168,1,720,1124,0.0,0.086,0.702,0.63,hsv
496,16.533,ambient,Dark-Smoke,0.9048,ambient_smoke,169,1,720,1124,0.0,0.089,0.699,0.63,hsv
496,16.533,Torchere A,Medium-Flare,0.4619,bonne,199,551,406,1129,0.0,0.404,0.401,0.77,hsv
497,16.567,Torchere A,Dark-Smoke,0.8570,mauvaise,171,3,720,1139,0.0,0.09,0.699,0.63,hsv
498,16.600,ambient,Dark-Smoke,0.8763,ambient_smoke,170,4,720,1150,0.0,0.094,0.698,0.625,hsv
498,16.600,Torchere A,Medium-Flare,0.7964,bonne,208,814,375,1139,0.0,0.419,0.455,0.781,hsv
499,16.633,ambient,Dark-Smoke,0.8772,ambient_smoke,168,1,720,1147,0.0,0.095,0.694,0.611,hsv
499,16.633,Torchere A,Medium-Flare,0.5379,bonne,210,807,381,1148,0.0,0.401,0.463,0.76,hsv
500,16.667,Torchere A,Dark-Smoke,0.8850,mauvaise,169,4,720,1164,0.0,0.096,0.694,0.612,hsv
501,16.700,Torchere A,Dark-Smoke,0.9091,mauvaise,169,2,720,1161,0.0,0.098,0.695,0.614,hsv
502,16.733,Torchere A,Dark-Smoke,0.8997,mauvaise,171,1,720,1150,0.0,0.101,0.697,0.613,hsv
503,16.767,ambient,Dark-Smoke,0.8823,ambient_smoke,171,1,720,1136,0.0,0.103,0.685,0.6,hsv
503,16.767,Torchere A,Medium-Flare,0.6786,bonne,208,612,491,1141,0.0,0.37,0.476,0.739,hsv
504,16.800,Torchere B,Dark-Smoke,0.8618,inactive,167,1,720,1150,0.0,0.104,0.679,0.588,hsv
504,16.800,Torchere A,Dark-Smoke,0.4594,mauvaise,191,506,523,1141,0.0,0.313,0.546,0.699,hsv
505,16.833,ambient,Dark-Smoke,0.9145,ambient_smoke,168,1,720,1140,0.0,0.106,0.675,0.588,hsv
505,16.833,Torchere A,Medium-Flare,0.6062,bonne,203,810,361,1135,0.0,0.482,0.427,0.763,hsv
506,16.867,ambient,Dark-Smoke,0.8841,ambient_smoke,166,1,720,1148,0.0,0.105,0.68,0.59,hsv
506,16.867,Torchere A,Medium-Flare,0.3530,bonne,189,570,426,1131,0.0,0.43,0.411,0.743,hsv
507,16.900,ambient,Dark-Smoke,0.9016,ambient_smoke,166,3,720,1170,0.0,0.107,0.685,0.592,hsv
507,16.900,Torchere A,Medium-Flare,0.7027,moyenne,195,805,361,1140,0.0,0.468,0.443,0.756,hsv
507,16.900,Torchere A,Dark-Smoke,0.5264,moyenne,173,481,516,1139,0.0,0.306,0.561,0.695,hsv
508,16.933,ambient,Dark-Smoke,0.8753,ambient_smoke,162,3,720,1160,0.0,0.108,0.687,0.594,hsv
508,16.933,Torchere A,Medium-Flare,0.4755,bonne,180,616,370,1129,0.0,0.475,0.352,0.756,hsv
509,16.967,ambient,Dark-Smoke,0.8594,ambient_smoke,163,1,720,1140,0.0,0.109,0.692,0.595,hsv
509,16.967,Torchere A,Medium-Flare,0.3397,bonne,186,534,371,1130,0.0,0.487,0.348,0.761,hsv
510,17.000,ambient,Dark-Smoke,0.8671,ambient_smoke,162,1,720,1136,0.0,0.11,0.689,0.595,hsv
510,17.000,Torchere A,Medium-Flare,0.5097,bonne,185,528,383,1129,0.0,0.477,0.357,0.759,hsv
511,17.033,Torchere A,Medium-Flare,0.5446,moyenne,179,526,433,1130,0.0,0.422,0.419,0.745,hsv
511,17.033,Torchere A,Dark-Flare,0.3062,moyenne,172,485,506,1127,0.0,0.325,0.525,0.71,hsv
511,17.033,Torchere A,Dark-Smoke,0.8599,moyenne,163,1,720,1140,0.0,0.11,0.693,0.597,hsv
512,17.067,Torchere A,Medium-Flare,0.4977,moyenne,180,578,368,1127,0.0,0.454,0.348,0.751,hsv
512,17.067,Torchere A,Dark-Flare,0.3052,moyenne,171,476,506,1123,0.0,0.322,0.525,0.708,hsv
512,17.067,Torchere A,Dark-Smoke,0.7909,moyenne,163,1,720,1132,0.0,0.111,0.693,0.597,hsv
513,17.100,ambient,Dark-Smoke,0.7772,ambient_smoke,162,2,720,1135,0.0,0.113,0.693,0.599,hsv
513,17.100,Torchere A,Medium-Flare,0.6330,bonne,178,564,372,1126,0.0,0.454,0.355,0.752,hsv
514,17.133,ambient,Dark-Smoke,0.8959,ambient_smoke,161,1,720,1134,0.0,0.115,0.681,0.584,hsv
514,17.133,Torchere A,Medium-Flare,0.5645,bonne,175,569,390,1129,0.0,0.43,0.392,0.73,hsv
515,17.167,ambient,Dark-Smoke,0.8765,ambient_smoke,154,1,720,1138,0.0,0.115,0.677,0.581,hsv
515,17.167,Torchere A,Medium-Flare,0.6136,bonne,168,612,404,1106,0.0,0.407,0.418,0.711,hsv
516,17.200,ambient,Dark-Smoke,0.8406,ambient_smoke,157,4,720,1116,0.0,0.12,0.662,0.566,hsv
516,17.200,Torchere A,Medium-Flare,0.8086,bonne,176,751,354,1114,0.0,0.457,0.436,0.719,hsv
517,17.233,ambient,Dark-Smoke,0.8887,ambient_smoke,157,1,720,1122,0.0,0.122,0.663,0.568,hsv
517,17.233,Torchere A,Medium-Flare,0.6108,bonne,173,680,373,1099,0.0,0.427,0.407,0.702,hsv
518,17.267,ambient,Dark-Smoke,0.8420,ambient_smoke,152,0,720,1127,0.0,0.124,0.667,0.57,hsv
518,17.267,Torchere A,Medium-Flare,0.4184,bonne,168,570,424,1101,0.0,0.414,0.423,0.7,hsv
519,17.300,ambient,Dark-Smoke,0.8283,ambient_smoke,145,0,720,1133,0.0,0.126,0.67,0.571,hsv
519,17.300,Torchere A,Medium-Flare,0.5367,bonne,169,614,382,1125,0.0,0.422,0.404,0.699,hsv
520,17.333,Torchere B,Dark-Smoke,0.7738,inactive,148,0,720,1136,0.0,0.127,0.667,0.572,hsv
521,17.367,ambient,Dark-Smoke,0.7560,ambient_smoke,155,0,720,1134,0.0,0.131,0.661,0.572,hsv
521,17.367,Torchere A,Medium-Flare,0.4485,bonne,177,830,301,1115,0.0,0.553,0.341,0.763,hsv
522,17.400,ambient,Dark-Smoke,0.7920,ambient_smoke,161,0,720,1128,0.0,0.133,0.66,0.574,hsv
522,17.400,Torchere A,Medium-Flare,0.4094,bonne,178,722,347,1117,0.0,0.492,0.388,0.734,hsv
523,17.433,ambient,Dark-Smoke,0.8616,ambient_smoke,157,0,720,1127,0.0,0.133,0.658,0.574,hsv
523,17.433,Torchere A,Medium-Flare,0.3412,bonne,174,739,314,1116,0.0,0.547,0.345,0.763,hsv
524,17.467,ambient,Dark-Smoke,0.9061,ambient_smoke,159,0,720,1129,0.0,0.135,0.657,0.575,hsv
524,17.467,Torchere A,Medium-Flare,0.3241,bonne,174,720,330,1123,0.0,0.517,0.361,0.748,hsv
525,17.500,Torchere A,Medium-Flare,0.5599,moyenne,165,354,486,843,0.0,0.418,0.353,0.685,hsv
525,17.500,Torchere A,Medium-Flare,0.3348,moyenne,177,639,380,1125,0.0,0.424,0.381,0.706,hsv
525,17.500,Torchere A,Dark-Smoke,0.8859,moyenne,163,0,720,1127,0.0,0.136,0.654,0.575,hsv
526,17.533,ambient,Dark-Smoke,0.8789,ambient_smoke,163,0,720,1134,0.0,0.136,0.654,0.575,hsv
526,17.533,Torchere A,Medium-Flare,0.5995,bonne,178,613,389,1127,0.0,0.415,0.389,0.702,hsv
527,17.567,ambient,Dark-Smoke,0.7539,ambient_smoke,161,2,720,1160,0.0,0.132,0.662,0.576,hsv
527,17.567,Torchere A,Medium-Flare,0.5668,bonne,187,667,394,1132,0.0,0.417,0.41,0.705,hsv
528,17.600,ambient,Dark-Smoke,0.8526,ambient_smoke,168,0,720,1147,0.0,0.134,0.646,0.574,hsv
528,17.600,Torchere A,Medium-Flare,0.6782,bonne,190,715,397,1143,0.0,0.422,0.444,0.714,hsv
529,17.633,ambient,Dark-Smoke,0.6176,ambient_smoke,168,0,720,1149,0.0,0.134,0.643,0.573,hsv
529,17.633,Torchere A,Medium-Flare,0.6237,bonne,194,723,398,1152,0.0,0.429,0.44,0.716,hsv
530,17.667,Torchere A,Medium-Flare,0.7996,moyenne,199,732,406,1156,0.0,0.425,0.45,0.717,hsv
530,17.667,Torchere A,Medium-Flare,0.4462,moyenne,187,319,534,879,0.0,0.332,0.444,0.647,hsv
530,17.667,Torchere A,Dark-Smoke,0.6711,moyenne,172,0,720,1165,0.0,0.131,0.641,0.572,hsv
531,17.700,Torchere A,Medium-Flare,0.8298,moyenne,213,734,421,1158,0.0,0.442,0.449,0.719,hsv
531,17.700,Torchere A,Dark-Smoke,0.5558,moyenne,192,300,589,1164,0.0,0.251,0.608,0.637,hsv
532,17.733,Torchere A,Medium-Flare,0.8693,moyenne,214,732,420,1159,0.0,0.444,0.45,0.721,hsv
532,17.733,Torchere A,Dark-Smoke,0.6316,moyenne,195,281,591,1165,0.0,0.247,0.605,0.633,hsv
533,17.767,Torchere A,Medium-Flare,0.8579,moyenne,215,739,423,1163,0.0,0.443,0.462,0.72,hsv
533,17.767,Torchere A,Dark-Smoke,0.6072,moyenne,194,268,599,1166,0.0,0.239,0.613,0.628,hsv
534,17.800,Torchere A,Medium-Flare,0.8882,moyenne,220,731,438,1162,0.0,0.426,0.475,0.711,hsv
534,17.800,Torchere A,Dark-Smoke,0.7482,moyenne,201,305,608,1167,0.0,0.248,0.613,0.635,hsv
535,17.833,Torchere A,Medium-Flare,0.8527,moyenne,236,734,445,1156,0.0,0.459,0.446,0.721,hsv
535,17.833,Torchere A,Dark-Smoke,0.8037,moyenne,228,283,683,1171,0.0,0.215,0.659,0.625,hsv
536,17.867,Torchere A,Medium-Flare,0.8789,moyenne,232,735,451,1177,0.0,0.426,0.485,0.711,hsv
536,17.867,Torchere A,Dark-Smoke,0.8273,moyenne,221,297,698,1179,0.0,0.206,0.674,0.626,hsv
537,17.900,Torchere A,Medium-Flare,0.8568,moyenne,226,735,447,1183,0.0,0.421,0.488,0.708,hsv
537,17.900,Torchere A,Dark-Smoke,0.8741,moyenne,210,293,720,1183,0.0,0.191,0.7,0.622,hsv
538,17.933,Torchere A,Medium-Flare,0.6690,moyenne,229,722,447,1190,0.0,0.41,0.474,0.704,hsv
538,17.933,Torchere A,Dark-Smoke,0.8169,moyenne,212,273,720,1190,0.0,0.184,0.705,0.618,hsv
539,17.967,Torchere A,Medium-Flare,0.7948,moyenne,240,732,452,1184,0.0,0.439,0.465,0.714,hsv
539,17.967,Torchere A,Dark-Smoke,0.8375,moyenne,229,271,720,1188,0.0,0.19,0.698,0.617,hsv
540,18.000,Torchere A,Medium-Flare,0.3107,moyenne,231,565,451,1127,0.0,0.454,0.351,0.707,hsv
540,18.000,Torchere A,Dark-Smoke,0.7783,moyenne,229,259,720,1189,0.0,0.185,0.699,0.612,hsv
541,18.033,Torchere A,Medium-Flare,0.7507,moyenne,236,694,446,1192,0.0,0.405,0.441,0.696,hsv
541,18.033,Torchere A,Medium-Flare,0.3896,moyenne,227,295,534,805,0.0,0.32,0.42,0.624,hsv
541,18.033,Torchere A,Dark-Smoke,0.8594,moyenne,227,264,720,1195,0.0,0.183,0.704,0.612,hsv
542,18.067,Torchere A,Medium-Flare,0.7866,moyenne,237,707,446,1193,0.0,0.411,0.45,0.702,hsv
542,18.067,Torchere A,Medium-Flare,0.3159,moyenne,230,296,563,790,0.0,0.29,0.464,0.605,hsv
542,18.067,Torchere A,Dark-Smoke,0.8708,moyenne,227,279,720,1197,0.0,0.184,0.71,0.613,hsv
543,18.100,Torchere A,Medium-Flare,0.7809,moyenne,232,701,433,1196,0.0,0.421,0.434,0.706,hsv
543,18.100,Torchere A,Dark-Smoke,0.7742,moyenne,221,262,720,1204,0.0,0.176,0.715,0.609,hsv
544,18.133,Torchere A,Medium-Flare,0.7485,moyenne,229,675,438,1195,0.0,0.41,0.433,0.697,hsv
544,18.133,Torchere A,Dark-Smoke,0.8292,moyenne,215,237,720,1206,0.0,0.172,0.72,0.605,hsv
545,18.167,ambient,Dark-Smoke,0.6634,ambient_smoke,216,4,720,1208,0.0,0.14,0.648,0.563,hsv
545,18.167,Torchere A,Medium-Flare,0.4901,bonne,232,650,441,1191,0.0,0.416,0.426,0.696,hsv
546,18.200,ambient,Dark-Smoke,0.8305,ambient_smoke,200,6,720,1210,0.0,0.134,0.659,0.565,hsv
546,18.200,Torchere A,Medium-Flare,0.6265,bonne,221,654,437,1189,0.0,0.405,0.443,0.689,hsv
547,18.233,Torchere A,Medium-Flare,0.8095,moyenne,207,705,431,1192,0.0,0.408,0.489,0.697,hsv
547,18.233,Torchere A,Dark-Smoke,0.7542,moyenne,190,205,720,1201,0.0,0.155,0.737,0.599,hsv
548,18.267,ambient,Dark-Smoke,0.7497,ambient_smoke,191,6,720,1209,0.0,0.129,0.677,0.565,hsv
548,18.267,Torchere A,Medium-Flare,0.6357,bonne,211,670,433,1195,0.0,0.397,0.469,0.688,hsv
549,18.300,Torchere A,Medium-Flare,0.5983,moyenne,211,646,433,1192,0.0,0.402,0.461,0.687,hsv
549,18.300,Torchere A,Dark-Smoke,0.8829,moyenne,191,273,720,1206,0.0,0.168,0.746,0.611,hsv
550,18.333,ambient,Dark-Smoke,0.8533,ambient_smoke,182,8,720,1207,0.0,0.127,0.685,0.566,hsv
550,18.333,Torchere A,Medium-Flare,0.6729,bonne,203,681,432,1197,0.0,0.399,0.493,0.688,hsv
551,18.367,ambient,Dark-Smoke,0.8932,ambient_smoke,182,5,720,1206,0.0,0.124,0.689,0.564,hsv
551,18.367,Torchere A,Medium-Flare,0.7740,bonne,204,666,430,1194,0.0,0.404,0.481,0.687,hsv
552,18.400,ambient,Dark-Smoke,0.8624,ambient_smoke,192,5,720,1200,0.0,0.127,0.69,0.563,hsv
552,18.400,Torchere A,Medium-Flare,0.7588,bonne,216,666,442,1193,0.0,0.402,0.488,0.687,hsv
553,18.433,ambient,Dark-Smoke,0.8361,ambient_smoke,185,0,720,1175,0.0,0.126,0.688,0.56,hsv
553,18.433,Torchere A,Medium-Flare,0.8284,bonne,213,666,438,1191,0.0,0.407,0.483,0.69,hsv
554,18.467,ambient,Dark-Smoke,0.8846,ambient_smoke,185,0,720,1179,0.0,0.123,0.689,0.56,hsv
554,18.467,Torchere A,Medium-Flare,0.8363,bonne,205,668,432,1183,0.0,0.415,0.481,0.693,hsv
555,18.500,ambient,Dark-Smoke,0.8814,ambient_smoke,188,9,720,1195,0.0,0.119,0.697,0.56,hsv
555,18.500,Torchere A,Medium-Flare,0.8028,bonne,214,653,438,1192,0.0,0.4,0.482,0.69,hsv
556,18.533,ambient,Dark-Smoke,0.8693,ambient_smoke,198,8,720,1197,0.0,0.12,0.69,0.557,hsv
556,18.533,Torchere A,Medium-Flare,0.8161,bonne,222,649,451,1191,0.0,0.398,0.493,0.687,hsv
557,18.567,ambient,Dark-Smoke,0.8135,ambient_smoke,184,0,720,1166,0.0,0.116,0.69,0.554,hsv
557,18.567,Torchere A,Medium-Flare,0.7668,bonne,210,641,445,1193,0.0,0.384,0.507,0.683,hsv
558,18.600,ambient,Dark-Smoke,0.8597,ambient_smoke,188,6,720,1200,0.0,0.112,0.698,0.554,hsv
558,18.600,Torchere A,Medium-Flare,0.7814,bonne,209,665,442,1195,0.0,0.399,0.506,0.695,hsv
559,18.633,ambient,Dark-Smoke,0.8183,ambient_smoke,206,0,720,1196,0.0,0.112,0.687,0.549,hsv
559,18.633,Torchere A,Medium-Flare,0.8182,bonne,218,659,460,1194,0.0,0.386,0.523,0.69,hsv
560,18.667,ambient,Dark-Smoke,0.7883,ambient_smoke,204,0,720,1184,0.0,0.108,0.688,0.546,hsv
560,18.667,Torchere A,Medium-Flare,0.8192,bonne,219,652,464,1193,0.0,0.375,0.528,0.687,hsv
561,18.700,ambient,Dark-Smoke,0.8182,ambient_smoke,184,4,720,1190,0.0,0.099,0.697,0.548,hsv
561,18.700,Torchere A,Medium-Flare,0.6421,bonne,203,666,437,1197,0.0,0.393,0.504,0.7,hsv
562,18.733,ambient,Dark-Smoke,0.8904,ambient_smoke,181,5,720,1199,0.0,0.097,0.703,0.547,hsv
562,18.733,Torchere A,Medium-Flare,0.7590,bonne,203,739,400,1202,0.0,0.454,0.432,0.728,hsv
563,18.767,Torchere A,Medium-Flare,0.7523,moyenne,203,741,394,1207,0.0,0.463,0.422,0.744,hsv
563,18.767,Torchere A,Medium-Flare,0.4663,moyenne,199,479,437,993,0.0,0.352,0.485,0.647,hsv
563,18.767,Torchere A,Dark-Smoke,0.9213,moyenne,179,4,720,1205,0.0,0.095,0.718,0.564,hsv
564,18.800,Torchere A,Medium-Flare,0.8051,moyenne,201,740,406,1209,0.0,0.439,0.439,0.736,hsv
564,18.800,Torchere A,Medium-Flare,0.3915,moyenne,200,459,434,939,0.0,0.324,0.491,0.633,hsv
564,18.800,Torchere A,Dark-Smoke,0.8902,moyenne,176,4,720,1208,0.0,0.092,0.724,0.564,hsv
565,18.833,Torchere A,Medium-Flare,0.7253,moyenne,203,730,417,1211,0.0,0.414,0.459,0.735,hsv
565,18.833,Torchere A,Medium-Flare,0.6687,moyenne,201,463,434,925,0.0,0.318,0.49,0.639,hsv
565,18.833,Torchere A,Dark-Smoke,0.8730,moyenne,186,6,720,1213,0.0,0.09,0.733,0.57,hsv
566,18.867,Torchere A,Medium-Flare,0.6900,moyenne,205,801,368,1210,0.0,0.468,0.362,0.765,hsv
566,18.867,Torchere A,Medium-Flare,0.6695,moyenne,207,450,439,935,0.0,0.318,0.483,0.637,hsv
566,18.867,Torchere A,Dark-Smoke,0.8301,moyenne,185,4,720,1219,0.0,0.088,0.736,0.57,hsv
567,18.900,Torchere A,Medium-Flare,0.7549,moyenne,204,675,416,1218,0.0,0.425,0.453,0.735,hsv
567,18.900,Torchere A,Medium-Flare,0.3007,moyenne,204,430,440,1006,0.0,0.333,0.49,0.643,hsv
567,18.900,Torchere A,Dark-Smoke,0.8408,moyenne,185,3,720,1212,0.0,0.089,0.738,0.57,hsv
568,18.933,Torchere A,Medium-Flare,0.8196,moyenne,200,714,438,1207,0.0,0.381,0.509,0.718,hsv
568,18.933,Torchere A,Medium-Flare,0.6271,moyenne,204,558,438,928,0.0,0.373,0.441,0.662,hsv
568,18.933,Torchere A,Dark-Smoke,0.8412,moyenne,188,113,720,1217,0.0,0.098,0.786,0.583,hsv
569,18.967,ambient,Dark-Smoke,0.8925,ambient_smoke,180,6,720,1184,0.0,0.088,0.732,0.567,hsv
569,18.967,Torchere A,Medium-Flare,0.6519,bonne,201,698,423,1200,0.0,0.407,0.467,0.727,hsv
570,19.000,ambient,Dark-Smoke,0.8959,ambient_smoke,182,6,720,1190,0.0,0.089,0.732,0.568,hsv
570,19.000,Torchere A,Medium-Flare,0.7335,bonne,200,640,451,1191,0.0,0.37,0.519,0.708,hsv
571,19.033,ambient,Dark-Smoke,0.8370,ambient_smoke,183,8,720,1201,0.0,0.087,0.731,0.569,hsv
571,19.033,Torchere A,Medium-Flare,0.7205,bonne,206,653,439,1191,0.0,0.39,0.492,0.713,hsv
572,19.067,Torchere A,Medium-Flare,0.4834,moyenne,212,799,393,1188,0.0,0.428,0.428,0.736,hsv
572,19.067,Torchere A,Medium-Flare,0.4270,moyenne,214,577,439,1099,0.0,0.432,0.404,0.718,hsv
572,19.067,Torchere A,Dark-Smoke,0.8600,moyenne,192,5,720,1189,0.0,0.088,0.729,0.577,hsv
573,19.100,Torchere A,Medium-Flare,0.7384,moyenne,205,575,445,1112,0.0,0.4,0.455,0.712,hsv
573,19.100,Torchere A,Dark-Smoke,0.8216,moyenne,176,0,720,1213,0.0,0.081,0.736,0.581,hsv
574,19.133,Torchere A,Medium-Flare,0.6706,moyenne,206,543,444,1110,0.0,0.378,0.458,0.708,hsv
574,19.133,Torchere A,Medium-Flare,0.3192,moyenne,212,733,383,1185,0.0,0.458,0.377,0.752,hsv
574,19.133,Torchere A,Dark-Smoke,0.8494,moyenne,187,0,720,1169,0.0,0.085,0.725,0.588,hsv
575,19.167,Torchere B,Medium-Flare,0.5764,inactive,279,401,443,815,0.0,0.34,0.358,0.625,hsv
575,19.167,Torchere B,Dark-Smoke,0.7627,inactive,189,5,720,1184,0.0,0.084,0.729,0.591,hsv
576,19.200,Torchere A,Medium-Flare,0.5836,bonne,200,730,419,1159,0.0,0.363,0.481,0.715,hsv
576,19.200,Torchere B,Medium-Flare,0.7150,inactive,290,495,423,744,0.0,0.549,0.155,0.748,hsv
576,19.200,Torchere B,Dark-Smoke,0.8723,inactive,175,0,720,1160,0.0,0.083,0.73,0.591,hsv
577,19.233,Torchere B,Medium-Flare,0.7869,inactive,199,633,438,1160,0.0,0.354,0.507,0.717,hsv
577,19.233,Torchere B,Medium-Flare,0.7288,inactive,213,379,429,752,0.0,0.27,0.502,0.615,hsv
577,19.233,Torchere B,Dark-Smoke,0.8659,inactive,181,0,720,1152,0.0,0.084,0.731,0.592,hsv
578,19.267,Torchere B,Medium-Flare,0.7911,inactive,200,628,445,1160,0.0,0.344,0.522,0.714,hsv
578,19.267,Torchere B,Medium-Flare,0.3697,inactive,211,373,432,806,0.0,0.252,0.478,0.614,hsv
578,19.267,Torchere B,Dark-Smoke,0.8271,inactive,183,0,720,1143,0.0,0.086,0.733,0.592,hsv
579,19.300,ambient,Dark-Smoke,0.6657,ambient_smoke,182,4,720,1182,0.0,0.083,0.745,0.597,hsv
579,19.300,Torchere A,Medium-Flare,0.6902,bonne,199,598,458,1160,0.0,0.317,0.553,0.708,hsv
580,19.333,Torchere B,Medium-Flare,0.5836,moyenne,202,638,378,1161,0.0,0.433,0.407,0.746,hsv
580,19.333,Torchere B,Medium-Flare,0.5595,moyenne,200,361,449,808,0.0,0.225,0.52,0.612,hsv
580,19.333,Torchere B,Dark-Smoke,0.6907,moyenne,179,0,720,1171,0.0,0.082,0.74,0.596,hsv
581,19.367,Torchere B,Medium-Flare,0.6854,moyenne,202,394,447,809,0.0,0.25,0.509,0.627,hsv
581,19.367,Torchere B,Medium-Flare,0.5735,moyenne,199,593,408,1161,0.0,0.38,0.466,0.728,hsv
581,19.367,Torchere B,Dark-Smoke,0.7298,moyenne,181,3,720,1185,0.0,0.082,0.749,0.599,hsv
582,19.400,ambient,Dark-Smoke,0.8406,ambient_smoke,177,2,720,1182,0.0,0.082,0.754,0.599,hsv
582,19.400,Torchere A,Medium-Flare,0.2865,bonne,198,639,371,1161,0.0,0.436,0.403,0.749,hsv
583,19.433,Torchere B,Dark-Smoke,0.7341,mauvaise,175,0,720,1173,0.0,0.083,0.757,0.6,hsv
584,19.467,Torchere B,Dark-Smoke,0.8458,mauvaise,193,0,720,1171,0.0,0.088,0.756,0.599,hsv
585,19.500,Torchere B,Dark-Smoke,0.7628,mauvaise,200,0,720,1134,0.0,0.092,0.753,0.599,hsv
586,19.533,ambient,Dark-Smoke,0.6042,ambient_smoke,184,1,720,1053,0.0,0.091,0.755,0.596,hsv
586,19.533,Torchere A,Medium-Flare,0.4354,moyenne,211,566,396,1130,0.0,0.411,0.426,0.747,hsv
586,19.533,Torchere A,Dark-Smoke,0.6055,moyenne,202,269,544,1130,0.0,0.182,0.687,0.631,hsv
587,19.567,Torchere A,Medium-Flare,0.5203,moyenne,213,657,384,1134,0.0,0.42,0.39,0.751,hsv
587,19.567,Torchere A,Dark-Smoke,0.5580,moyenne,202,271,519,1129,0.0,0.198,0.659,0.636,hsv
588,19.600,ambient,Dark-Smoke,0.6621,ambient_smoke,192,0,720,1133,0.0,0.092,0.765,0.602,hsv
588,19.600,Torchere A,Medium-Flare,0.4265,moyenne,212,566,400,1131,0.0,0.421,0.419,0.752,hsv
588,19.600,Torchere A,Dark-Smoke,0.4502,moyenne,202,265,512,1133,0.0,0.205,0.651,0.638,hsv
589,19.633,Torchere B,Medium-Flare,0.7087,moyenne,195,328,452,782,0.0,0.225,0.565,0.625,hsv
589,19.633,Torchere B,Medium-Flare,0.4662,moyenne,208,559,389,1132,0.0,0.435,0.398,0.76,hsv
589,19.633,Torchere B,Dark-Smoke,0.6362,moyenne,185,0,720,1142,0.0,0.091,0.766,0.603,hsv
589,19.633,Torchere B,Dark-Smoke,0.4649,moyenne,198,270,503,1138,0.0,0.209,0.644,0.64,hsv
590,19.667,Torchere B,Medium-Flare,0.6274,moyenne,189,331,459,802,0.0,0.226,0.575,0.632,hsv
590,19.667,Torchere B,Medium-Flare,0.3767,moyenne,207,514,468,1107,0.0,0.33,0.528,0.716,hsv
590,19.667,Torchere B,Dark-Smoke,0.7130,moyenne,165,1,720,1088,0.0,0.091,0.767,0.603,hsv
590,19.667,Torchere B,Dark-Smoke,0.5232,moyenne,197,277,525,1136,0.0,0.197,0.669,0.64,hsv
591,19.700,ambient,Dark-Smoke,0.7546,ambient_smoke,183,1,720,1137,0.0,0.09,0.771,0.605,hsv
591,19.700,Torchere A,Medium-Flare,0.7726,bonne,214,724,394,1135,0.0,0.46,0.411,0.764,hsv
592,19.733,ambient,Dark-Smoke,0.7578,ambient_smoke,181,0,720,1144,0.0,0.09,0.771,0.605,hsv
592,19.733,Torchere A,Medium-Flare,0.8145,bonne,204,729,389,1145,0.0,0.451,0.419,0.763,hsv
593,19.767,ambient,Dark-Smoke,0.7782,ambient_smoke,179,0,720,1143,0.0,0.09,0.776,0.606,hsv
593,19.767,Torchere A,Medium-Flare,0.6533,bonne,200,739,380,1144,0.0,0.477,0.402,0.774,hsv
594,19.800,ambient,Dark-Smoke,0.6872,ambient_smoke,187,13,720,1153,0.0,0.092,0.771,0.598,hsv
594,19.800,Torchere A,Medium-Flare,0.8204,bonne,205,734,393,1145,0.0,0.457,0.431,0.76,hsv
595,19.833,ambient,Dark-Smoke,0.7061,ambient_smoke,182,1,720,1135,0.0,0.093,0.766,0.596,hsv
595,19.833,Torchere A,Medium-Flare,0.6849,bonne,210,712,393,1148,0.0,0.451,0.406,0.757,hsv
596,19.867,ambient,Dark-Smoke,0.8358,ambient_smoke,178,6,720,1160,0.0,0.095,0.751,0.578,hsv
596,19.867,Torchere A,Medium-Flare,0.8595,bonne,203,704,395,1147,0.0,0.443,0.426,0.734,hsv
597,19.900,Torchere A,Medium-Flare,0.7634,bonne,198,640,392,1139,0.0,0.427,0.41,0.723,hsv
597,19.900,Torchere B,Light-Flare,0.3837,moyenne,310,433,445,619,0.0,0.566,0.049,0.784,hsv
597,19.900,Torchere B,Dark-Smoke,0.8653,moyenne,176,5,720,1152,0.0,0.096,0.75,0.578,hsv
598,19.933,ambient,Dark-Smoke,0.7833,ambient_smoke,187,1,720,1139,0.0,0.101,0.74,0.578,hsv
598,19.933,Torchere A,Medium-Flare,0.7914,bonne,206,617,402,1138,0.0,0.424,0.408,0.722,hsv
599,19.967,ambient,Dark-Smoke,0.7598,ambient_smoke,192,1,720,1141,0.0,0.105,0.733,0.578,hsv
599,19.967,Torchere A,Medium-Flare,0.7142,bonne,211,611,404,1129,0.0,0.443,0.383,0.728,hsv
600,20.000,ambient,Dark-Smoke,0.7982,ambient_smoke,190,1,720,1136,0.0,0.105,0.73,0.579,hsv
600,20.000,Torchere A,Medium-Flare,0.6543,bonne,211,588,403,1129,0.0,0.436,0.383,0.729,hsv
601,20.033,ambient,Dark-Smoke,0.6918,ambient_smoke,207,0,720,1140,0.0,0.107,0.713,0.58,hsv
601,20.033,Torchere A,Medium-Flare,0.6888,bonne,222,601,418,1128,0.0,0.411,0.402,0.722,hsv
602,20.067,ambient,Dark-Smoke,0.7801,ambient_smoke,220,0,720,1136,0.0,0.112,0.703,0.578,hsv
602,20.067,Torchere A,Medium-Flare,0.8291,bonne,230,637,424,1127,0.0,0.417,0.401,0.725,hsv
603,20.100,ambient,Dark-Smoke,0.7788,ambient_smoke,214,0,720,1139,0.0,0.113,0.704,0.58,hsv
603,20.100,Torchere A,Medium-Flare,0.7168,bonne,229,617,426,1127,0.0,0.423,0.403,0.724,hsv
604,20.133,ambient,Dark-Smoke,0.7380,ambient_smoke,222,0,720,1136,0.0,0.117,0.703,0.581,hsv
604,20.133,Torchere A,Medium-Flare,0.7608,bonne,229,594,421,1126,0.0,0.441,0.386,0.729,hsv
605,20.167,ambient,Dark-Smoke,0.7367,ambient_smoke,225,0,720,1133,0.0,0.121,0.705,0.582,hsv
605,20.167,Torchere A,Medium-Flare,0.6846,bonne,233,609,425,1124,0.0,0.45,0.39,0.733,hsv
606,20.200,ambient,Dark-Smoke,0.7602,ambient_smoke,235,0,720,1130,0.0,0.125,0.699,0.582,hsv
606,20.200,Torchere A,Medium-Flare,0.4924,bonne,246,550,442,1126,0.0,0.459,0.386,0.735,hsv
607,20.233,ambient,Dark-Smoke,0.8447,ambient_smoke,235,0,720,1128,0.0,0.126,0.695,0.582,hsv
607,20.233,Torchere A,Medium-Flare,0.7606,bonne,245,584,439,1115,0.0,0.452,0.386,0.728,hsv
608,20.267,ambient,Dark-Smoke,0.8315,ambient_smoke,210,0,720,1086,0.0,0.124,0.704,0.584,hsv
608,20.267,Torchere A,Medium-Flare,0.7741,bonne,219,595,421,1104,0.0,0.429,0.414,0.722,hsv
609,20.300,ambient,Dark-Smoke,0.6503,ambient_smoke,195,2,720,1124,0.0,0.117,0.727,0.589,hsv
609,20.300,Torchere A,Medium-Flare,0.6427,bonne,212,560,411,1111,0.0,0.446,0.396,0.729,hsv
610,20.333,ambient,Dark-Smoke,0.6595,ambient_smoke,216,0,720,1121,0.0,0.124,0.715,0.591,hsv
610,20.333,Torchere A,Medium-Flare,0.6925,bonne,230,578,425,1111,0.0,0.455,0.393,0.736,hsv
